week,venue,size_bucket,project_contract_address,swap_count,total_volume_usd,total_eth_volume,tvl_usd,fee_tier,vwap_price
2025-07-14 00:00:00,curve_usdcwbtcweth,0.5k-1k,0x7f86bf177dd4f3494b841a37e810a34dd56c829b,104,77741.36188788745,18.85393902315538,375588.4285714286,,4123.348537003846
2025-07-14 00:00:00,curve_usdcwbtcweth,100k+,0x7f86bf177dd4f3494b841a37e810a34dd56c829b,4,727262.4685390661,197.99344146946692,375588.4285714286,,3673.164439899991
2025-07-14 00:00:00,curve_usdcwbtcweth,10k-100k,0x7f86bf177dd4f3494b841a37e810a34dd56c829b,471,8054658.118910768,2112.02351960719,375588.4285714286,,3813.7161088096377
2025-07-14 00:00:00,curve_usdcwbtcweth,1k-10k,0x7f86bf177dd4f3494b841a37e810a34dd56c829b,2026,10121506.590298047,2544.1494244590504,375588.4285714286,,3978.3459623053122
2025-07-14 00:00:00,curve_usdt,0.5k-1k,0xf5f5b97624542d72a9e06f04804bf81baa15e2b4,4,3155.8251288510683,0.9311117331336893,25956544.0,,3389.308733367614
2025-07-14 00:00:00,curve_usdt,10k-100k,0xf5f5b97624542d72a9e06f04804bf81baa15e2b4,64,836419.3470371357,231.9983833136427,25956544.0,,3605.28092950702
2025-07-14 00:00:00,curve_usdt,1k-10k,0xf5f5b97624542d72a9e06f04804bf81baa15e2b4,269,1515845.3948172901,405.6436025869077,25956544.0,,3736.8896862918614
2025-07-14 00:00:00,curve_usdtwbtcweth,0.5k-1k,0xd51a44d3fae010294c616388b506acda1bfaae46,81,58426.20895443611,13.671768881340553,18321615.0,,4273.493025044998
2025-07-14 00:00:00,curve_usdtwbtcweth,100k+,0xd51a44d3fae010294c616388b506acda1bfaae46,3,805528.7017546487,219.01971298909658,18321615.0,,3677.8821904252527
2025-07-14 00:00:00,curve_usdtwbtcweth,10k-100k,0xd51a44d3fae010294c616388b506acda1bfaae46,607,10834531.762719119,2754.988538582721,18321615.0,,3932.695766601209
2025-07-14 00:00:00,curve_usdtwbtcweth,1k-10k,0xd51a44d3fae010294c616388b506acda1bfaae46,1709,8938597.262252793,2274.364462456554,18321615.0,,3930.1516576627137
2025-07-14 00:00:00,sushiv2_ethusdt,0.5k-1k,0x06da0fd433c1a5d7a4faa01111c044910a184553,237,175557.10101171065,50.416470921437046,2005272.142857143,,3482.1378371619403
2025-07-14 00:00:00,sushiv2_ethusdt,1k-10k,0x06da0fd433c1a5d7a4faa01111c044910a184553,197,356271.6401684872,101.27978057246278,2005272.142857143,,3517.6975913132537
2025-07-14 00:00:00,sushiv2_usdceth,0.5k-1k,0x397ff1542f962076d0bfe58ea045ffa2d347aca0,259,192054.97172172237,55.167139854544814,2951755.1428571427,,3481.329143183782
2025-07-14 00:00:00,sushiv2_usdceth,1k-10k,0x397ff1542f962076d0bfe58ea045ffa2d347aca0,289,526227.1691663247,150.56973637407043,2951755.1428571427,,3494.9066249208504
2025-07-14 00:00:00,uniswap_v3_0.01_ethusdc,0.5k-1k,0xe0554a476a092703abdb3ef35c80e0d76d32939f,5405,4003883.559372846,1146.0460856914804,6658764.285714285,0.01%,3493.649696431759
2025-07-14 00:00:00,uniswap_v3_0.01_ethusdc,100k+,0xe0554a476a092703abdb3ef35c80e0d76d32939f,1039,321912213.2356747,92296.5291979868,6658764.285714285,0.01%,3487.804103068009
2025-07-14 00:00:00,uniswap_v3_0.01_ethusdc,10k-100k,0xe0554a476a092703abdb3ef35c80e0d76d32939f,9309,183811558.54918733,52725.911246052616,6658764.285714285,0.01%,3486.171299940285
2025-07-14 00:00:00,uniswap_v3_0.01_ethusdc,1k-10k,0xe0554a476a092703abdb3ef35c80e0d76d32939f,19863,87082734.60827038,24893.595280681642,6658764.285714285,0.01%,3498.198376987748
2025-07-14 00:00:00,uniswap_v3_0.01_ethusdt,0.5k-1k,0xc7bbec68d12a0d1830360f8ec58fa599ba1b0e9b,5110,3777847.0472024977,1085.5554364339403,8354067.142857143,0.01%,3480.1051336565183
2025-07-14 00:00:00,uniswap_v3_0.01_ethusdt,100k+,0xc7bbec68d12a0d1830360f8ec58fa599ba1b0e9b,1401,471792288.5098355,136209.82439001085,8354067.142857143,0.01%,3463.7170308578347
2025-07-14 00:00:00,uniswap_v3_0.01_ethusdt,10k-100k,0xc7bbec68d12a0d1830360f8ec58fa599ba1b0e9b,11382,240918690.61733642,69257.99774295738,8354067.142857143,0.01%,3478.568518707064
2025-07-14 00:00:00,uniswap_v3_0.01_ethusdt,1k-10k,0xc7bbec68d12a0d1830360f8ec58fa599ba1b0e9b,19570,85719535.8158298,24553.23598106915,8354067.142857143,0.01%,3491.1706091172923
2025-07-14 00:00:00,uniswap_v3_0.05_ethusdc,0.5k-1k,0x88e6a0c2ddd26feeb64f039a2c41296fcb3f5640,2254,1631774.900692279,468.27898634851226,94153494.71428572,0.05%,3484.621237045742
2025-07-14 00:00:00,uniswap_v3_0.05_ethusdc,100k+,0x88e6a0c2ddd26feeb64f039a2c41296fcb3f5640,1080,216367140.50678265,60494.17919550375,94153494.71428572,0.05%,3576.66048840058
2025-07-14 00:00:00,uniswap_v3_0.05_ethusdc,10k-100k,0x88e6a0c2ddd26feeb64f039a2c41296fcb3f5640,10390,369532331.14752096,105172.39800876842,94153494.71428572,0.05%,3513.586626756503
2025-07-14 00:00:00,uniswap_v3_0.05_ethusdc,1k-10k,0x88e6a0c2ddd26feeb64f039a2c41296fcb3f5640,6025,24097684.010187503,6904.895865995218,94153494.71428572,0.05%,3489.9416990286863
2025-07-14 00:00:00,uniswap_v3_0.05_ethusdt,0.5k-1k,0x11b815efb8f581194ae79006d24e0d814b7697f6,1034,780350.667851876,223.7317492435278,20581401.14285714,0.05%,3487.8852486978903
2025-07-14 00:00:00,uniswap_v3_0.05_ethusdt,100k+,0x11b815efb8f581194ae79006d24e0d814b7697f6,945,176176898.15434834,50065.73851006808,20581401.14285714,0.05%,3518.911403232765
2025-07-14 00:00:00,uniswap_v3_0.05_ethusdt,10k-100k,0x11b815efb8f581194ae79006d24e0d814b7697f6,9525,344712404.527876,98650.51454154021,20581401.14285714,0.05%,3494.2788299672065
2025-07-14 00:00:00,uniswap_v3_0.05_ethusdt,1k-10k,0x11b815efb8f581194ae79006d24e0d814b7697f6,3430,14624239.267635947,4183.408254106473,20581401.14285714,0.05%,3495.771480892561
2025-07-14 00:00:00,uniswap_v3_0.3_ethusdc,0.5k-1k,0x8ad599c3a0ff1de082011efddc58f1908eb6e6d8,86,64016.46857198067,18.438148702348087,29615447.42857143,0.3%,3471.9574945085574
2025-07-14 00:00:00,uniswap_v3_0.3_ethusdc,100k+,0x8ad599c3a0ff1de082011efddc58f1908eb6e6d8,51,8352137.139094714,2407.7418364623513,29615447.42857143,0.3%,3468.8673896061664
2025-07-14 00:00:00,uniswap_v3_0.3_ethusdc,10k-100k,0x8ad599c3a0ff1de082011efddc58f1908eb6e6d8,1310,38142902.25500736,10935.345721977725,29615447.42857143,0.3%,3488.038076230934
2025-07-14 00:00:00,uniswap_v3_0.3_ethusdc,1k-10k,0x8ad599c3a0ff1de082011efddc58f1908eb6e6d8,439,2413345.042814476,689.4953889356217,29615447.42857143,0.3%,3500.1612505922217
2025-07-14 00:00:00,uniswap_v3_0.3_ethusdt,0.5k-1k,0x4e68ccd3e89f51c3074ca5072bbac773960dfa36,285,194833.01709768813,56.34649291058758,51388297.428571425,0.3%,3457.7665269576833
2025-07-14 00:00:00,uniswap_v3_0.3_ethusdt,100k+,0x4e68ccd3e89f51c3074ca5072bbac773960dfa36,474,105745736.04681063,30003.104265821836,51388297.428571425,0.3%,3524.493169437515
2025-07-14 00:00:00,uniswap_v3_0.3_ethusdt,10k-100k,0x4e68ccd3e89f51c3074ca5072bbac773960dfa36,1615,70651560.87800883,20131.551114716807,51388297.428571425,0.3%,3509.4941505207853
2025-07-14 00:00:00,uniswap_v3_0.3_ethusdt,1k-10k,0x4e68ccd3e89f51c3074ca5072bbac773960dfa36,359,1354898.5519909516,391.0776202285387,51388297.428571425,0.3%,3464.5259199418606
2025-07-14 00:00:00,uniswap_v3_1.0_ethusdc,0.5k-1k,0x7bea39867e4169dbe237d55c8242a8f2fcdcc387,44,34329.76247296146,9.774047430764188,523501.5714285714,1%,3512.338436675396
2025-07-14 00:00:00,uniswap_v3_1.0_ethusdc,1k-10k,0x7bea39867e4169dbe237d55c8242a8f2fcdcc387,69,128638.40145397655,37.534121817647694,523501.5714285714,1%,3427.23887557411
2025-07-21 00:00:00,curve_usdcwbtcweth,0.5k-1k,0x7f86bf177dd4f3494b841a37e810a34dd56c829b,363,278397.81846511015,66.57627395132464,388860.0,,4181.637119984409
2025-07-21 00:00:00,curve_usdcwbtcweth,100k+,0x7f86bf177dd4f3494b841a37e810a34dd56c829b,4,480656.8093623492,129.55944082595914,388860.0,,3709.932725072726
2025-07-21 00:00:00,curve_usdcwbtcweth,10k-100k,0x7f86bf177dd4f3494b841a37e810a34dd56c829b,575,10292939.982336298,2421.1904947213384,388860.0,,4251.189654336116
2025-07-21 00:00:00,curve_usdcwbtcweth,1k-10k,0x7f86bf177dd4f3494b841a37e810a34dd56c829b,5610,22118338.14749153,5089.875117925093,388860.0,,4345.556155120001
2025-07-21 00:00:00,curve_usdt,0.5k-1k,0xf5f5b97624542d72a9e06f04804bf81baa15e2b4,44,36356.767172924425,8.391476015002903,26907623.42857143,,4332.583100746889
2025-07-21 00:00:00,curve_usdt,10k-100k,0xf5f5b97624542d72a9e06f04804bf81baa15e2b4,290,5813774.30138358,1419.8871429283074,26907623.42857143,,4094.5326748952243
2025-07-21 00:00:00,curve_usdt,1k-10k,0xf5f5b97624542d72a9e06f04804bf81baa15e2b4,1113,5552799.332299722,1293.5663710008441,26907623.42857143,,4292.628083708972
2025-07-21 00:00:00,curve_usdtwbtcweth,0.5k-1k,0xd51a44d3fae010294c616388b506acda1bfaae46,151,115688.42801362573,25.556038404388655,18868788.42857143,,4526.852956746181
2025-07-21 00:00:00,curve_usdtwbtcweth,10k-100k,0xd51a44d3fae010294c616388b506acda1bfaae46,269,4407957.038697619,1063.4021886798566,18868788.42857143,,4145.145727196411
2025-07-21 00:00:00,curve_usdtwbtcweth,1k-10k,0xd51a44d3fae010294c616388b506acda1bfaae46,4261,15753469.51403511,3816.2945762998747,18868788.42857143,,4127.949035136862
2025-07-21 00:00:00,sushiv2_ethusdt,0.5k-1k,0x06da0fd433c1a5d7a4faa01111c044910a184553,388,272693.66904138203,74.03178445426965,2105099.5714285714,,3683.4674599776567
2025-07-21 00:00:00,sushiv2_ethusdt,1k-10k,0x06da0fd433c1a5d7a4faa01111c044910a184553,136,181775.97229134373,49.2772653713687,2105099.5714285714,,3688.8405012214826
2025-07-21 00:00:00,sushiv2_usdceth,0.5k-1k,0x397ff1542f962076d0bfe58ea045ffa2d347aca0,441,325763.12459790905,88.28224224077272,3092868.4285714286,,3690.01869831821
2025-07-21 00:00:00,sushiv2_usdceth,1k-10k,0x397ff1542f962076d0bfe58ea045ffa2d347aca0,304,459644.819672666,124.5577307327567,3092868.4285714286,,3690.2151072328966
2025-07-21 00:00:00,uniswap_v3_0.01_ethusdc,0.5k-1k,0xe0554a476a092703abdb3ef35c80e0d76d32939f,11392,8374028.121882072,2257.377366700933,6710432.428571428,0.01%,3709.6270412777194
2025-07-21 00:00:00,uniswap_v3_0.01_ethusdc,100k+,0xe0554a476a092703abdb3ef35c80e0d76d32939f,1185,407794421.3274565,110221.90556980995,6710432.428571428,0.01%,3699.75840300798
2025-07-21 00:00:00,uniswap_v3_0.01_ethusdc,10k-100k,0xe0554a476a092703abdb3ef35c80e0d76d32939f,12205,229739027.00233775,62193.03096184566,6710432.428571428,0.01%,3693.9673698051256
2025-07-21 00:00:00,uniswap_v3_0.01_ethusdc,1k-10k,0xe0554a476a092703abdb3ef35c80e0d76d32939f,38535,162892987.06794164,43928.780602420906,6710432.428571428,0.01%,3708.1153820819836
2025-07-21 00:00:00,uniswap_v3_0.01_ethusdt,0.5k-1k,0xc7bbec68d12a0d1830360f8ec58fa599ba1b0e9b,10287,7592667.979698577,2045.768563435168,8202775.142857143,0.01%,3711.4012383440336
2025-07-21 00:00:00,uniswap_v3_0.01_ethusdt,100k+,0xc7bbec68d12a0d1830360f8ec58fa599ba1b0e9b,1559,532573934.17514503,144042.21227843635,8202775.142857143,0.01%,3697.3462553162503
2025-07-21 00:00:00,uniswap_v3_0.01_ethusdt,10k-100k,0xc7bbec68d12a0d1830360f8ec58fa599ba1b0e9b,13188,260014778.4200778,70185.2060690398,8202775.142857143,0.01%,3704.694949022539
2025-07-21 00:00:00,uniswap_v3_0.01_ethusdt,1k-10k,0xc7bbec68d12a0d1830360f8ec58fa599ba1b0e9b,40892,175600724.15294817,47347.06987802275,8202775.142857143,0.01%,3708.7981284868774
2025-07-21 00:00:00,uniswap_v3_0.05_ethusdc,0.5k-1k,0x88e6a0c2ddd26feeb64f039a2c41296fcb3f5640,3395,2452118.6686841515,660.9647286302769,94393070.0,0.05%,3709.908505656117
2025-07-21 00:00:00,uniswap_v3_0.05_ethusdc,100k+,0x88e6a0c2ddd26feeb64f039a2c41296fcb3f5640,1637,323012847.8107573,87127.90164591561,94393070.0,0.05%,3707.341066510116
2025-07-21 00:00:00,uniswap_v3_0.05_ethusdc,10k-100k,0x88e6a0c2ddd26feeb64f039a2c41296fcb3f5640,13876,500387632.85175794,134891.32721035348,94393070.0,0.05%,3709.5611941858856
2025-07-21 00:00:00,uniswap_v3_0.05_ethusdc,1k-10k,0x88e6a0c2ddd26feeb64f039a2c41296fcb3f5640,8380,34171483.27830624,9228.93335613592,94393070.0,0.05%,3702.647094703213
2025-07-21 00:00:00,uniswap_v3_0.05_ethusdt,0.5k-1k,0x11b815efb8f581194ae79006d24e0d814b7697f6,1208,880566.1010526693,237.5417395616611,21374113.714285713,0.05%,3706.9952534556223
2025-07-21 00:00:00,uniswap_v3_0.05_ethusdt,100k+,0x11b815efb8f581194ae79006d24e0d814b7697f6,654,115073698.23447601,31023.761004978365,21374113.714285713,0.05%,3709.2117301964195
2025-07-21 00:00:00,uniswap_v3_0.05_ethusdt,10k-100k,0x11b815efb8f581194ae79006d24e0d814b7697f6,12492,396565937.30680436,107118.85479830683,21374113.714285713,0.05%,3702.1114355030677
2025-07-21 00:00:00,uniswap_v3_0.05_ethusdt,1k-10k,0x11b815efb8f581194ae79006d24e0d814b7697f6,4937,24814845.377452902,6699.095725368219,21374113.714285713,0.05%,3704.2082088010384
2025-07-21 00:00:00,uniswap_v3_0.3_ethusdc,0.5k-1k,0x8ad599c3a0ff1de082011efddc58f1908eb6e6d8,97,73413.94193388331,19.843684426912088,27584341.285714287,0.3%,3699.6124487002535
2025-07-21 00:00:00,uniswap_v3_0.3_ethusdc,100k+,0x8ad599c3a0ff1de082011efddc58f1908eb6e6d8,29,6461180.881556237,1704.303577796765,27584341.285714287,0.3%,3791.0974111249097
2025-07-21 00:00:00,uniswap_v3_0.3_ethusdc,10k-100k,0x8ad599c3a0ff1de082011efddc58f1908eb6e6d8,1655,42573402.19882606,11531.582673718825,27584341.285714287,0.3%,3691.8958484209993
2025-07-21 00:00:00,uniswap_v3_0.3_ethusdc,1k-10k,0x8ad599c3a0ff1de082011efddc58f1908eb6e6d8,1091,6441056.256802794,1742.6359436812784,27584341.285714287,0.3%,3696.1571234415205
2025-07-21 00:00:00,uniswap_v3_0.3_ethusdt,0.5k-1k,0x4e68ccd3e89f51c3074ca5072bbac773960dfa36,310,221391.4653586564,59.90646418018041,70476588.0,0.3%,3695.618968476895
2025-07-21 00:00:00,uniswap_v3_0.3_ethusdt,100k+,0x4e68ccd3e89f51c3074ca5072bbac773960dfa36,889,190992159.16592765,51600.08603061091,70476588.0,0.3%,3701.392262265312
2025-07-21 00:00:00,uniswap_v3_0.3_ethusdt,10k-100k,0x4e68ccd3e89f51c3074ca5072bbac773960dfa36,2450,108774049.14535105,29457.537201134695,70476588.0,0.3%,3692.5710524490523
2025-07-21 00:00:00,uniswap_v3_0.3_ethusdt,1k-10k,0x4e68ccd3e89f51c3074ca5072bbac773960dfa36,712,2776547.8362284214,753.769649713932,70476588.0,0.3%,3683.549526413231
2025-07-21 00:00:00,uniswap_v3_1.0_ethusdc,0.5k-1k,0x7bea39867e4169dbe237d55c8242a8f2fcdcc387,89,62136.004397311655,16.94563434918085,540080.0714285715,1%,3666.7853865450193
2025-07-21 00:00:00,uniswap_v3_1.0_ethusdc,1k-10k,0x7bea39867e4169dbe237d55c8242a8f2fcdcc387,31,39955.8742251043,10.870964675454273,540080.0714285715,1%,3675.4672117849223
2025-07-28 00:00:00,curve_usdcwbtcweth,0.5k-1k,0x7f86bf177dd4f3494b841a37e810a34dd56c829b,366,280705.8502684974,68.74275090011287,384114.0,,4083.424747961847
2025-07-28 00:00:00,curve_usdcwbtcweth,100k+,0x7f86bf177dd4f3494b841a37e810a34dd56c829b,5,701600.0473813532,152.08594122661054,384114.0,,4613.181479647469
2025-07-28 00:00:00,curve_usdcwbtcweth,10k-100k,0x7f86bf177dd4f3494b841a37e810a34dd56c829b,776,14648918.305366125,3449.451427789697,384114.0,,4246.738535684413
2025-07-28 00:00:00,curve_usdcwbtcweth,1k-10k,0x7f86bf177dd4f3494b841a37e810a34dd56c829b,5472,22552813.8400675,5272.558955481452,384114.0,,4277.394341246989
2025-07-28 00:00:00,curve_usdt,0.5k-1k,0xf5f5b97624542d72a9e06f04804bf81baa15e2b4,39,30808.576490492815,7.96288291596529,26679782.714285713,,3869.0229174063006
2025-07-28 00:00:00,curve_usdt,10k-100k,0xf5f5b97624542d72a9e06f04804bf81baa15e2b4,730,15699536.097597934,3932.156899944709,26679782.714285713,,3992.6016425790867
2025-07-28 00:00:00,curve_usdt,1k-10k,0xf5f5b97624542d72a9e06f04804bf81baa15e2b4,1312,6747429.664728309,1653.845251539278,26679782.714285713,,4079.8434185110705
2025-07-28 00:00:00,curve_usdtwbtcweth,0.5k-1k,0xd51a44d3fae010294c616388b506acda1bfaae46,143,111504.58795628474,26.50489155175561,18576612.85714286,,4206.943753704927
2025-07-28 00:00:00,curve_usdtwbtcweth,10k-100k,0xd51a44d3fae010294c616388b506acda1bfaae46,382,6476323.333211235,1502.9196785435893,18576612.85714286,,4309.161311592608
2025-07-28 00:00:00,curve_usdtwbtcweth,1k-10k,0xd51a44d3fae010294c616388b506acda1bfaae46,4490,16570861.58654693,4071.298686074236,18576612.85714286,,4070.166024228854
2025-07-28 00:00:00,sushiv2_ethusdt,0.5k-1k,0x06da0fd433c1a5d7a4faa01111c044910a184553,353,247428.33543888637,67.83273670161097,2076535.7142857143,,3647.6242515070185
2025-07-28 00:00:00,sushiv2_ethusdt,10k-100k,0x06da0fd433c1a5d7a4faa01111c044910a184553,3,35849.05156763054,9.42139599452825,2076535.7142857143,,3805.0679101537517
2025-07-28 00:00:00,sushiv2_ethusdt,1k-10k,0x06da0fd433c1a5d7a4faa01111c044910a184553,139,214202.056609743,57.98528821686223,2076535.7142857143,,3694.075914715427
2025-07-28 00:00:00,sushiv2_usdceth,0.5k-1k,0x397ff1542f962076d0bfe58ea045ffa2d347aca0,439,310526.8663513084,85.60698080690486,3049138.1428571427,,3627.3544917059153
2025-07-28 00:00:00,sushiv2_usdceth,1k-10k,0x397ff1542f962076d0bfe58ea045ffa2d347aca0,316,485185.2623702005,132.02728883909896,3049138.1428571427,,3674.886204483783
2025-07-28 00:00:00,uniswap_v3_0.01_ethusdc,0.5k-1k,0xe0554a476a092703abdb3ef35c80e0d76d32939f,9762,7126127.045729145,1947.0808140211384,7821396.428571428,0.01%,3659.9030684361624
2025-07-28 00:00:00,uniswap_v3_0.01_ethusdc,100k+,0xe0554a476a092703abdb3ef35c80e0d76d32939f,987,383444518.4982592,104763.56398067104,7821396.428571428,0.01%,3660.0942534658807
2025-07-28 00:00:00,uniswap_v3_0.01_ethusdc,10k-100k,0xe0554a476a092703abdb3ef35c80e0d76d32939f,13851,269489949.90642583,73031.09214472488,7821396.428571428,0.01%,3690.071474932631
2025-07-28 00:00:00,uniswap_v3_0.01_ethusdc,1k-10k,0xe0554a476a092703abdb3ef35c80e0d76d32939f,34505,145108427.0886733,39676.69720761699,7821396.428571428,0.01%,3657.270823964044
2025-07-28 00:00:00,uniswap_v3_0.01_ethusdt,0.5k-1k,0xc7bbec68d12a0d1830360f8ec58fa599ba1b0e9b,8624,6311707.303847351,1716.2212826074428,8180354.571428572,0.01%,3677.6768635907015
2025-07-28 00:00:00,uniswap_v3_0.01_ethusdt,100k+,0xc7bbec68d12a0d1830360f8ec58fa599ba1b0e9b,1090,375936673.08078426,101532.3523574084,8180354.571428572,0.01%,3702.629401882007
2025-07-28 00:00:00,uniswap_v3_0.01_ethusdt,10k-100k,0xc7bbec68d12a0d1830360f8ec58fa599ba1b0e9b,13455,271130784.9642598,73042.19898410671,8180354.571428572,0.01%,3711.974567239621
2025-07-28 00:00:00,uniswap_v3_0.01_ethusdt,1k-10k,0xc7bbec68d12a0d1830360f8ec58fa599ba1b0e9b,35177,147431288.8808476,40225.89253145301,8180354.571428572,0.01%,3665.0843425181843
2025-07-28 00:00:00,uniswap_v3_0.05_ethusdc,0.5k-1k,0x88e6a0c2ddd26feeb64f039a2c41296fcb3f5640,2699,1945655.8736601695,528.0151620472337,86809557.28571428,0.05%,3684.848492070613
2025-07-28 00:00:00,uniswap_v3_0.05_ethusdc,100k+,0x88e6a0c2ddd26feeb64f039a2c41296fcb3f5640,917,167162347.174727,45050.67292087602,86809557.28571428,0.05%,3710.5405166382247
2025-07-28 00:00:00,uniswap_v3_0.05_ethusdc,10k-100k,0x88e6a0c2ddd26feeb64f039a2c41296fcb3f5640,12562,421311935.3301594,113773.87904708066,86809557.28571428,0.05%,3703.0638214929522
2025-07-28 00:00:00,uniswap_v3_0.05_ethusdc,1k-10k,0x88e6a0c2ddd26feeb64f039a2c41296fcb3f5640,8248,35561383.04525335,9792.85259336235,86809557.28571428,0.05%,3631.361006021581
2025-07-28 00:00:00,uniswap_v3_0.05_ethusdt,0.5k-1k,0x11b815efb8f581194ae79006d24e0d814b7697f6,1353,990744.9278508,270.78053416294097,27525431.285714287,0.05%,3658.8484135813974
2025-07-28 00:00:00,uniswap_v3_0.05_ethusdt,100k+,0x11b815efb8f581194ae79006d24e0d814b7697f6,1462,266779070.59762943,72274.90206993831,27525431.285714287,0.05%,3691.171664812152
2025-07-28 00:00:00,uniswap_v3_0.05_ethusdt,10k-100k,0x11b815efb8f581194ae79006d24e0d814b7697f6,12959,476418851.24254584,128969.08413129419,27525431.285714287,0.05%,3694.0546988574247
2025-07-28 00:00:00,uniswap_v3_0.05_ethusdt,1k-10k,0x11b815efb8f581194ae79006d24e0d814b7697f6,5308,25453635.217906404,7069.7633618123455,27525431.285714287,0.05%,3600.3517961287635
2025-07-28 00:00:00,uniswap_v3_0.3_ethusdc,0.5k-1k,0x8ad599c3a0ff1de082011efddc58f1908eb6e6d8,92,66780.60297669162,18.1808445623424,26157905.285714287,0.3%,3673.129856410129
2025-07-28 00:00:00,uniswap_v3_0.3_ethusdc,100k+,0x8ad599c3a0ff1de082011efddc58f1908eb6e6d8,27,5389412.718145306,1519.6460615283627,26157905.285714287,0.3%,3546.4920777177417
2025-07-28 00:00:00,uniswap_v3_0.3_ethusdc,10k-100k,0x8ad599c3a0ff1de082011efddc58f1908eb6e6d8,1493,37843576.20787575,10319.5757420397,26157905.285714287,0.3%,3667.1639565286855
2025-07-28 00:00:00,uniswap_v3_0.3_ethusdc,1k-10k,0x8ad599c3a0ff1de082011efddc58f1908eb6e6d8,1112,6331030.007867621,1742.8996486681733,26157905.285714287,0.3%,3632.469610459467
2025-07-28 00:00:00,uniswap_v3_0.3_ethusdt,0.5k-1k,0x4e68ccd3e89f51c3074ca5072bbac773960dfa36,221,154428.5623091828,41.6046032540377,69017314.14285715,0.3%,3711.8143241564408
2025-07-28 00:00:00,uniswap_v3_0.3_ethusdt,100k+,0x4e68ccd3e89f51c3074ca5072bbac773960dfa36,904,205149367.36254618,55864.96133597,69017314.14285715,0.3%,3672.2368092011156
2025-07-28 00:00:00,uniswap_v3_0.3_ethusdt,10k-100k,0x4e68ccd3e89f51c3074ca5072bbac773960dfa36,2216,99404342.3483566,27124.35383708163,69017314.14285715,0.3%,3664.7635164108938
2025-07-28 00:00:00,uniswap_v3_0.3_ethusdt,1k-10k,0x4e68ccd3e89f51c3074ca5072bbac773960dfa36,561,2429566.8677526596,668.4433020280757,69017314.14285715,0.3%,3634.6640924986245
2025-07-28 00:00:00,uniswap_v3_1.0_ethusdc,0.5k-1k,0x7bea39867e4169dbe237d55c8242a8f2fcdcc387,79,56589.40628107758,15.478379344299187,534849.7857142857,1%,3656.0291631513683
2025-07-28 00:00:00,uniswap_v3_1.0_ethusdc,1k-10k,0x7bea39867e4169dbe237d55c8242a8f2fcdcc387,26,33761.01203122285,9.228217632659199,534849.7857142857,1%,3658.4542514191107
2025-08-04 00:00:00,curve_usdcwbtcweth,0.5k-1k,0x7f86bf177dd4f3494b841a37e810a34dd56c829b,236,188852.4447119822,43.85464791758078,393507.85714285716,,4306.326779020238
2025-08-04 00:00:00,curve_usdcwbtcweth,100k+,0x7f86bf177dd4f3494b841a37e810a34dd56c829b,2,231297.67471637152,55.954804570478935,393507.85714285716,,4133.6517300321575
2025-08-04 00:00:00,curve_usdcwbtcweth,10k-100k,0x7f86bf177dd4f3494b841a37e810a34dd56c829b,300,5960110.427235648,1418.989364767153,393507.85714285716,,4200.250245155054
2025-08-04 00:00:00,curve_usdcwbtcweth,1k-10k,0x7f86bf177dd4f3494b841a37e810a34dd56c829b,3422,12587621.615137307,2869.9082628842125,393507.85714285716,,4386.071073396243
2025-08-04 00:00:00,curve_usdt,0.5k-1k,0xf5f5b97624542d72a9e06f04804bf81baa15e2b4,26,19024.504582460686,4.841037110557826,27295969.285714287,,3929.8406824789904
2025-08-04 00:00:00,curve_usdt,10k-100k,0xf5f5b97624542d72a9e06f04804bf81baa15e2b4,215,4475264.859885797,1086.0416613215064,27295969.285714287,,4120.711957256087
2025-08-04 00:00:00,curve_usdt,1k-10k,0xf5f5b97624542d72a9e06f04804bf81baa15e2b4,720,3494776.347428129,844.4038751813307,27295969.285714287,,4138.749773830262
2025-08-04 00:00:00,curve_usdtwbtcweth,0.5k-1k,0xd51a44d3fae010294c616388b506acda1bfaae46,80,60171.17717642041,13.474800449065997,19012814.0,,4465.459611358561
2025-08-04 00:00:00,curve_usdtwbtcweth,10k-100k,0xd51a44d3fae010294c616388b506acda1bfaae46,163,2670556.1761017437,595.0608935201717,19012814.0,,4487.870409872961
2025-08-04 00:00:00,curve_usdtwbtcweth,1k-10k,0xd51a44d3fae010294c616388b506acda1bfaae46,3014,10353596.169854071,2412.923188197751,19012814.0,,4290.8933945747885
2025-08-04 00:00:00,sushiv2_ethusdt,0.5k-1k,0x06da0fd433c1a5d7a4faa01111c044910a184553,265,182873.06760349713,47.68731582521247,2157843.5714285714,,3834.836673839617
2025-08-04 00:00:00,sushiv2_ethusdt,10k-100k,0x06da0fd433c1a5d7a4faa01111c044910a184553,4,101972.45185828485,28.11883092635184,2157843.5714285714,,3626.4826274381257
2025-08-04 00:00:00,sushiv2_ethusdt,1k-10k,0x06da0fd433c1a5d7a4faa01111c044910a184553,105,167017.10966558394,42.854337142404376,2157843.5714285714,,3897.321036855345
2025-08-04 00:00:00,sushiv2_usdceth,0.5k-1k,0x397ff1542f962076d0bfe58ea045ffa2d347aca0,349,253484.05511872814,65.90640090070161,3168271.1428571427,,3846.121949530241
2025-08-04 00:00:00,sushiv2_usdceth,10k-100k,0x397ff1542f962076d0bfe58ea045ffa2d347aca0,1,11710.014954207545,3.155598270542365,3168271.1428571427,,3710.87
2025-08-04 00:00:00,sushiv2_usdceth,1k-10k,0x397ff1542f962076d0bfe58ea045ffa2d347aca0,219,365478.709316545,94.13429426530134,3168271.1428571427,,3882.524558865933
2025-08-04 00:00:00,uniswap_v3_0.01_ethusdc,0.5k-1k,0xe0554a476a092703abdb3ef35c80e0d76d32939f,9841,7145004.042100977,1856.3588529590747,12458157.42857143,0.01%,3848.934720090187
2025-08-04 00:00:00,uniswap_v3_0.01_ethusdc,100k+,0xe0554a476a092703abdb3ef35c80e0d76d32939f,1125,454469888.89730024,116370.56134379875,12458157.42857143,0.01%,3905.36819320343
2025-08-04 00:00:00,uniswap_v3_0.01_ethusdc,10k-100k,0xe0554a476a092703abdb3ef35c80e0d76d32939f,13570,269309241.05478793,70488.78264309467,12458157.42857143,0.01%,3820.5971355524666
2025-08-04 00:00:00,uniswap_v3_0.01_ethusdc,1k-10k,0xe0554a476a092703abdb3ef35c80e0d76d32939f,38056,162292476.61526987,41932.310585086096,12458157.42857143,0.01%,3870.344236956783
2025-08-04 00:00:00,uniswap_v3_0.01_ethusdt,0.5k-1k,0xc7bbec68d12a0d1830360f8ec58fa599ba1b0e9b,8726,6426976.747671402,1665.7247699134814,7941732.0,0.01%,3858.3665583631937
2025-08-04 00:00:00,uniswap_v3_0.01_ethusdt,100k+,0xc7bbec68d12a0d1830360f8ec58fa599ba1b0e9b,1302,478716212.7489492,121494.34690926837,7941732.0,0.01%,3940.2344629783734
2025-08-04 00:00:00,uniswap_v3_0.01_ethusdt,10k-100k,0xc7bbec68d12a0d1830360f8ec58fa599ba1b0e9b,11749,227562430.3059711,58276.41276463124,7941732.0,0.01%,3904.880542751627
2025-08-04 00:00:00,uniswap_v3_0.01_ethusdt,1k-10k,0xc7bbec68d12a0d1830360f8ec58fa599ba1b0e9b,37991,164294190.65060997,42389.354856188875,7941732.0,0.01%,3875.8360727120835
2025-08-04 00:00:00,uniswap_v3_0.05_ethusdc,0.5k-1k,0x88e6a0c2ddd26feeb64f039a2c41296fcb3f5640,2765,1972846.1915228528,508.3873563976528,85080716.85714285,0.05%,3880.596491427538
2025-08-04 00:00:00,uniswap_v3_0.05_ethusdc,100k+,0x88e6a0c2ddd26feeb64f039a2c41296fcb3f5640,532,103403557.42786822,26004.079328465155,85080716.85714285,0.05%,3976.4360092025386
2025-08-04 00:00:00,uniswap_v3_0.05_ethusdc,10k-100k,0x88e6a0c2ddd26feeb64f039a2c41296fcb3f5640,11126,302434839.04840916,78142.11453575888,85080716.85714285,0.05%,3870.3180844947688
2025-08-04 00:00:00,uniswap_v3_0.05_ethusdc,1k-10k,0x88e6a0c2ddd26feeb64f039a2c41296fcb3f5640,9751,43993770.304505095,11323.613568595367,85080716.85714285,0.05%,3885.135256338696
2025-08-04 00:00:00,uniswap_v3_0.05_ethusdt,0.5k-1k,0x11b815efb8f581194ae79006d24e0d814b7697f6,1738,1257136.4466963524,326.04633560755985,29401336.42857143,0.05%,3855.698744026013
2025-08-04 00:00:00,uniswap_v3_0.05_ethusdt,100k+,0x11b815efb8f581194ae79006d24e0d814b7697f6,1620,348241213.03598905,89417.44505751354,29401336.42857143,0.05%,3894.5556184478246
2025-08-04 00:00:00,uniswap_v3_0.05_ethusdt,10k-100k,0x11b815efb8f581194ae79006d24e0d814b7697f6,13529,477726778.1882901,124571.75758639287,29401336.42857143,0.05%,3834.952540161261
2025-08-04 00:00:00,uniswap_v3_0.05_ethusdt,1k-10k,0x11b815efb8f581194ae79006d24e0d814b7697f6,6685,31655726.61965416,8151.188293376475,29401336.42857143,0.05%,3883.5719996036773
2025-08-04 00:00:00,uniswap_v3_0.3_ethusdc,0.5k-1k,0x8ad599c3a0ff1de082011efddc58f1908eb6e6d8,72,53197.88437701763,13.600409643840644,26989476.714285713,0.3%,3911.491327844665
2025-08-04 00:00:00,uniswap_v3_0.3_ethusdc,100k+,0x8ad599c3a0ff1de082011efddc58f1908eb6e6d8,32,6445774.173538519,1659.9957239662867,26989476.714285713,0.3%,3883.0064924127646
2025-08-04 00:00:00,uniswap_v3_0.3_ethusdc,10k-100k,0x8ad599c3a0ff1de082011efddc58f1908eb6e6d8,998,25437529.908880703,6690.182495321106,26989476.714285713,0.3%,3802.2176415472786
2025-08-04 00:00:00,uniswap_v3_0.3_ethusdc,1k-10k,0x8ad599c3a0ff1de082011efddc58f1908eb6e6d8,1039,5842762.666836694,1517.1217062808419,26989476.714285713,0.3%,3851.215523875124
2025-08-04 00:00:00,uniswap_v3_0.3_ethusdt,0.5k-1k,0x4e68ccd3e89f51c3074ca5072bbac773960dfa36,167,115696.92105653298,29.392466070504817,73590695.14285715,0.3%,3936.278118991663
2025-08-04 00:00:00,uniswap_v3_0.3_ethusdt,100k+,0x4e68ccd3e89f51c3074ca5072bbac773960dfa36,706,189624021.9469993,48388.88014257002,73590695.14285715,0.3%,3918.752022950371
2025-08-04 00:00:00,uniswap_v3_0.3_ethusdt,10k-100k,0x4e68ccd3e89f51c3074ca5072bbac773960dfa36,2032,90059472.84668198,23340.480418448,73590695.14285715,0.3%,3858.5098177970744
2025-08-04 00:00:00,uniswap_v3_0.3_ethusdt,1k-10k,0x4e68ccd3e89f51c3074ca5072bbac773960dfa36,468,2235642.1954072397,579.3448661938477,73590695.14285715,0.3%,3858.91431142707
2025-08-04 00:00:00,uniswap_v3_1.0_ethusdc,0.5k-1k,0x7bea39867e4169dbe237d55c8242a8f2fcdcc387,67,47877.99623938469,12.637000987900384,553921.8571428572,1%,3788.715082417631
2025-08-04 00:00:00,uniswap_v3_1.0_ethusdc,1k-10k,0x7bea39867e4169dbe237d55c8242a8f2fcdcc387,34,50452.48224537511,13.133288542854046,553921.8571428572,1%,3841.5726632935975
2025-08-11 00:00:00,curve_usdcwbtcweth,0.5k-1k,0x7f86bf177dd4f3494b841a37e810a34dd56c829b,284,219254.11703722266,40.52640083390295,415486.28571428574,,5410.155171090409
2025-08-11 00:00:00,curve_usdcwbtcweth,100k+,0x7f86bf177dd4f3494b841a37e810a34dd56c829b,3,563144.3391430115,129.14384840976214,415486.28571428574,,4360.597473882021
2025-08-11 00:00:00,curve_usdcwbtcweth,10k-100k,0x7f86bf177dd4f3494b841a37e810a34dd56c829b,902,16886368.075136714,3479.3094838247657,415486.28571428574,,4853.367644827536
2025-08-11 00:00:00,curve_usdcwbtcweth,1k-10k,0x7f86bf177dd4f3494b841a37e810a34dd56c829b,5225,22768610.45600241,4367.028930992842,415486.28571428574,,5213.753060899914
2025-08-11 00:00:00,curve_usdt,0.5k-1k,0xf5f5b97624542d72a9e06f04804bf81baa15e2b4,21,15721.441200098468,2.4144571806600057,28961506.85714286,,6511.377102078457
2025-08-11 00:00:00,curve_usdt,100k+,0xf5f5b97624542d72a9e06f04804bf81baa15e2b4,1,109131.55813830112,25.54284694365607,28961506.85714286,,4272.49
2025-08-11 00:00:00,curve_usdt,10k-100k,0xf5f5b97624542d72a9e06f04804bf81baa15e2b4,338,7049235.405175511,1507.548761170196,28961506.85714286,,4675.958474274306
2025-08-11 00:00:00,curve_usdt,1k-10k,0xf5f5b97624542d72a9e06f04804bf81baa15e2b4,827,4295200.758375249,836.4550540119069,28961506.85714286,,5135.00484906402
2025-08-11 00:00:00,curve_usdtwbtcweth,0.5k-1k,0xd51a44d3fae010294c616388b506acda1bfaae46,71,53663.96858771926,10.68556024413015,19443588.14285714,,5022.101542799148
2025-08-11 00:00:00,curve_usdtwbtcweth,100k+,0xd51a44d3fae010294c616388b506acda1bfaae46,1,129667.73424259071,0.0,19443588.14285714,,inf
2025-08-11 00:00:00,curve_usdtwbtcweth,10k-100k,0xd51a44d3fae010294c616388b506acda1bfaae46,305,4994333.615314908,1000.885388019255,19443588.14285714,,4989.915603822191
2025-08-11 00:00:00,curve_usdtwbtcweth,1k-10k,0xd51a44d3fae010294c616388b506acda1bfaae46,3519,13765958.564509388,2792.312355420998,19443588.14285714,,4929.949379690328
2025-08-11 00:00:00,sushiv2_ethusdt,0.5k-1k,0x06da0fd433c1a5d7a4faa01111c044910a184553,329,233806.57258562619,52.10968874288793,2314389.4285714286,,4486.81575779968
2025-08-11 00:00:00,sushiv2_ethusdt,10k-100k,0x06da0fd433c1a5d7a4faa01111c044910a184553,2,31751.46876636945,6.952394699854912,2314389.4285714286,,4566.983052189495
2025-08-11 00:00:00,sushiv2_ethusdt,1k-10k,0x06da0fd433c1a5d7a4faa01111c044910a184553,247,418478.9549354096,92.88303732661898,2314389.4285714286,,4505.440034910222
2025-08-11 00:00:00,sushiv2_usdceth,0.5k-1k,0x397ff1542f962076d0bfe58ea045ffa2d347aca0,389,284649.8901946448,63.57384304142803,3394755.285714286,,4477.468665991328
2025-08-11 00:00:00,sushiv2_usdceth,1k-10k,0x397ff1542f962076d0bfe58ea045ffa2d347aca0,416,803276.9646119565,178.34954172750375,3394755.285714286,,4503.9474552688525
2025-08-11 00:00:00,uniswap_v3_0.01_ethusdc,0.5k-1k,0xe0554a476a092703abdb3ef35c80e0d76d32939f,8374,6140126.690860287,1369.9079230662855,9866067.285714285,0.01%,4482.145542392915
2025-08-11 00:00:00,uniswap_v3_0.01_ethusdc,100k+,0xe0554a476a092703abdb3ef35c80e0d76d32939f,1288,469275914.42283195,104829.96666377579,9866067.285714285,0.01%,4476.543581550057
2025-08-11 00:00:00,uniswap_v3_0.01_ethusdc,10k-100k,0xe0554a476a092703abdb3ef35c80e0d76d32939f,17780,387529170.26362115,86297.37351637064,9866067.285714285,0.01%,4490.625316541143
2025-08-11 00:00:00,uniswap_v3_0.01_ethusdc,1k-10k,0xe0554a476a092703abdb3ef35c80e0d76d32939f,36660,163334752.52643907,36365.72004843077,9866067.285714285,0.01%,4491.448328505933
2025-08-11 00:00:00,uniswap_v3_0.01_ethusdt,0.5k-1k,0xc7bbec68d12a0d1830360f8ec58fa599ba1b0e9b,7868,5806803.518138457,1293.5473983580202,7649779.857142857,0.01%,4489.05353256432
2025-08-11 00:00:00,uniswap_v3_0.01_ethusdt,100k+,0xc7bbec68d12a0d1830360f8ec58fa599ba1b0e9b,1608,629977390.1854442,141072.93939738692,7649779.857142857,0.01%,4465.6146875260565
2025-08-11 00:00:00,uniswap_v3_0.01_ethusdt,10k-100k,0xc7bbec68d12a0d1830360f8ec58fa599ba1b0e9b,18506,396166488.6629178,87633.08451717583,7649779.857142857,0.01%,4520.74112015617
2025-08-11 00:00:00,uniswap_v3_0.01_ethusdt,1k-10k,0xc7bbec68d12a0d1830360f8ec58fa599ba1b0e9b,37623,167313417.728491,37239.28994296742,7649779.857142857,0.01%,4492.92717408775
2025-08-11 00:00:00,uniswap_v3_0.05_ethusdc,0.5k-1k,0x88e6a0c2ddd26feeb64f039a2c41296fcb3f5640,2877,2056363.4452335269,457.5334620874717,95120300.0,0.05%,4494.454757148209
2025-08-11 00:00:00,uniswap_v3_0.05_ethusdc,100k+,0x88e6a0c2ddd26feeb64f039a2c41296fcb3f5640,2021,578712683.6368526,127249.28172640713,95120300.0,0.05%,4547.866013743923
2025-08-11 00:00:00,uniswap_v3_0.05_ethusdc,10k-100k,0x88e6a0c2ddd26feeb64f039a2c41296fcb3f5640,15952,518227606.35628724,114729.57585082913,95120300.0,0.05%,4516.9486813939275
2025-08-11 00:00:00,uniswap_v3_0.05_ethusdc,1k-10k,0x88e6a0c2ddd26feeb64f039a2c41296fcb3f5640,9273,41864881.70264814,9321.100762171203,95120300.0,0.05%,4491.409627557377
2025-08-11 00:00:00,uniswap_v3_0.05_ethusdt,0.5k-1k,0x11b815efb8f581194ae79006d24e0d814b7697f6,1419,1048747.883356325,233.30868865177223,14626369.0,0.05%,4495.108559465811
2025-08-11 00:00:00,uniswap_v3_0.05_ethusdt,100k+,0x11b815efb8f581194ae79006d24e0d814b7697f6,705,149719497.7873426,33746.31970153443,14626369.0,0.05%,4436.6170625869745
2025-08-11 00:00:00,uniswap_v3_0.05_ethusdt,10k-100k,0x11b815efb8f581194ae79006d24e0d814b7697f6,10890,319859911.7727464,71323.54923741445,14626369.0,0.05%,4484.632567961948
2025-08-11 00:00:00,uniswap_v3_0.05_ethusdt,1k-10k,0x11b815efb8f581194ae79006d24e0d814b7697f6,8426,41477873.28057824,9217.430914713914,14626369.0,0.05%,4499.938612435547
2025-08-11 00:00:00,uniswap_v3_0.3_ethusdc,0.5k-1k,0x8ad599c3a0ff1de082011efddc58f1908eb6e6d8,85,67016.80184885401,14.892053436809519,36711991.428571425,0.3%,4500.17199664385
2025-08-11 00:00:00,uniswap_v3_0.3_ethusdc,100k+,0x8ad599c3a0ff1de082011efddc58f1908eb6e6d8,593,162319820.41275296,36689.99870935898,36711991.428571425,0.3%,4424.089019423923
2025-08-11 00:00:00,uniswap_v3_0.3_ethusdc,10k-100k,0x8ad599c3a0ff1de082011efddc58f1908eb6e6d8,1797,64107472.867652,14295.957097863486,36711991.428571425,0.3%,4484.307866119211
2025-08-11 00:00:00,uniswap_v3_0.3_ethusdc,1k-10k,0x8ad599c3a0ff1de082011efddc58f1908eb6e6d8,827,4708003.505899122,1045.5008309644759,36711991.428571425,0.3%,4503.10833474516
2025-08-11 00:00:00,uniswap_v3_0.3_ethusdt,0.5k-1k,0x4e68ccd3e89f51c3074ca5072bbac773960dfa36,213,154358.63929779074,34.47298457205293,71555414.0,0.3%,4477.669723523982
2025-08-11 00:00:00,uniswap_v3_0.3_ethusdt,100k+,0x4e68ccd3e89f51c3074ca5072bbac773960dfa36,998,276871711.8051578,61798.95130796699,71555414.0,0.3%,4480.200811586653
2025-08-11 00:00:00,uniswap_v3_0.3_ethusdt,10k-100k,0x4e68ccd3e89f51c3074ca5072bbac773960dfa36,2600,112150410.56294876,24922.015065966025,71555414.0,0.3%,4500.053878713182
2025-08-11 00:00:00,uniswap_v3_0.3_ethusdt,1k-10k,0x4e68ccd3e89f51c3074ca5072bbac773960dfa36,511,2309170.501450409,514.1540502579041,71555414.0,0.3%,4491.203561057448
2025-08-11 00:00:00,uniswap_v3_1.0_ethusdc,0.5k-1k,0x7bea39867e4169dbe237d55c8242a8f2fcdcc387,74,53407.07624750884,12.022659381478224,584596.8571428572,1%,4442.201558981726
2025-08-11 00:00:00,uniswap_v3_1.0_ethusdc,1k-10k,0x7bea39867e4169dbe237d55c8242a8f2fcdcc387,65,104156.46713330885,23.22516622258325,584596.8571428572,1%,4484.63817804805
2025-08-18 00:00:00,curve_usdcwbtcweth,0.5k-1k,0x7f86bf177dd4f3494b841a37e810a34dd56c829b,464,357013.0706286067,59.64282446010015,410561.0,,5985.851170872052
2025-08-18 00:00:00,curve_usdcwbtcweth,100k+,0x7f86bf177dd4f3494b841a37e810a34dd56c829b,4,438127.9887385741,98.32735509646507,410561.0,,4455.809762285827
2025-08-18 00:00:00,curve_usdcwbtcweth,10k-100k,0x7f86bf177dd4f3494b841a37e810a34dd56c829b,1169,21436339.52107002,4238.1384167528995,410561.0,,5057.961164348598
2025-08-18 00:00:00,curve_usdcwbtcweth,1k-10k,0x7f86bf177dd4f3494b841a37e810a34dd56c829b,7205,29242005.458434444,5574.9646002691625,410561.0,,5245.236078633149
2025-08-18 00:00:00,curve_usdt,0.5k-1k,0xf5f5b97624542d72a9e06f04804bf81baa15e2b4,26,20333.52431405181,4.617992075068093,28674374.85714286,,4403.109399825462
2025-08-18 00:00:00,curve_usdt,10k-100k,0xf5f5b97624542d72a9e06f04804bf81baa15e2b4,362,7419252.86537242,1582.820561932301,28674374.85714286,,4687.361943488419
2025-08-18 00:00:00,curve_usdt,1k-10k,0xf5f5b97624542d72a9e06f04804bf81baa15e2b4,1081,5100012.758730694,1051.9557112256675,28674374.85714286,,4848.124977418017
2025-08-18 00:00:00,curve_usdtwbtcweth,0.5k-1k,0xd51a44d3fae010294c616388b506acda1bfaae46,93,70165.4582599204,13.902754368463961,17703109.85714286,,5046.874626446601
2025-08-18 00:00:00,curve_usdtwbtcweth,100k+,0xd51a44d3fae010294c616388b506acda1bfaae46,2,217634.42612214247,0.0,17703109.85714286,,inf
2025-08-18 00:00:00,curve_usdtwbtcweth,10k-100k,0xd51a44d3fae010294c616388b506acda1bfaae46,383,6474543.938308586,1348.6002032392803,17703109.85714286,,4800.9364990135755
2025-08-18 00:00:00,curve_usdtwbtcweth,1k-10k,0xd51a44d3fae010294c616388b506acda1bfaae46,4838,16755816.445067499,3424.4900773145373,17703109.85714286,,4892.937654007542
2025-08-18 00:00:00,sushiv2_ethusdt,0.5k-1k,0x06da0fd433c1a5d7a4faa01111c044910a184553,414,288751.6307898526,65.56515398928153,2314191.285714286,,4404.041067867502
2025-08-18 00:00:00,sushiv2_ethusdt,1k-10k,0x06da0fd433c1a5d7a4faa01111c044910a184553,228,397662.8005144153,89.59153183388392,2314191.285714286,,4438.620396085442
2025-08-18 00:00:00,sushiv2_usdceth,0.5k-1k,0x397ff1542f962076d0bfe58ea045ffa2d347aca0,585,408117.0602277949,93.028646815351,3380989.1428571427,,4387.004156234271
2025-08-18 00:00:00,sushiv2_usdceth,1k-10k,0x397ff1542f962076d0bfe58ea045ffa2d347aca0,394,729829.760295525,164.37979792202978,3380989.1428571427,,4439.899364286266
2025-08-18 00:00:00,uniswap_v3_0.01_ethusdc,0.5k-1k,0xe0554a476a092703abdb3ef35c80e0d76d32939f,8163,5919531.073338264,1340.3164007513667,7195993.142857143,0.01%,4416.51767449823
2025-08-18 00:00:00,uniswap_v3_0.01_ethusdc,100k+,0xe0554a476a092703abdb3ef35c80e0d76d32939f,960,281819692.786623,64918.546830089916,7195993.142857143,0.01%,4341.1275598054335
2025-08-18 00:00:00,uniswap_v3_0.01_ethusdc,10k-100k,0xe0554a476a092703abdb3ef35c80e0d76d32939f,11842,248462958.45649076,57041.62538266273,7195993.142857143,0.01%,4355.818348262018
2025-08-18 00:00:00,uniswap_v3_0.01_ethusdc,1k-10k,0xe0554a476a092703abdb3ef35c80e0d76d32939f,40644,171685402.30664137,39156.30544802903,7195993.142857143,0.01%,4384.616994433098
2025-08-18 00:00:00,uniswap_v3_0.01_ethusdt,0.5k-1k,0xc7bbec68d12a0d1830360f8ec58fa599ba1b0e9b,8323,6066953.997506652,1370.6982817961475,7398531.428571428,0.01%,4426.177575386309
2025-08-18 00:00:00,uniswap_v3_0.01_ethusdt,100k+,0xc7bbec68d12a0d1830360f8ec58fa599ba1b0e9b,1577,542155368.8158386,121049.7771080624,7398531.428571428,0.01%,4478.780397355468
2025-08-18 00:00:00,uniswap_v3_0.01_ethusdt,10k-100k,0xc7bbec68d12a0d1830360f8ec58fa599ba1b0e9b,15776,326378639.5811411,72969.79719505143,7398531.428571428,0.01%,4472.790827535355
2025-08-18 00:00:00,uniswap_v3_0.01_ethusdt,1k-10k,0xc7bbec68d12a0d1830360f8ec58fa599ba1b0e9b,43314,192012806.87037054,43318.724424300315,7398531.428571428,0.01%,4432.559116691302
2025-08-18 00:00:00,uniswap_v3_0.05_ethusdc,0.5k-1k,0x88e6a0c2ddd26feeb64f039a2c41296fcb3f5640,2796,2010875.1987380339,452.13272370580574,89232811.28571428,0.05%,4447.532977167281
2025-08-18 00:00:00,uniswap_v3_0.05_ethusdc,100k+,0x88e6a0c2ddd26feeb64f039a2c41296fcb3f5640,2559,645702523.0667372,144709.03890680108,89232811.28571428,0.05%,4462.07457353509
2025-08-18 00:00:00,uniswap_v3_0.05_ethusdc,10k-100k,0x88e6a0c2ddd26feeb64f039a2c41296fcb3f5640,16592,568083147.2229346,127745.76867788562,89232811.28571428,0.05%,4446.9821043965185
2025-08-18 00:00:00,uniswap_v3_0.05_ethusdc,1k-10k,0x88e6a0c2ddd26feeb64f039a2c41296fcb3f5640,9752,44808793.05370728,10086.882885392135,89232811.28571428,0.05%,4442.28346485509
2025-08-18 00:00:00,uniswap_v3_0.05_ethusdt,0.5k-1k,0x11b815efb8f581194ae79006d24e0d814b7697f6,1465,1055115.6435423132,236.58820411540393,19761621.85714286,0.05%,4459.713650929295
2025-08-18 00:00:00,uniswap_v3_0.05_ethusdt,100k+,0x11b815efb8f581194ae79006d24e0d814b7697f6,840,192823901.85327867,41565.29173893891,19761621.85714286,0.05%,4639.060470556946
2025-08-18 00:00:00,uniswap_v3_0.05_ethusdt,10k-100k,0x11b815efb8f581194ae79006d24e0d814b7697f6,12501,356905674.1909602,78948.82280054956,19761621.85714286,0.05%,4520.7219250452945
2025-08-18 00:00:00,uniswap_v3_0.05_ethusdt,1k-10k,0x11b815efb8f581194ae79006d24e0d814b7697f6,9297,48127429.634322785,10963.75372653413,19761621.85714286,0.05%,4389.685397424269
2025-08-18 00:00:00,uniswap_v3_0.3_ethusdc,0.5k-1k,0x8ad599c3a0ff1de082011efddc58f1908eb6e6d8,108,80082.14283211439,18.15225187071038,35030478.85714286,0.3%,4411.691915829527
2025-08-18 00:00:00,uniswap_v3_0.3_ethusdc,100k+,0x8ad599c3a0ff1de082011efddc58f1908eb6e6d8,195,40594136.11681387,9083.343154832015,35030478.85714286,0.3%,4469.074373263024
2025-08-18 00:00:00,uniswap_v3_0.3_ethusdc,10k-100k,0x8ad599c3a0ff1de082011efddc58f1908eb6e6d8,2132,63050644.04086989,14243.65112426414,35030478.85714286,0.3%,4426.578795759941
2025-08-18 00:00:00,uniswap_v3_0.3_ethusdc,1k-10k,0x8ad599c3a0ff1de082011efddc58f1908eb6e6d8,1211,6960177.716248614,1596.2099287160386,35030478.85714286,0.3%,4360.440059314285
2025-08-18 00:00:00,uniswap_v3_0.3_ethusdt,0.5k-1k,0x4e68ccd3e89f51c3074ca5072bbac773960dfa36,243,181371.60693840348,40.95291319648351,91912944.28571428,0.3%,4428.784005382486
2025-08-18 00:00:00,uniswap_v3_0.3_ethusdt,100k+,0x4e68ccd3e89f51c3074ca5072bbac773960dfa36,1435,415013231.56009406,93519.69287672816,91912944.28571428,0.3%,4437.70952185588
2025-08-18 00:00:00,uniswap_v3_0.3_ethusdt,10k-100k,0x4e68ccd3e89f51c3074ca5072bbac773960dfa36,3024,132336285.19321623,30120.96055601124,91912944.28571428,0.3%,4393.4948537624205
2025-08-18 00:00:00,uniswap_v3_0.3_ethusdt,1k-10k,0x4e68ccd3e89f51c3074ca5072bbac773960dfa36,661,3085945.0492149354,701.3692477015762,91912944.28571428,0.3%,4399.886449723507
2025-08-18 00:00:00,uniswap_v3_1.0_ethusdc,0.5k-1k,0x7bea39867e4169dbe237d55c8242a8f2fcdcc387,89,63859.628663114156,14.507149099420493,583394.8571428572,1%,4401.941982223448
2025-08-18 00:00:00,uniswap_v3_1.0_ethusdc,1k-10k,0x7bea39867e4169dbe237d55c8242a8f2fcdcc387,69,119269.5579431094,26.75272778868103,583394.8571428572,1%,4458.220443358746
2025-08-25 00:00:00,curve_usdcwbtcweth,0.5k-1k,0x7f86bf177dd4f3494b841a37e810a34dd56c829b,289,215939.5210292151,30.57170295913087,404814.5714285714,,7063.378880721471
2025-08-25 00:00:00,curve_usdcwbtcweth,100k+,0x7f86bf177dd4f3494b841a37e810a34dd56c829b,4,684357.5577582765,25.029067498457195,404814.5714285714,,27342.511174276093
2025-08-25 00:00:00,curve_usdcwbtcweth,10k-100k,0x7f86bf177dd4f3494b841a37e810a34dd56c829b,613,10794188.751660272,2072.7704668037277,404814.5714285714,,5207.61412058578
2025-08-25 00:00:00,curve_usdcwbtcweth,1k-10k,0x7f86bf177dd4f3494b841a37e810a34dd56c829b,6364,23081153.21633626,4384.917906259098,404814.5714285714,,5263.759484160439
2025-08-25 00:00:00,curve_usdt,0.5k-1k,0xf5f5b97624542d72a9e06f04804bf81baa15e2b4,26,19826.677475000317,2.951029757941673,28211800.285714287,,6718.562366795418
2025-08-25 00:00:00,curve_usdt,100k+,0xf5f5b97624542d72a9e06f04804bf81baa15e2b4,3,431425.2654919914,93.43639854809194,28211800.285714287,,4617.314795902967
2025-08-25 00:00:00,curve_usdt,10k-100k,0xf5f5b97624542d72a9e06f04804bf81baa15e2b4,604,12156626.790370645,2431.556691467533,28211800.285714287,,4999.52431009687
2025-08-25 00:00:00,curve_usdt,1k-10k,0xf5f5b97624542d72a9e06f04804bf81baa15e2b4,1481,6838682.878224115,1332.8499014660933,28211800.285714287,,5130.872479115448
2025-08-25 00:00:00,curve_usdtwbtcweth,0.5k-1k,0xd51a44d3fae010294c616388b506acda1bfaae46,77,59518.91455502223,11.270017304579214,17449208.14285714,,5281.173306702786
2025-08-25 00:00:00,curve_usdtwbtcweth,10k-100k,0xd51a44d3fae010294c616388b506acda1bfaae46,413,6848065.71273835,1311.2698944515655,17449208.14285714,,5222.468495398906
2025-08-25 00:00:00,curve_usdtwbtcweth,1k-10k,0xd51a44d3fae010294c616388b506acda1bfaae46,4921,17779911.60150248,3487.013466965443,17449208.14285714,,5098.893872920819
2025-08-25 00:00:00,sushiv2_ethusdt,0.5k-1k,0x06da0fd433c1a5d7a4faa01111c044910a184553,372,256395.5676138672,57.01166754081316,2305126.5714285714,,4497.247294693149
2025-08-25 00:00:00,sushiv2_ethusdt,10k-100k,0x06da0fd433c1a5d7a4faa01111c044910a184553,2,37465.31756171568,8.632827401474504,2305126.5714285714,,4339.866398269069
2025-08-25 00:00:00,sushiv2_ethusdt,1k-10k,0x06da0fd433c1a5d7a4faa01111c044910a184553,203,313257.21656147984,70.30108281313491,2305126.5714285714,,4455.937291807282
2025-08-25 00:00:00,sushiv2_usdceth,0.5k-1k,0x397ff1542f962076d0bfe58ea045ffa2d347aca0,460,327251.2443110552,73.05032199802594,3367013.4285714286,,4479.805637542551
2025-08-25 00:00:00,sushiv2_usdceth,10k-100k,0x397ff1542f962076d0bfe58ea045ffa2d347aca0,2,31469.163249300866,7.065115065374441,3367013.4285714286,,4454.161462072811
2025-08-25 00:00:00,sushiv2_usdceth,1k-10k,0x397ff1542f962076d0bfe58ea045ffa2d347aca0,388,675606.8894203082,151.1446437644592,3367013.4285714286,,4469.936033414194
2025-08-25 00:00:00,uniswap_v3_0.01_ethusdc,0.5k-1k,0xe0554a476a092703abdb3ef35c80e0d76d32939f,6815,4904964.0817085225,1091.7528829323528,6144037.285714285,0.01%,4492.742046656399
2025-08-25 00:00:00,uniswap_v3_0.01_ethusdc,100k+,0xe0554a476a092703abdb3ef35c80e0d76d32939f,772,234995056.97580734,52570.66621100752,6144037.285714285,0.01%,4470.079493240336
2025-08-25 00:00:00,uniswap_v3_0.01_ethusdc,10k-100k,0xe0554a476a092703abdb3ef35c80e0d76d32939f,7776,143667848.474311,32121.48950008375,6144037.285714285,0.01%,4472.639678615664
2025-08-25 00:00:00,uniswap_v3_0.01_ethusdc,1k-10k,0xe0554a476a092703abdb3ef35c80e0d76d32939f,39080,161478835.23282632,35976.33580393892,6144037.285714285,0.01%,4488.473648701783
2025-08-25 00:00:00,uniswap_v3_0.01_ethusdt,0.5k-1k,0xc7bbec68d12a0d1830360f8ec58fa599ba1b0e9b,7134,5199910.008190171,1158.1866641930555,7594730.428571428,0.01%,4489.699431838225
2025-08-25 00:00:00,uniswap_v3_0.01_ethusdt,100k+,0xc7bbec68d12a0d1830360f8ec58fa599ba1b0e9b,1044,396878854.5649638,88755.59091088937,7594730.428571428,0.01%,4471.592724377558
2025-08-25 00:00:00,uniswap_v3_0.01_ethusdt,10k-100k,0xc7bbec68d12a0d1830360f8ec58fa599ba1b0e9b,13481,263269656.14354733,58554.32499646786,7594730.428571428,0.01%,4496.16072184981
2025-08-25 00:00:00,uniswap_v3_0.01_ethusdt,1k-10k,0xc7bbec68d12a0d1830360f8ec58fa599ba1b0e9b,42053,185340025.62247688,41260.340941190625,7594730.428571428,0.01%,4491.9654417457805
2025-08-25 00:00:00,uniswap_v3_0.05_ethusdc,0.5k-1k,0x88e6a0c2ddd26feeb64f039a2c41296fcb3f5640,2239,1578910.5484793512,351.6674671230638,91589604.42857143,0.05%,4489.782809300416
2025-08-25 00:00:00,uniswap_v3_0.05_ethusdc,100k+,0x88e6a0c2ddd26feeb64f039a2c41296fcb3f5640,2267,552952266.71708,120784.12599225303,91589604.42857143,0.05%,4578.021012070293
2025-08-25 00:00:00,uniswap_v3_0.05_ethusdc,10k-100k,0x88e6a0c2ddd26feeb64f039a2c41296fcb3f5640,11459,362318994.26734465,80171.19868081559,91589604.42857143,0.05%,4519.316166268636
2025-08-25 00:00:00,uniswap_v3_0.05_ethusdc,1k-10k,0x88e6a0c2ddd26feeb64f039a2c41296fcb3f5640,9043,43577096.94467487,9754.428623465043,91589604.42857143,0.05%,4467.416660351253
2025-08-25 00:00:00,uniswap_v3_0.05_ethusdt,0.5k-1k,0x11b815efb8f581194ae79006d24e0d814b7697f6,1171,842542.0125756738,187.72163997752423,23174122.285714287,0.05%,4488.251928102432
2025-08-25 00:00:00,uniswap_v3_0.05_ethusdt,100k+,0x11b815efb8f581194ae79006d24e0d814b7697f6,225,41903360.99327847,9394.604139399686,23174122.285714287,0.05%,4460.364734001032
2025-08-25 00:00:00,uniswap_v3_0.05_ethusdt,10k-100k,0x11b815efb8f581194ae79006d24e0d814b7697f6,7217,166805421.32364494,37089.13271545579,23174122.285714287,0.05%,4497.42037926203
2025-08-25 00:00:00,uniswap_v3_0.05_ethusdt,1k-10k,0x11b815efb8f581194ae79006d24e0d814b7697f6,9447,50541280.53390922,11278.178681264564,23174122.285714287,0.05%,4481.333552364174
2025-08-25 00:00:00,uniswap_v3_0.3_ethusdc,0.5k-1k,0x8ad599c3a0ff1de082011efddc58f1908eb6e6d8,79,55995.39753516766,12.506682247859866,47018222.71428572,0.3%,4477.238361496676
2025-08-25 00:00:00,uniswap_v3_0.3_ethusdc,100k+,0x8ad599c3a0ff1de082011efddc58f1908eb6e6d8,112,26624639.981089205,6039.845789656739,47018222.71428572,0.3%,4408.16552414037
2025-08-25 00:00:00,uniswap_v3_0.3_ethusdc,10k-100k,0x8ad599c3a0ff1de082011efddc58f1908eb6e6d8,1969,55843278.124734044,12459.124636347911,47018222.71428572,0.3%,4482.1189092063805
2025-08-25 00:00:00,uniswap_v3_0.3_ethusdc,1k-10k,0x8ad599c3a0ff1de082011efddc58f1908eb6e6d8,889,5378839.722786859,1200.370140550854,47018222.71428572,0.3%,4480.9842739994265
2025-08-25 00:00:00,uniswap_v3_0.3_ethusdt,0.5k-1k,0x4e68ccd3e89f51c3074ca5072bbac773960dfa36,254,182795.106903883,40.87419119476278,96695513.42857143,0.3%,4472.140036554523
2025-08-25 00:00:00,uniswap_v3_0.3_ethusdt,100k+,0x4e68ccd3e89f51c3074ca5072bbac773960dfa36,1411,417615927.3531123,93878.59438513672,96695513.42857143,0.3%,4448.468046292256
2025-08-25 00:00:00,uniswap_v3_0.3_ethusdt,10k-100k,0x4e68ccd3e89f51c3074ca5072bbac773960dfa36,2572,115655605.53760365,25790.35055210893,96695513.42857143,0.3%,4484.452636807849
2025-08-25 00:00:00,uniswap_v3_0.3_ethusdt,1k-10k,0x4e68ccd3e89f51c3074ca5072bbac773960dfa36,603,2544617.864691553,567.395481143336,96695513.42857143,0.3%,4484.734103916364
2025-08-25 00:00:00,uniswap_v3_1.0_ethusdc,0.5k-1k,0x7bea39867e4169dbe237d55c8242a8f2fcdcc387,74,50762.15458932429,11.292032174071853,582459.0,1%,4495.39585141119
2025-08-25 00:00:00,uniswap_v3_1.0_ethusdc,1k-10k,0x7bea39867e4169dbe237d55c8242a8f2fcdcc387,41,59773.24914582251,13.423097775620384,582459.0,1%,4453.0145086468265
2025-09-01 00:00:00,curve_usdcwbtcweth,0.5k-1k,0x7f86bf177dd4f3494b841a37e810a34dd56c829b,218,164162.2962549879,26.66898126306254,401562.28571428574,,6155.551823884564
2025-09-01 00:00:00,curve_usdcwbtcweth,100k+,0x7f86bf177dd4f3494b841a37e810a34dd56c829b,2,363305.7021268047,0.0,401562.28571428574,,inf
2025-09-01 00:00:00,curve_usdcwbtcweth,10k-100k,0x7f86bf177dd4f3494b841a37e810a34dd56c829b,351,6195631.434416597,1191.5021036766261,401562.28571428574,,5199.849345879202
2025-09-01 00:00:00,curve_usdcwbtcweth,1k-10k,0x7f86bf177dd4f3494b841a37e810a34dd56c829b,5079,16402584.426164186,3121.9361182841385,401562.28571428574,,5253.978238087487
2025-09-01 00:00:00,curve_usdt,0.5k-1k,0xf5f5b97624542d72a9e06f04804bf81baa15e2b4,25,21298.236552879473,2.9200261424662877,28066706.42857143,,7293.851326581185
2025-09-01 00:00:00,curve_usdt,10k-100k,0xf5f5b97624542d72a9e06f04804bf81baa15e2b4,583,12022150.383285541,2328.6548309165105,28066706.42857143,,5162.7017553966425
2025-09-01 00:00:00,curve_usdt,1k-10k,0xf5f5b97624542d72a9e06f04804bf81baa15e2b4,1948,8656031.753776558,1707.032256873407,28066706.42857143,,5070.807372809058
2025-09-01 00:00:00,curve_usdtwbtcweth,0.5k-1k,0xd51a44d3fae010294c616388b506acda1bfaae46,106,82476.68829172656,15.634408880273536,17298921.57142857,,5275.331413123664
2025-09-01 00:00:00,curve_usdtwbtcweth,10k-100k,0xd51a44d3fae010294c616388b506acda1bfaae46,237,4226873.343585116,676.3001084902587,17298921.57142857,,6249.996548161132
2025-09-01 00:00:00,curve_usdtwbtcweth,1k-10k,0xd51a44d3fae010294c616388b506acda1bfaae46,3724,12749556.757809667,2437.3219155654224,17298921.57142857,,5230.969563924821
2025-09-01 00:00:00,sushiv2_ethusdt,0.5k-1k,0x06da0fd433c1a5d7a4faa01111c044910a184553,186,128414.82246633597,29.535636860865253,2276479.1428571427,,4347.792569067157
2025-09-01 00:00:00,sushiv2_ethusdt,10k-100k,0x06da0fd433c1a5d7a4faa01111c044910a184553,4,46241.084362456975,10.74594702705232,2276479.1428571427,,4303.118584713626
2025-09-01 00:00:00,sushiv2_ethusdt,1k-10k,0x06da0fd433c1a5d7a4faa01111c044910a184553,116,189994.53641348067,43.66464116715499,2276479.1428571427,,4351.221751397252
2025-09-01 00:00:00,sushiv2_usdceth,0.5k-1k,0x397ff1542f962076d0bfe58ea045ffa2d347aca0,269,188074.3921202776,43.27041296598794,3324909.4285714286,,4346.489419181432
2025-09-01 00:00:00,sushiv2_usdceth,10k-100k,0x397ff1542f962076d0bfe58ea045ffa2d347aca0,2,41926.943239714215,9.66531926398018,3324909.4285714286,,4337.874631411678
2025-09-01 00:00:00,sushiv2_usdceth,1k-10k,0x397ff1542f962076d0bfe58ea045ffa2d347aca0,192,324290.21856160735,74.45071987242947,3324909.4285714286,,4355.770086807424
2025-09-01 00:00:00,uniswap_v3_0.01_ethusdc,0.5k-1k,0xe0554a476a092703abdb3ef35c80e0d76d32939f,6244,4556764.08395039,1049.0180449633615,6724994.142857143,0.01%,4343.837654489101
2025-09-01 00:00:00,uniswap_v3_0.01_ethusdc,100k+,0xe0554a476a092703abdb3ef35c80e0d76d32939f,599,251828645.93662405,58630.16326012706,6724994.142857143,0.01%,4295.206288601392
2025-09-01 00:00:00,uniswap_v3_0.01_ethusdc,10k-100k,0xe0554a476a092703abdb3ef35c80e0d76d32939f,7178,134549644.71054012,30917.167755094037,6724994.142857143,0.01%,4351.939536517577
2025-09-01 00:00:00,uniswap_v3_0.01_ethusdc,1k-10k,0xe0554a476a092703abdb3ef35c80e0d76d32939f,33721,138603635.86635143,31876.24541349754,6724994.142857143,0.01%,4348.179469331783
2025-09-01 00:00:00,uniswap_v3_0.01_ethusdt,0.5k-1k,0xc7bbec68d12a0d1830360f8ec58fa599ba1b0e9b,6873,4990718.09250127,1149.1616434777527,9236092.57142857,0.01%,4342.920876994872
2025-09-01 00:00:00,uniswap_v3_0.01_ethusdt,100k+,0xc7bbec68d12a0d1830360f8ec58fa599ba1b0e9b,846,386917250.8176708,89373.88338009539,9236092.57142857,0.01%,4329.198152576213
2025-09-01 00:00:00,uniswap_v3_0.01_ethusdt,10k-100k,0xc7bbec68d12a0d1830360f8ec58fa599ba1b0e9b,10538,206114839.80141416,47323.493504213024,9236092.57142857,0.01%,4355.444294979291
2025-09-01 00:00:00,uniswap_v3_0.01_ethusdt,1k-10k,0xc7bbec68d12a0d1830360f8ec58fa599ba1b0e9b,33307,144916801.59312025,33338.31953516804,9236092.57142857,0.01%,4346.85381907897
2025-09-01 00:00:00,uniswap_v3_0.05_ethusdc,0.5k-1k,0x88e6a0c2ddd26feeb64f039a2c41296fcb3f5640,2065,1460259.2688048892,335.5418062215438,92825888.28571428,0.05%,4351.9443530703975
2025-09-01 00:00:00,uniswap_v3_0.05_ethusdc,100k+,0x88e6a0c2ddd26feeb64f039a2c41296fcb3f5640,728,170481751.7539247,38698.80476433728,92825888.28571428,0.05%,4405.349281253034
2025-09-01 00:00:00,uniswap_v3_0.05_ethusdc,10k-100k,0x88e6a0c2ddd26feeb64f039a2c41296fcb3f5640,8973,248857142.95302913,57103.15245788876,92825888.28571428,0.05%,4358.028099001208
2025-09-01 00:00:00,uniswap_v3_0.05_ethusdc,1k-10k,0x88e6a0c2ddd26feeb64f039a2c41296fcb3f5640,7850,36962956.08939781,8506.117939896032,92825888.28571428,0.05%,4345.455394643823
2025-09-01 00:00:00,uniswap_v3_0.05_ethusdt,0.5k-1k,0x11b815efb8f581194ae79006d24e0d814b7697f6,1293,942314.8117461713,216.52953571590032,31889201.42857143,0.05%,4351.899654846831
2025-09-01 00:00:00,uniswap_v3_0.05_ethusdt,100k+,0x11b815efb8f581194ae79006d24e0d814b7697f6,624,142816071.26506662,32708.782047243585,31889201.42857143,0.05%,4366.291323803723
2025-09-01 00:00:00,uniswap_v3_0.05_ethusdt,10k-100k,0x11b815efb8f581194ae79006d24e0d814b7697f6,9137,260321729.78950003,59794.71140241262,31889201.42857143,0.05%,4353.591207047727
2025-09-01 00:00:00,uniswap_v3_0.05_ethusdt,1k-10k,0x11b815efb8f581194ae79006d24e0d814b7697f6,5717,29397923.609387167,6766.013728426581,31889201.42857143,0.05%,4344.939988205371
2025-09-01 00:00:00,uniswap_v3_0.3_ethusdc,0.5k-1k,0x8ad599c3a0ff1de082011efddc58f1908eb6e6d8,84,61921.79411295431,14.243915504843553,50927820.71428572,0.3%,4347.245256537656
2025-09-01 00:00:00,uniswap_v3_0.3_ethusdc,100k+,0x8ad599c3a0ff1de082011efddc58f1908eb6e6d8,81,18298407.45210591,4226.714175145754,50927820.71428572,0.3%,4329.227549784558
2025-09-01 00:00:00,uniswap_v3_0.3_ethusdc,10k-100k,0x8ad599c3a0ff1de082011efddc58f1908eb6e6d8,1319,40062519.006039634,9221.630113063184,50927820.71428572,0.3%,4344.407497898646
2025-09-01 00:00:00,uniswap_v3_0.3_ethusdc,1k-10k,0x8ad599c3a0ff1de082011efddc58f1908eb6e6d8,544,3105538.231589118,714.8863450124347,50927820.71428572,0.3%,4344.100643767507
2025-09-01 00:00:00,uniswap_v3_0.3_ethusdt,0.5k-1k,0x4e68ccd3e89f51c3074ca5072bbac773960dfa36,207,150739.8263035897,34.6370569087276,123785264.14285715,0.3%,4351.98136783981
2025-09-01 00:00:00,uniswap_v3_0.3_ethusdt,100k+,0x4e68ccd3e89f51c3074ca5072bbac773960dfa36,1090,392635230.04349375,90239.03145819498,123785264.14285715,0.3%,4351.057670930231
2025-09-01 00:00:00,uniswap_v3_0.3_ethusdt,10k-100k,0x4e68ccd3e89f51c3074ca5072bbac773960dfa36,1509,70427525.352127,16221.064018151468,123785264.14285715,0.3%,4341.73277864622
2025-09-01 00:00:00,uniswap_v3_0.3_ethusdt,1k-10k,0x4e68ccd3e89f51c3074ca5072bbac773960dfa36,460,1912181.9991882136,439.73906050832704,123785264.14285715,0.3%,4348.447001678178
2025-09-01 00:00:00,uniswap_v3_1.0_ethusdc,0.5k-1k,0x7bea39867e4169dbe237d55c8242a8f2fcdcc387,62,43711.743146090754,10.019973984849285,575680.6428571428,1%,4362.460742132181
2025-09-01 00:00:00,uniswap_v3_1.0_ethusdc,1k-10k,0x7bea39867e4169dbe237d55c8242a8f2fcdcc387,54,113875.83900057666,26.436982422401233,575680.6428571428,1%,4307.444669028663
2025-09-08 00:00:00,curve_usdcwbtcweth,0.5k-1k,0x7f86bf177dd4f3494b841a37e810a34dd56c829b,243,188697.69749025756,30.21562192217617,410277.71428571426,,6245.037682039784
2025-09-08 00:00:00,curve_usdcwbtcweth,100k+,0x7f86bf177dd4f3494b841a37e810a34dd56c829b,1,114221.46789294052,25.840119258019822,410277.71428571426,,4420.315043921107
2025-09-08 00:00:00,curve_usdcwbtcweth,10k-100k,0x7f86bf177dd4f3494b841a37e810a34dd56c829b,298,5247600.922649458,1013.8062723592708,410277.71428571426,,5176.1377550343495
2025-09-08 00:00:00,curve_usdcwbtcweth,1k-10k,0x7f86bf177dd4f3494b841a37e810a34dd56c829b,4353,13998686.488436077,2634.5702417144325,410277.71428571426,,5313.461097672805
2025-09-08 00:00:00,curve_usdt,0.5k-1k,0xf5f5b97624542d72a9e06f04804bf81baa15e2b4,29,22328.062258886923,4.659008925708896,28860855.285714287,,4792.448912402453
2025-09-08 00:00:00,curve_usdt,100k+,0xf5f5b97624542d72a9e06f04804bf81baa15e2b4,1,157932.88324996724,35.83782826571123,28860855.285714287,,4406.876501528236
2025-09-08 00:00:00,curve_usdt,10k-100k,0xf5f5b97624542d72a9e06f04804bf81baa15e2b4,488,10252454.336635457,1968.1343471354837,28860855.285714287,,5209.2248435973725
2025-09-08 00:00:00,curve_usdt,1k-10k,0xf5f5b97624542d72a9e06f04804bf81baa15e2b4,1666,7234474.946297338,1384.1740532841477,28860855.285714287,,5226.564483803557
2025-09-08 00:00:00,curve_usdtwbtcweth,0.5k-1k,0xd51a44d3fae010294c616388b506acda1bfaae46,116,88815.30919115414,16.038661324566917,17635908.714285713,,5537.576197529214
2025-09-08 00:00:00,curve_usdtwbtcweth,100k+,0xd51a44d3fae010294c616388b506acda1bfaae46,2,222402.11708304798,0.0,17635908.714285713,,inf
2025-09-08 00:00:00,curve_usdtwbtcweth,10k-100k,0xd51a44d3fae010294c616388b506acda1bfaae46,146,2470140.331610334,484.4613876373626,17635908.714285713,,5098.735202937011
2025-09-08 00:00:00,curve_usdtwbtcweth,1k-10k,0xd51a44d3fae010294c616388b506acda1bfaae46,3116,9969744.178229433,1910.042144456361,17635908.714285713,,5219.646177528211
2025-09-08 00:00:00,sushiv2_ethusdt,0.5k-1k,0x06da0fd433c1a5d7a4faa01111c044910a184553,145,98685.29323105629,22.049009001436154,2317370.714285714,,4475.724656134363
2025-09-08 00:00:00,sushiv2_ethusdt,10k-100k,0x06da0fd433c1a5d7a4faa01111c044910a184553,2,27004.56413274997,5.999375580575252,2317370.714285714,,4501.229131275796
2025-09-08 00:00:00,sushiv2_ethusdt,1k-10k,0x06da0fd433c1a5d7a4faa01111c044910a184553,75,150911.7949978419,33.44265739634441,2317370.714285714,,4512.553928036172
2025-09-08 00:00:00,sushiv2_usdceth,0.5k-1k,0x397ff1542f962076d0bfe58ea045ffa2d347aca0,178,127793.73072796695,28.595660237982916,3383194.285714286,,4468.9903875071805
2025-09-08 00:00:00,sushiv2_usdceth,1k-10k,0x397ff1542f962076d0bfe58ea045ffa2d347aca0,126,218004.6540969468,48.72555336806677,3383194.285714286,,4474.13398161262
2025-09-08 00:00:00,uniswap_v3_0.01_ethusdc,0.5k-1k,0xe0554a476a092703abdb3ef35c80e0d76d32939f,6825,5003951.221203557,1118.0599819941408,7384721.428571428,0.01%,4475.565981959795
2025-09-08 00:00:00,uniswap_v3_0.01_ethusdc,100k+,0xe0554a476a092703abdb3ef35c80e0d76d32939f,487,200326566.12655944,44605.912756448466,7384721.428571428,0.01%,4491.031653591691
2025-09-08 00:00:00,uniswap_v3_0.01_ethusdc,10k-100k,0xe0554a476a092703abdb3ef35c80e0d76d32939f,6560,117154885.98993851,26489.69238304477,7384721.428571428,0.01%,4422.6593610775835
2025-09-08 00:00:00,uniswap_v3_0.01_ethusdc,1k-10k,0xe0554a476a092703abdb3ef35c80e0d76d32939f,34489,136709979.2562431,30670.475927300955,7384721.428571428,0.01%,4457.380432579214
2025-09-08 00:00:00,uniswap_v3_0.01_ethusdt,0.5k-1k,0xc7bbec68d12a0d1830360f8ec58fa599ba1b0e9b,7675,5630664.195102146,1256.034566497405,8763933.857142856,0.01%,4482.889520153806
2025-09-08 00:00:00,uniswap_v3_0.01_ethusdt,100k+,0xc7bbec68d12a0d1830360f8ec58fa599ba1b0e9b,787,346791684.1470707,78158.51396450323,8763933.857142856,0.01%,4437.030165447758
2025-09-08 00:00:00,uniswap_v3_0.01_ethusdt,10k-100k,0xc7bbec68d12a0d1830360f8ec58fa599ba1b0e9b,11387,215242510.45957893,48075.7996686047,8763933.857142856,0.01%,4477.148834617105
2025-09-08 00:00:00,uniswap_v3_0.01_ethusdt,1k-10k,0xc7bbec68d12a0d1830360f8ec58fa599ba1b0e9b,34924,150901996.86340302,33671.23669749165,8763933.857142856,0.01%,4481.629178611206
2025-09-08 00:00:00,uniswap_v3_0.05_ethusdc,0.5k-1k,0x88e6a0c2ddd26feeb64f039a2c41296fcb3f5640,2047,1518301.4636322788,338.58674856357703,93954295.85714285,0.05%,4484.231796056793
2025-09-08 00:00:00,uniswap_v3_0.05_ethusdc,100k+,0x88e6a0c2ddd26feeb64f039a2c41296fcb3f5640,790,170807624.20550945,37203.829006569686,93954295.85714285,0.05%,4591.130234883812
2025-09-08 00:00:00,uniswap_v3_0.05_ethusdc,10k-100k,0x88e6a0c2ddd26feeb64f039a2c41296fcb3f5640,8309,253968227.01945755,56327.11294723571,93954295.85714285,0.05%,4508.809589750529
2025-09-08 00:00:00,uniswap_v3_0.05_ethusdc,1k-10k,0x88e6a0c2ddd26feeb64f039a2c41296fcb3f5640,6413,29815390.536806237,6680.661046734668,93954295.85714285,0.05%,4462.940168380375
2025-09-08 00:00:00,uniswap_v3_0.05_ethusdt,0.5k-1k,0x11b815efb8f581194ae79006d24e0d814b7697f6,1073,785909.8235263198,177.06245509362643,21798821.85714286,0.05%,4438.602317531118
2025-09-08 00:00:00,uniswap_v3_0.05_ethusdt,100k+,0x11b815efb8f581194ae79006d24e0d814b7697f6,206,44875059.91841478,10160.287685694973,21798821.85714286,0.05%,4416.711544653992
2025-09-08 00:00:00,uniswap_v3_0.05_ethusdt,10k-100k,0x11b815efb8f581194ae79006d24e0d814b7697f6,6025,148369947.10923076,33524.651989886086,21798821.85714286,0.05%,4425.696861938846
2025-09-08 00:00:00,uniswap_v3_0.05_ethusdt,1k-10k,0x11b815efb8f581194ae79006d24e0d814b7697f6,5923,29536359.150168512,6598.256117997079,21798821.85714286,0.05%,4476.388703616186
2025-09-08 00:00:00,uniswap_v3_0.3_ethusdc,0.5k-1k,0x8ad599c3a0ff1de082011efddc58f1908eb6e6d8,98,78173.4056578037,17.34146210759088,66759123.0,0.3%,4507.890117499657
2025-09-08 00:00:00,uniswap_v3_0.3_ethusdc,100k+,0x8ad599c3a0ff1de082011efddc58f1908eb6e6d8,125,27958624.95898246,6200.0629193173,66759123.0,0.3%,4509.409875805105
2025-09-08 00:00:00,uniswap_v3_0.3_ethusdc,10k-100k,0x8ad599c3a0ff1de082011efddc58f1908eb6e6d8,1232,40322974.6099571,9005.292774836427,66759123.0,0.3%,4477.697240741795
2025-09-08 00:00:00,uniswap_v3_0.3_ethusdc,1k-10k,0x8ad599c3a0ff1de082011efddc58f1908eb6e6d8,378,1962190.054770467,440.16813303953506,66759123.0,0.3%,4457.8194273646495
2025-09-08 00:00:00,uniswap_v3_0.3_ethusdt,0.5k-1k,0x4e68ccd3e89f51c3074ca5072bbac773960dfa36,182,131489.6492864358,29.4425977094447,121908635.0,0.3%,4465.966304469665
2025-09-08 00:00:00,uniswap_v3_0.3_ethusdt,100k+,0x4e68ccd3e89f51c3074ca5072bbac773960dfa36,742,218796580.2597816,49044.71423967031,121908635.0,0.3%,4461.165360054351
2025-09-08 00:00:00,uniswap_v3_0.3_ethusdt,10k-100k,0x4e68ccd3e89f51c3074ca5072bbac773960dfa36,1328,60286496.34775813,13470.606356141252,121908635.0,0.3%,4475.410739047653
2025-09-08 00:00:00,uniswap_v3_0.3_ethusdt,1k-10k,0x4e68ccd3e89f51c3074ca5072bbac773960dfa36,428,1566241.2214094396,347.75279849799585,121908635.0,0.3%,4503.892501151119
2025-09-08 00:00:00,uniswap_v3_1.0_ethusdc,0.5k-1k,0x7bea39867e4169dbe237d55c8242a8f2fcdcc387,32,22532.194070840203,5.014648304622764,585990.5714285715,1%,4493.275041854651
2025-09-08 00:00:00,uniswap_v3_1.0_ethusdc,1k-10k,0x7bea39867e4169dbe237d55c8242a8f2fcdcc387,22,40617.79171645125,9.197510258139062,585990.5714285715,1%,4416.17248325521
2025-09-15 00:00:00,curve_usdcwbtcweth,0.5k-1k,0x7f86bf177dd4f3494b841a37e810a34dd56c829b,206,161186.20970081518,28.49047067285517,413582.28571428574,,5657.548151859363
2025-09-15 00:00:00,curve_usdcwbtcweth,100k+,0x7f86bf177dd4f3494b841a37e810a34dd56c829b,2,428635.8033704199,96.41937226237224,413582.28571428574,,4445.53613358978
2025-09-15 00:00:00,curve_usdcwbtcweth,10k-100k,0x7f86bf177dd4f3494b841a37e810a34dd56c829b,149,2398574.8930796315,475.26031044244763,413582.28571428574,,5046.865560573863
2025-09-15 00:00:00,curve_usdcwbtcweth,1k-10k,0x7f86bf177dd4f3494b841a37e810a34dd56c829b,2937,9241290.589598319,1643.604483018641,413582.28571428574,,5622.575677468208
2025-09-15 00:00:00,curve_usdt,0.5k-1k,0xf5f5b97624542d72a9e06f04804bf81baa15e2b4,12,8533.654835425661,1.1855046658799628,29102210.14285714,,7198.330872102808
2025-09-15 00:00:00,curve_usdt,10k-100k,0xf5f5b97624542d72a9e06f04804bf81baa15e2b4,207,4296761.403032687,812.4742412293471,29102210.14285714,,5288.489388329774
2025-09-15 00:00:00,curve_usdt,1k-10k,0xf5f5b97624542d72a9e06f04804bf81baa15e2b4,618,2738028.5161585137,473.6535060586095,29102210.14285714,,5780.657128334889
2025-09-15 00:00:00,curve_usdtwbtcweth,0.5k-1k,0xd51a44d3fae010294c616388b506acda1bfaae46,77,58236.46555280926,11.846803623628878,17704812.14285714,,4915.795635934618
2025-09-15 00:00:00,curve_usdtwbtcweth,10k-100k,0xd51a44d3fae010294c616388b506acda1bfaae46,72,1139153.1053848881,193.4316317284133,17704812.14285714,,5889.176941775016
2025-09-15 00:00:00,curve_usdtwbtcweth,1k-10k,0xd51a44d3fae010294c616388b506acda1bfaae46,1903,5724143.507152708,1050.5828848115943,17704812.14285714,,5448.5406053223915
2025-09-15 00:00:00,sushiv2_ethusdt,0.5k-1k,0x06da0fd433c1a5d7a4faa01111c044910a184553,112,76509.50588894698,16.913915772487577,2322949.0,,4523.4649928550825
2025-09-15 00:00:00,sushiv2_ethusdt,10k-100k,0x06da0fd433c1a5d7a4faa01111c044910a184553,2,22910.437101809897,4.952008519221668,2322949.0,,4626.493878772819
2025-09-15 00:00:00,sushiv2_ethusdt,1k-10k,0x06da0fd433c1a5d7a4faa01111c044910a184553,60,112128.61258116727,24.827932970400088,2322949.0,,4516.228262531852
2025-09-15 00:00:00,sushiv2_usdceth,0.5k-1k,0x397ff1542f962076d0bfe58ea045ffa2d347aca0,149,102255.25447529272,22.516919953607268,3393179.0,,4541.262956300166
2025-09-15 00:00:00,sushiv2_usdceth,1k-10k,0x397ff1542f962076d0bfe58ea045ffa2d347aca0,97,154043.65706599786,34.161418866983844,3393179.0,,4509.287441069294
2025-09-15 00:00:00,uniswap_v3_0.01_ethusdc,0.5k-1k,0xe0554a476a092703abdb3ef35c80e0d76d32939f,7522,5463745.6021155985,1208.645992697421,7929596.0,0.01%,4520.550794134327
2025-09-15 00:00:00,uniswap_v3_0.01_ethusdc,100k+,0xe0554a476a092703abdb3ef35c80e0d76d32939f,448,221913876.5926158,49308.509096737114,7929596.0,0.01%,4500.518889290459
2025-09-15 00:00:00,uniswap_v3_0.01_ethusdc,10k-100k,0xe0554a476a092703abdb3ef35c80e0d76d32939f,7497,137066702.90418115,30338.270481715965,7929596.0,0.01%,4517.9471580882455
2025-09-15 00:00:00,uniswap_v3_0.01_ethusdc,1k-10k,0xe0554a476a092703abdb3ef35c80e0d76d32939f,30391,123442727.10880496,27286.872580947118,7929596.0,0.01%,4523.886962223661
2025-09-15 00:00:00,uniswap_v3_0.01_ethusdt,0.5k-1k,0xc7bbec68d12a0d1830360f8ec58fa599ba1b0e9b,8279,5980146.983340239,1322.5052158050491,10403022.0,0.01%,4521.832437310988
2025-09-15 00:00:00,uniswap_v3_0.01_ethusdt,100k+,0xc7bbec68d12a0d1830360f8ec58fa599ba1b0e9b,613,287458375.2673714,64188.922188589015,10403022.0,0.01%,4478.317526859384
2025-09-15 00:00:00,uniswap_v3_0.01_ethusdt,10k-100k,0xc7bbec68d12a0d1830360f8ec58fa599ba1b0e9b,13976,293910713.29482484,64964.3967208937,10403022.0,0.01%,4524.181369028213
2025-09-15 00:00:00,uniswap_v3_0.01_ethusdt,1k-10k,0xc7bbec68d12a0d1830360f8ec58fa599ba1b0e9b,30185,127055505.24894546,28074.549550975,10403022.0,0.01%,4525.647153064757
2025-09-15 00:00:00,uniswap_v3_0.05_ethusdc,0.5k-1k,0x88e6a0c2ddd26feeb64f039a2c41296fcb3f5640,1903,1378628.378941848,305.1182142903903,90466741.28571428,0.05%,4518.3417913876665
2025-09-15 00:00:00,uniswap_v3_0.05_ethusdc,100k+,0x88e6a0c2ddd26feeb64f039a2c41296fcb3f5640,490,176711042.54806465,38596.80545293928,90466741.28571428,0.05%,4578.385192099039
2025-09-15 00:00:00,uniswap_v3_0.05_ethusdc,10k-100k,0x88e6a0c2ddd26feeb64f039a2c41296fcb3f5640,6837,190772011.65633473,42126.21973316255,90466741.28571428,0.05%,4528.58131740113
2025-09-15 00:00:00,uniswap_v3_0.05_ethusdc,1k-10k,0x88e6a0c2ddd26feeb64f039a2c41296fcb3f5640,5864,26123807.89844338,5781.024478483043,90466741.28571428,0.05%,4518.888995484472
2025-09-15 00:00:00,uniswap_v3_0.05_ethusdt,0.5k-1k,0x11b815efb8f581194ae79006d24e0d814b7697f6,1057,763928.1392414914,168.91436995076572,21204999.0,0.05%,4522.576376800607
2025-09-15 00:00:00,uniswap_v3_0.05_ethusdt,100k+,0x11b815efb8f581194ae79006d24e0d814b7697f6,236,41309024.89277011,9157.595047292774,21204999.0,0.05%,4510.90320978783
2025-09-15 00:00:00,uniswap_v3_0.05_ethusdt,10k-100k,0x11b815efb8f581194ae79006d24e0d814b7697f6,5792,149908082.94666272,33124.28959173404,21204999.0,0.05%,4525.624090186416
2025-09-15 00:00:00,uniswap_v3_0.05_ethusdt,1k-10k,0x11b815efb8f581194ae79006d24e0d814b7697f6,4637,22903051.11049231,5065.209283474478,21204999.0,0.05%,4521.639645811826
2025-09-15 00:00:00,uniswap_v3_0.3_ethusdc,0.5k-1k,0x8ad599c3a0ff1de082011efddc58f1908eb6e6d8,83,62952.228212611735,13.952161005943681,70007072.0,0.3%,4512.005572885362
2025-09-15 00:00:00,uniswap_v3_0.3_ethusdc,100k+,0x8ad599c3a0ff1de082011efddc58f1908eb6e6d8,297,79422272.58615345,17638.92390673758,70007072.0,0.3%,4502.671081642137
2025-09-15 00:00:00,uniswap_v3_0.3_ethusdc,10k-100k,0x8ad599c3a0ff1de082011efddc58f1908eb6e6d8,1072,44995921.640777625,9941.900175335433,70007072.0,0.3%,4525.887491045894
2025-09-15 00:00:00,uniswap_v3_0.3_ethusdc,1k-10k,0x8ad599c3a0ff1de082011efddc58f1908eb6e6d8,284,1355547.269928852,299.1900652165641,70007072.0,0.3%,4530.722866575333
2025-09-15 00:00:00,uniswap_v3_0.3_ethusdt,0.5k-1k,0x4e68ccd3e89f51c3074ca5072bbac773960dfa36,304,225687.3472758411,50.01241807462903,129409311.71428572,0.3%,4512.626182942568
2025-09-15 00:00:00,uniswap_v3_0.3_ethusdt,100k+,0x4e68ccd3e89f51c3074ca5072bbac773960dfa36,673,201720493.9289532,44716.93253326588,129409311.71428572,0.3%,4511.053923005319
2025-09-15 00:00:00,uniswap_v3_0.3_ethusdt,10k-100k,0x4e68ccd3e89f51c3074ca5072bbac773960dfa36,1035,46302245.39956365,10224.964098168692,129409311.71428572,0.3%,4528.352858261523
2025-09-15 00:00:00,uniswap_v3_0.3_ethusdt,1k-10k,0x4e68ccd3e89f51c3074ca5072bbac773960dfa36,507,1753143.826229534,388.2503706895196,129409311.71428572,0.3%,4515.498138780936
2025-09-15 00:00:00,uniswap_v3_1.0_ethusdc,0.5k-1k,0x7bea39867e4169dbe237d55c8242a8f2fcdcc387,22,14790.207838979151,3.2605428155953873,588536.2142857143,1%,4536.11827093226
2025-09-15 00:00:00,uniswap_v3_1.0_ethusdc,1k-10k,0x7bea39867e4169dbe237d55c8242a8f2fcdcc387,8,10732.564491924943,2.3840255498783387,588536.2142857143,1%,4501.866388333231
2025-09-22 00:00:00,curve_usdcwbtcweth,0.5k-1k,0x7f86bf177dd4f3494b841a37e810a34dd56c829b,306,238387.12748505652,47.717194489383665,394870.28571428574,,4995.832844659255
2025-09-22 00:00:00,curve_usdcwbtcweth,10k-100k,0x7f86bf177dd4f3494b841a37e810a34dd56c829b,603,11316876.338413425,2320.797305458892,394870.28571428574,,4876.288123824642
2025-09-22 00:00:00,curve_usdcwbtcweth,1k-10k,0x7f86bf177dd4f3494b841a37e810a34dd56c829b,6477,22466032.44987149,4742.174512289975,394870.28571428574,,4737.495929693811
2025-09-22 00:00:00,curve_usdt,0.5k-1k,0xf5f5b97624542d72a9e06f04804bf81baa15e2b4,27,18908.839690156303,4.220945194102285,27784213.85714286,,4479.764323065999
2025-09-22 00:00:00,curve_usdt,10k-100k,0xf5f5b97624542d72a9e06f04804bf81baa15e2b4,395,9004219.311241658,2052.451751222959,27784213.85714286,,4387.055289302888
2025-09-22 00:00:00,curve_usdt,1k-10k,0xf5f5b97624542d72a9e06f04804bf81baa15e2b4,1284,5395572.335025967,1209.8970031621918,27784213.85714286,,4459.530291358749
2025-09-22 00:00:00,curve_usdtwbtcweth,0.5k-1k,0xd51a44d3fae010294c616388b506acda1bfaae46,164,126634.60126964087,26.508437100832285,16889279.85714286,,4777.143246429452
2025-09-22 00:00:00,curve_usdtwbtcweth,100k+,0xd51a44d3fae010294c616388b506acda1bfaae46,4,726369.6444374379,175.98277478103307,16889279.85714286,,4127.504213643777
2025-09-22 00:00:00,curve_usdtwbtcweth,10k-100k,0xd51a44d3fae010294c616388b506acda1bfaae46,399,7507138.385246728,1508.8242690751504,16889279.85714286,,4975.488888343708
2025-09-22 00:00:00,curve_usdtwbtcweth,1k-10k,0xd51a44d3fae010294c616388b506acda1bfaae46,4609,16507848.237461366,3563.193655254949,16889279.85714286,,4632.879892204516
2025-09-22 00:00:00,sushiv2_ethusdt,0.5k-1k,0x06da0fd433c1a5d7a4faa01111c044910a184553,250,173298.91653776844,42.7439878934156,2212492.1428571427,,4054.346004633411
2025-09-22 00:00:00,sushiv2_ethusdt,1k-10k,0x06da0fd433c1a5d7a4faa01111c044910a184553,128,246757.03004412394,60.5347845320584,2212492.1428571427,,4076.284931904643
2025-09-22 00:00:00,sushiv2_usdceth,0.5k-1k,0x397ff1542f962076d0bfe58ea045ffa2d347aca0,309,214157.64320316707,52.891591968321436,3231490.285714286,,4048.9921976905766
2025-09-22 00:00:00,sushiv2_usdceth,10k-100k,0x397ff1542f962076d0bfe58ea045ffa2d347aca0,3,33805.399745275485,8.068017959665475,3231490.285714286,,4190.0501355201695
2025-09-22 00:00:00,sushiv2_usdceth,1k-10k,0x397ff1542f962076d0bfe58ea045ffa2d347aca0,220,404449.49291459756,99.71185700798969,3231490.285714286,,4056.18253486333
2025-09-22 00:00:00,uniswap_v3_0.01_ethusdc,0.5k-1k,0xe0554a476a092703abdb3ef35c80e0d76d32939f,8772,6376302.070977376,1561.4243867053792,6348218.857142857,0.01%,4083.644475690197
2025-09-22 00:00:00,uniswap_v3_0.01_ethusdc,100k+,0xe0554a476a092703abdb3ef35c80e0d76d32939f,601,179931757.78857365,43892.789634624256,6348218.857142857,0.01%,4099.346596249075
2025-09-22 00:00:00,uniswap_v3_0.01_ethusdc,10k-100k,0xe0554a476a092703abdb3ef35c80e0d76d32939f,7498,140468287.7280485,34269.05163594052,6348218.857142857,0.01%,4098.983806739749
2025-09-22 00:00:00,uniswap_v3_0.01_ethusdc,1k-10k,0xe0554a476a092703abdb3ef35c80e0d76d32939f,39538,155336643.26262605,38036.488005855856,6348218.857142857,0.01%,4083.885011642279
2025-09-22 00:00:00,uniswap_v3_0.01_ethusdt,0.5k-1k,0xc7bbec68d12a0d1830360f8ec58fa599ba1b0e9b,9954,7253884.68860916,1777.9773329332156,8966438.42857143,0.01%,4079.8521748542616
2025-09-22 00:00:00,uniswap_v3_0.01_ethusdt,100k+,0xc7bbec68d12a0d1830360f8ec58fa599ba1b0e9b,916,303000092.4449941,73908.9934885487,8966438.42857143,0.01%,4099.6376508894045
2025-09-22 00:00:00,uniswap_v3_0.01_ethusdt,10k-100k,0xc7bbec68d12a0d1830360f8ec58fa599ba1b0e9b,12459,250702866.70692506,61143.80496658129,8966438.42857143,0.01%,4100.2169695515195
2025-09-22 00:00:00,uniswap_v3_0.01_ethusdt,1k-10k,0xc7bbec68d12a0d1830360f8ec58fa599ba1b0e9b,41275,168829480.72519976,41388.68404465692,8966438.42857143,0.01%,4079.1217363431692
2025-09-22 00:00:00,uniswap_v3_0.05_ethusdc,0.5k-1k,0x88e6a0c2ddd26feeb64f039a2c41296fcb3f5640,2120,1525298.0212961666,374.30231998624544,77556914.14285715,0.05%,4075.042926135796
2025-09-22 00:00:00,uniswap_v3_0.05_ethusdc,100k+,0x88e6a0c2ddd26feeb64f039a2c41296fcb3f5640,621,125928748.33061777,30841.867978178976,77556914.14285715,0.05%,4083.045437446072
2025-09-22 00:00:00,uniswap_v3_0.05_ethusdc,10k-100k,0x88e6a0c2ddd26feeb64f039a2c41296fcb3f5640,11072,313935374.5230706,77189.27858905868,77556914.14285715,0.05%,4067.0852255842933
2025-09-22 00:00:00,uniswap_v3_0.05_ethusdc,1k-10k,0x88e6a0c2ddd26feeb64f039a2c41296fcb3f5640,9587,45418250.99238544,11160.476377915722,77556914.14285715,0.05%,4069.562037894617
2025-09-22 00:00:00,uniswap_v3_0.05_ethusdt,0.5k-1k,0x11b815efb8f581194ae79006d24e0d814b7697f6,1349,976494.1926169998,239.73045081639808,12340318.42857143,0.05%,4073.300614467478
2025-09-22 00:00:00,uniswap_v3_0.05_ethusdt,100k+,0x11b815efb8f581194ae79006d24e0d814b7697f6,77,18644258.104330774,4506.192130338317,12340318.42857143,0.05%,4137.475181940588
2025-09-22 00:00:00,uniswap_v3_0.05_ethusdt,10k-100k,0x11b815efb8f581194ae79006d24e0d814b7697f6,4935,86635625.03328569,21119.698197175127,12340318.42857143,0.05%,4102.124198198707
2025-09-22 00:00:00,uniswap_v3_0.05_ethusdt,1k-10k,0x11b815efb8f581194ae79006d24e0d814b7697f6,10542,47846029.82634221,11760.194342531511,12340318.42857143,0.05%,4068.472716756382
2025-09-22 00:00:00,uniswap_v3_0.3_ethusdc,0.5k-1k,0x8ad599c3a0ff1de082011efddc58f1908eb6e6d8,87,66779.59693214027,16.249187088621348,68772775.85714285,0.3%,4109.719247364893
2025-09-22 00:00:00,uniswap_v3_0.3_ethusdc,100k+,0x8ad599c3a0ff1de082011efddc58f1908eb6e6d8,207,55808211.93275757,13401.516023880327,68772775.85714285,0.3%,4164.32080022232
2025-09-22 00:00:00,uniswap_v3_0.3_ethusdc,10k-100k,0x8ad599c3a0ff1de082011efddc58f1908eb6e6d8,1538,53404073.67767341,13088.354118127474,68772775.85714285,0.3%,4080.274203744865
2025-09-22 00:00:00,uniswap_v3_0.3_ethusdc,1k-10k,0x8ad599c3a0ff1de082011efddc58f1908eb6e6d8,571,3182655.153005825,786.3924707685849,68772775.85714285,0.3%,4047.158729654723
2025-09-22 00:00:00,uniswap_v3_0.3_ethusdt,0.5k-1k,0x4e68ccd3e89f51c3074ca5072bbac773960dfa36,323,232270.16448015807,57.45287509200377,140248049.57142857,0.3%,4042.7944486364822
2025-09-22 00:00:00,uniswap_v3_0.3_ethusdt,100k+,0x4e68ccd3e89f51c3074ca5072bbac773960dfa36,1131,366289135.17543256,90313.75774997621,140248049.57142857,0.3%,4055.7401696147344
2025-09-22 00:00:00,uniswap_v3_0.3_ethusdt,10k-100k,0x4e68ccd3e89f51c3074ca5072bbac773960dfa36,1714,77759815.20860896,19159.40244692163,140248049.57142857,0.3%,4058.57204701615
2025-09-22 00:00:00,uniswap_v3_0.3_ethusdt,1k-10k,0x4e68ccd3e89f51c3074ca5072bbac773960dfa36,744,3046275.4836972593,751.1880239109361,140248049.57142857,0.3%,4055.2769569425914
2025-09-22 00:00:00,uniswap_v3_1.0_ethusdc,0.5k-1k,0x7bea39867e4169dbe237d55c8242a8f2fcdcc387,50,36407.93723376318,8.928547959033109,558240.3571428572,1%,4077.6996887751357
2025-09-22 00:00:00,uniswap_v3_1.0_ethusdc,1k-10k,0x7bea39867e4169dbe237d55c8242a8f2fcdcc387,35,65266.31954512071,16.037394619129238,558240.3571428572,1%,4069.63357173189
2025-09-29 00:00:00,curve_usdcwbtcweth,0.5k-1k,0x7f86bf177dd4f3494b841a37e810a34dd56c829b,260,206135.9623877727,36.72620759885826,412788.0,,5612.775613515321
2025-09-29 00:00:00,curve_usdcwbtcweth,10k-100k,0x7f86bf177dd4f3494b841a37e810a34dd56c829b,283,4809790.521619544,851.8929285793956,412788.0,,5646.003576576556
2025-09-29 00:00:00,curve_usdcwbtcweth,1k-10k,0x7f86bf177dd4f3494b841a37e810a34dd56c829b,4962,15562713.221274763,2818.45951000737,412788.0,,5521.708992453849
2025-09-29 00:00:00,curve_usdt,0.5k-1k,0xf5f5b97624542d72a9e06f04804bf81baa15e2b4,14,10513.03242484573,2.498457382970776,29067288.42857143,,4207.809385303691
2025-09-29 00:00:00,curve_usdt,10k-100k,0xf5f5b97624542d72a9e06f04804bf81baa15e2b4,224,4588908.389971004,763.7599739980244,29067288.42857143,,6008.312226614371
2025-09-29 00:00:00,curve_usdt,1k-10k,0xf5f5b97624542d72a9e06f04804bf81baa15e2b4,804,3473543.01011049,643.6355637574518,29067288.42857143,,5396.754321393377
2025-09-29 00:00:00,curve_usdtwbtcweth,0.5k-1k,0xd51a44d3fae010294c616388b506acda1bfaae46,157,122202.92584112458,23.152282932692614,17652621.42857143,,5278.22358582901
2025-09-29 00:00:00,curve_usdtwbtcweth,10k-100k,0xd51a44d3fae010294c616388b506acda1bfaae46,220,3562581.631095703,607.8202144038087,17652621.42857143,,5861.242431020701
2025-09-29 00:00:00,curve_usdtwbtcweth,1k-10k,0xd51a44d3fae010294c616388b506acda1bfaae46,3582,11740506.911313415,2186.4327427576286,17652621.42857143,,5369.7086956837975
2025-09-29 00:00:00,sushiv2_ethusdt,0.5k-1k,0x06da0fd433c1a5d7a4faa01111c044910a184553,158,111117.61777576218,25.630911198337348,2291076.0,,4335.297208745754
2025-09-29 00:00:00,sushiv2_ethusdt,10k-100k,0x06da0fd433c1a5d7a4faa01111c044910a184553,1,10854.010220708113,2.668886819134367,2291076.0,,4066.86793268683
2025-09-29 00:00:00,sushiv2_ethusdt,1k-10k,0x06da0fd433c1a5d7a4faa01111c044910a184553,90,138956.4924477371,31.983855442156884,2291076.0,,4344.58230650277
2025-09-29 00:00:00,sushiv2_usdceth,0.5k-1k,0x397ff1542f962076d0bfe58ea045ffa2d347aca0,244,171808.53485735768,39.472478069572226,3348932.0,,4352.6158797159
2025-09-29 00:00:00,sushiv2_usdceth,1k-10k,0x397ff1542f962076d0bfe58ea045ffa2d347aca0,161,268616.4121734061,61.80564247097132,3348932.0,,4346.147073862537
2025-09-29 00:00:00,uniswap_v3_0.01_ethusdc,0.5k-1k,0xe0554a476a092703abdb3ef35c80e0d76d32939f,8897,6475900.757015077,1488.1815138934264,6546623.857142857,0.01%,4351.553017261063
2025-09-29 00:00:00,uniswap_v3_0.01_ethusdc,100k+,0xe0554a476a092703abdb3ef35c80e0d76d32939f,480,170375213.20390397,39515.43747979338,6546623.857142857,0.01%,4311.611463014349
2025-09-29 00:00:00,uniswap_v3_0.01_ethusdc,10k-100k,0xe0554a476a092703abdb3ef35c80e0d76d32939f,6138,113639980.36878955,26205.122532729703,6546623.857142857,0.01%,4336.555962554854
2025-09-29 00:00:00,uniswap_v3_0.01_ethusdc,1k-10k,0xe0554a476a092703abdb3ef35c80e0d76d32939f,36903,137328204.49162954,31525.145865748407,6546623.857142857,0.01%,4356.148107179246
2025-09-29 00:00:00,uniswap_v3_0.01_ethusdt,0.5k-1k,0xc7bbec68d12a0d1830360f8ec58fa599ba1b0e9b,9954,7311044.856085446,1674.6803787469767,10716796.142857144,0.01%,4365.635943949907
2025-09-29 00:00:00,uniswap_v3_0.01_ethusdt,100k+,0xc7bbec68d12a0d1830360f8ec58fa599ba1b0e9b,887,386646973.23218024,88809.60986851768,10716796.142857144,0.01%,4353.661431511857
2025-09-29 00:00:00,uniswap_v3_0.01_ethusdt,10k-100k,0xc7bbec68d12a0d1830360f8ec58fa599ba1b0e9b,19648,444931270.35444176,101388.2225386627,10716796.142857144,0.01%,4388.392055938989
2025-09-29 00:00:00,uniswap_v3_0.01_ethusdt,1k-10k,0xc7bbec68d12a0d1830360f8ec58fa599ba1b0e9b,40112,160624875.99975595,36866.73172704857,10716796.142857144,0.01%,4356.905765039863
2025-09-29 00:00:00,uniswap_v3_0.05_ethusdc,0.5k-1k,0x88e6a0c2ddd26feeb64f039a2c41296fcb3f5640,2303,1661484.4974454262,381.9626280146885,73936977.28571428,0.05%,4349.861414665765
2025-09-29 00:00:00,uniswap_v3_0.05_ethusdc,100k+,0x88e6a0c2ddd26feeb64f039a2c41296fcb3f5640,431,98457997.05005312,22539.150149128483,73936977.28571428,0.05%,4368.3100914903025
2025-09-29 00:00:00,uniswap_v3_0.05_ethusdc,10k-100k,0x88e6a0c2ddd26feeb64f039a2c41296fcb3f5640,8225,217905792.60655892,50077.60538734039,73936977.28571428,0.05%,4351.362069354169
2025-09-29 00:00:00,uniswap_v3_0.05_ethusdc,1k-10k,0x88e6a0c2ddd26feeb64f039a2c41296fcb3f5640,8568,39291927.52820135,9036.152798182118,73936977.28571428,0.05%,4348.302690953395
2025-09-29 00:00:00,uniswap_v3_0.05_ethusdt,0.5k-1k,0x11b815efb8f581194ae79006d24e0d814b7697f6,914,670222.0239023302,155.73279289175966,11908009.42857143,0.05%,4303.666629597791
2025-09-29 00:00:00,uniswap_v3_0.05_ethusdt,100k+,0x11b815efb8f581194ae79006d24e0d814b7697f6,46,18430395.355421066,4286.361346903591,11908009.42857143,0.05%,4299.776398631192
2025-09-29 00:00:00,uniswap_v3_0.05_ethusdt,10k-100k,0x11b815efb8f581194ae79006d24e0d814b7697f6,3647,66020610.375338525,15032.375425203078,11908009.42857143,0.05%,4391.8947277387215
2025-09-29 00:00:00,uniswap_v3_0.05_ethusdt,1k-10k,0x11b815efb8f581194ae79006d24e0d814b7697f6,8242,40330047.23901022,9289.69570483918,11908009.42857143,0.05%,4341.374413157746
2025-09-29 00:00:00,uniswap_v3_0.3_ethusdc,0.5k-1k,0x8ad599c3a0ff1de082011efddc58f1908eb6e6d8,103,76654.5543523978,17.788485736277153,62804803.71428572,0.3%,4309.223139554339
2025-09-29 00:00:00,uniswap_v3_0.3_ethusdc,100k+,0x8ad599c3a0ff1de082011efddc58f1908eb6e6d8,241,49686182.878103234,11267.329596992442,62804803.71428572,0.3%,4409.756761829869
2025-09-29 00:00:00,uniswap_v3_0.3_ethusdc,10k-100k,0x8ad599c3a0ff1de082011efddc58f1908eb6e6d8,1439,52313362.11169911,11970.645162570083,62804803.71428572,0.3%,4370.1372316400275
2025-09-29 00:00:00,uniswap_v3_0.3_ethusdc,1k-10k,0x8ad599c3a0ff1de082011efddc58f1908eb6e6d8,513,2582305.2430387107,597.5364596074477,62804803.71428572,0.3%,4321.586074823215
2025-09-29 00:00:00,uniswap_v3_0.3_ethusdt,0.5k-1k,0x4e68ccd3e89f51c3074ca5072bbac773960dfa36,363,265376.12954190496,61.500523221319305,157163787.14285713,0.3%,4315.022306182782
2025-09-29 00:00:00,uniswap_v3_0.3_ethusdt,100k+,0x4e68ccd3e89f51c3074ca5072bbac773960dfa36,1041,295264278.5214066,67863.36756920282,157163787.14285713,0.3%,4350.863935838647
2025-09-29 00:00:00,uniswap_v3_0.3_ethusdt,10k-100k,0x4e68ccd3e89f51c3074ca5072bbac773960dfa36,1423,65390761.39172268,15076.853394305075,157163787.14285713,0.3%,4337.162382730504
2025-09-29 00:00:00,uniswap_v3_0.3_ethusdt,1k-10k,0x4e68ccd3e89f51c3074ca5072bbac773960dfa36,644,2479277.663726035,574.5929045700958,157163787.14285713,0.3%,4314.842115185887
2025-09-29 00:00:00,uniswap_v3_1.0_ethusdc,0.5k-1k,0x7bea39867e4169dbe237d55c8242a8f2fcdcc387,41,28765.63718784498,6.599085062458395,579498.3571428572,1%,4359.034156339356
2025-09-29 00:00:00,uniswap_v3_1.0_ethusdc,1k-10k,0x7bea39867e4169dbe237d55c8242a8f2fcdcc387,25,35967.22622721357,8.233627437447204,579498.3571428572,1%,4368.332973584852
2025-10-06 00:00:00,curve_usdcwbtcweth,0.5k-1k,0x7f86bf177dd4f3494b841a37e810a34dd56c829b,356,278381.6250088835,50.67443262819099,409122.0,,5493.532153609459
2025-10-06 00:00:00,curve_usdcwbtcweth,100k+,0x7f86bf177dd4f3494b841a37e810a34dd56c829b,39,6702774.625323106,917.9952936576236,409122.0,,7301.534846237435
2025-10-06 00:00:00,curve_usdcwbtcweth,10k-100k,0x7f86bf177dd4f3494b841a37e810a34dd56c829b,1043,21223409.305977516,4543.721005692098,409122.0,,4670.931441298909
2025-10-06 00:00:00,curve_usdcwbtcweth,1k-10k,0x7f86bf177dd4f3494b841a37e810a34dd56c829b,7974,29832616.613389738,5626.4677206213455,409122.0,,5302.192795677364
2025-10-06 00:00:00,curve_usdt,0.5k-1k,0xf5f5b97624542d72a9e06f04804bf81baa15e2b4,35,26612.109074946795,3.830976670810795,28845866.285714287,,6946.559940631159
2025-10-06 00:00:00,curve_usdt,100k+,0xf5f5b97624542d72a9e06f04804bf81baa15e2b4,21,3671480.934169187,409.29015843913896,28845866.285714287,,8970.362121998427
2025-10-06 00:00:00,curve_usdt,10k-100k,0xf5f5b97624542d72a9e06f04804bf81baa15e2b4,934,22457620.959354237,4799.219494050298,28845866.285714287,,4679.4319341291775
2025-10-06 00:00:00,curve_usdt,1k-10k,0xf5f5b97624542d72a9e06f04804bf81baa15e2b4,2190,10125960.68500304,2041.3631988119503,28845866.285714287,,4960.391512346373
2025-10-06 00:00:00,curve_usdtwbtcweth,0.5k-1k,0xd51a44d3fae010294c616388b506acda1bfaae46,236,180606.14999841552,35.066900761745515,17498697.714285713,,5150.331112107825
2025-10-06 00:00:00,curve_usdtwbtcweth,100k+,0xd51a44d3fae010294c616388b506acda1bfaae46,9,1207018.0028439574,178.81619152733634,17498697.714285713,,6750.048709428172
2025-10-06 00:00:00,curve_usdtwbtcweth,10k-100k,0xd51a44d3fae010294c616388b506acda1bfaae46,612,11818629.984479733,2580.9360830698874,17498697.714285713,,4579.202895416959
2025-10-06 00:00:00,curve_usdtwbtcweth,1k-10k,0xd51a44d3fae010294c616388b506acda1bfaae46,5698,21240010.065633994,4068.6788263819362,17498697.714285713,,5220.370290205881
2025-10-06 00:00:00,sushiv2_ethusdt,0.5k-1k,0x06da0fd433c1a5d7a4faa01111c044910a184553,356,255656.85436504375,62.59657088682719,2258939.0,,4084.199034277198
2025-10-06 00:00:00,sushiv2_ethusdt,10k-100k,0x06da0fd433c1a5d7a4faa01111c044910a184553,26,787891.6938332467,222.80380155896904,2258939.0,,3536.257857003921
2025-10-06 00:00:00,sushiv2_ethusdt,1k-10k,0x06da0fd433c1a5d7a4faa01111c044910a184553,328,722429.4141633916,183.20277066507091,2258939.0,,3943.3323608632986
2025-10-06 00:00:00,sushiv2_usdceth,0.5k-1k,0x397ff1542f962076d0bfe58ea045ffa2d347aca0,412,295878.78748833993,71.70959181139891,3303883.1428571427,,4126.069888481881
2025-10-06 00:00:00,sushiv2_usdceth,10k-100k,0x397ff1542f962076d0bfe58ea045ffa2d347aca0,51,1668693.2085897939,459.6126374059756,3303883.1428571427,,3630.6512762742814
2025-10-06 00:00:00,sushiv2_usdceth,1k-10k,0x397ff1542f962076d0bfe58ea045ffa2d347aca0,506,1115868.4185141313,279.1080112679185,3303883.1428571427,,3997.980614906099
2025-10-06 00:00:00,uniswap_v3_0.01_ethusdc,0.5k-1k,0xe0554a476a092703abdb3ef35c80e0d76d32939f,10230,7535861.384582325,1775.4686297093774,6174754.571428572,0.01%,4244.435107713423
2025-10-06 00:00:00,uniswap_v3_0.01_ethusdc,100k+,0xe0554a476a092703abdb3ef35c80e0d76d32939f,649,204218634.38835767,47374.02607025572,6174754.571428572,0.01%,4310.772195833668
2025-10-06 00:00:00,uniswap_v3_0.01_ethusdc,10k-100k,0xe0554a476a092703abdb3ef35c80e0d76d32939f,8884,176374745.6842066,41830.50778742305,6174754.571428572,0.01%,4216.414167872861
2025-10-06 00:00:00,uniswap_v3_0.01_ethusdc,1k-10k,0xe0554a476a092703abdb3ef35c80e0d76d32939f,45759,171225087.26128873,40268.89782304099,6174754.571428572,0.01%,4252.043053518029
2025-10-06 00:00:00,uniswap_v3_0.01_ethusdt,0.5k-1k,0xc7bbec68d12a0d1830360f8ec58fa599ba1b0e9b,10986,8125061.59728222,1909.8858404472069,12820070.285714285,0.01%,4254.213223225795
2025-10-06 00:00:00,uniswap_v3_0.01_ethusdt,100k+,0xc7bbec68d12a0d1830360f8ec58fa599ba1b0e9b,1516,524427164.3103671,124225.65880001958,12820070.285714285,0.01%,4221.568791634249
2025-10-06 00:00:00,uniswap_v3_0.01_ethusdt,10k-100k,0xc7bbec68d12a0d1830360f8ec58fa599ba1b0e9b,30683,748912780.6941372,176199.3937763471,12820070.285714285,0.01%,4250.370927182332
2025-10-06 00:00:00,uniswap_v3_0.01_ethusdt,1k-10k,0xc7bbec68d12a0d1830360f8ec58fa599ba1b0e9b,49862,202419879.5167485,47965.79293723823,12820070.285714285,0.01%,4220.088257096233
2025-10-06 00:00:00,uniswap_v3_0.05_ethusdc,0.5k-1k,0x88e6a0c2ddd26feeb64f039a2c41296fcb3f5640,3224,2374844.039226861,564.246656472474,73688973.28571428,0.05%,4208.87569644414
2025-10-06 00:00:00,uniswap_v3_0.05_ethusdc,100k+,0x88e6a0c2ddd26feeb64f039a2c41296fcb3f5640,1017,243798772.64988804,59987.5355137334,73688973.28571428,0.05%,4064.1571713522612
2025-10-06 00:00:00,uniswap_v3_0.05_ethusdc,10k-100k,0x88e6a0c2ddd26feeb64f039a2c41296fcb3f5640,13808,396405150.3572973,95271.5122063606,73688973.28571428,0.05%,4160.794146928973
2025-10-06 00:00:00,uniswap_v3_0.05_ethusdc,1k-10k,0x88e6a0c2ddd26feeb64f039a2c41296fcb3f5640,12567,56630238.39462059,13539.630438146769,73688973.28571428,0.05%,4182.554217659417
2025-10-06 00:00:00,uniswap_v3_0.05_ethusdt,0.5k-1k,0x11b815efb8f581194ae79006d24e0d814b7697f6,983,723279.8469831558,174.1164260295746,12303688.714285715,0.05%,4154.00122479141
2025-10-06 00:00:00,uniswap_v3_0.05_ethusdt,100k+,0x11b815efb8f581194ae79006d24e0d814b7697f6,92,13457372.798786797,3417.442514436046,12303688.714285715,0.05%,3937.849061671067
2025-10-06 00:00:00,uniswap_v3_0.05_ethusdt,10k-100k,0x11b815efb8f581194ae79006d24e0d814b7697f6,6741,134094593.60072586,31788.845205950973,12303688.714285715,0.05%,4218.290810250098
2025-10-06 00:00:00,uniswap_v3_0.05_ethusdt,1k-10k,0x11b815efb8f581194ae79006d24e0d814b7697f6,10385,51333382.09405114,12309.939422449876,12303688.714285715,0.05%,4170.075930709574
2025-10-06 00:00:00,uniswap_v3_0.3_ethusdc,0.5k-1k,0x8ad599c3a0ff1de082011efddc58f1908eb6e6d8,167,126685.38425909527,30.369551672227903,62952571.85714286,0.3%,4171.46046890595
2025-10-06 00:00:00,uniswap_v3_0.3_ethusdc,100k+,0x8ad599c3a0ff1de082011efddc58f1908eb6e6d8,648,165020119.89535028,42262.0630838791,62952571.85714286,0.3%,3904.6868007325784
2025-10-06 00:00:00,uniswap_v3_0.3_ethusdc,10k-100k,0x8ad599c3a0ff1de082011efddc58f1908eb6e6d8,2585,102121783.00330763,24758.990053980437,62952571.85714286,0.3%,4124.634437053291
2025-10-06 00:00:00,uniswap_v3_0.3_ethusdc,1k-10k,0x8ad599c3a0ff1de082011efddc58f1908eb6e6d8,812,3973986.668534305,947.3943082113439,62952571.85714286,0.3%,4194.649085487003
2025-10-06 00:00:00,uniswap_v3_0.3_ethusdt,0.5k-1k,0x4e68ccd3e89f51c3074ca5072bbac773960dfa36,513,364686.6035836767,85.7494134726987,156494133.57142857,0.3%,4252.9340879956835
2025-10-06 00:00:00,uniswap_v3_0.3_ethusdt,100k+,0x4e68ccd3e89f51c3074ca5072bbac773960dfa36,2156,704532856.3569169,170859.16874670968,156494133.57142857,0.3%,4123.471169412935
2025-10-06 00:00:00,uniswap_v3_0.3_ethusdt,10k-100k,0x4e68ccd3e89f51c3074ca5072bbac773960dfa36,2600,124952900.62395248,30158.478874624787,156494133.57142857,0.3%,4143.209647389986
2025-10-06 00:00:00,uniswap_v3_0.3_ethusdt,1k-10k,0x4e68ccd3e89f51c3074ca5072bbac773960dfa36,1016,4042361.727966553,965.6635173959311,156494133.57142857,0.3%,4186.097595223893
2025-10-06 00:00:00,uniswap_v3_1.0_ethusdc,0.5k-1k,0x7bea39867e4169dbe237d55c8242a8f2fcdcc387,74,53511.57787667963,13.077595378823828,572454.3571428572,1%,4091.8514701356626
2025-10-06 00:00:00,uniswap_v3_1.0_ethusdc,10k-100k,0x7bea39867e4169dbe237d55c8242a8f2fcdcc387,16,339657.5862752275,93.77522117591523,572454.3571428572,1%,3622.0398311623867
2025-10-06 00:00:00,uniswap_v3_1.0_ethusdc,1k-10k,0x7bea39867e4169dbe237d55c8242a8f2fcdcc387,104,260500.17412245658,68.4831614990826,572454.3571428572,1%,3803.857304776244
2025-10-13 00:00:00,curve_usdcwbtcweth,0.5k-1k,0x7f86bf177dd4f3494b841a37e810a34dd56c829b,537,416021.0887017644,77.515044705812,391037.28571428574,,5366.972183021544
2025-10-13 00:00:00,curve_usdcwbtcweth,100k+,0x7f86bf177dd4f3494b841a37e810a34dd56c829b,4,464083.40254882036,78.29484831538207,391037.28571428574,,5927.3810797797405
2025-10-13 00:00:00,curve_usdcwbtcweth,10k-100k,0x7f86bf177dd4f3494b841a37e810a34dd56c829b,1388,26553801.914394885,5087.860298144353,391037.28571428574,,5219.050909098192
2025-10-13 00:00:00,curve_usdcwbtcweth,1k-10k,0x7f86bf177dd4f3494b841a37e810a34dd56c829b,11462,42279477.73024731,8229.99249892599,391037.28571428574,,5137.243774616411
2025-10-13 00:00:00,curve_usdt,0.5k-1k,0xf5f5b97624542d72a9e06f04804bf81baa15e2b4,85,66579.45084941923,12.110528099181966,27615971.714285713,,5497.6504991484635
2025-10-13 00:00:00,curve_usdt,100k+,0xf5f5b97624542d72a9e06f04804bf81baa15e2b4,17,1823941.6681155479,30.0096,27615971.714285713,,60778.606449787665
2025-10-13 00:00:00,curve_usdt,10k-100k,0xf5f5b97624542d72a9e06f04804bf81baa15e2b4,2067,46830867.7378644,9386.649569618055,27615971.714285713,,4989.093008163716
2025-10-13 00:00:00,curve_usdt,1k-10k,0xf5f5b97624542d72a9e06f04804bf81baa15e2b4,4912,22216492.629591793,4479.018388818086,27615971.714285713,,4960.125344663797
2025-10-13 00:00:00,curve_usdtwbtcweth,0.5k-1k,0xd51a44d3fae010294c616388b506acda1bfaae46,266,208852.32660371275,41.48638852887621,16718419.857142856,,5034.237348916092
2025-10-13 00:00:00,curve_usdtwbtcweth,10k-100k,0xd51a44d3fae010294c616388b506acda1bfaae46,663,11820852.494270964,2111.4521211659135,16718419.857142856,,5598.446858337313
2025-10-13 00:00:00,curve_usdtwbtcweth,1k-10k,0xd51a44d3fae010294c616388b506acda1bfaae46,6992,24723170.572002117,4914.850714251878,16718419.857142856,,5030.299394508749
2025-10-13 00:00:00,sushiv2_ethusdt,0.5k-1k,0x06da0fd433c1a5d7a4faa01111c044910a184553,412,289207.99279352743,72.44700272138698,2194221.4285714286,,3991.993898018789
2025-10-13 00:00:00,sushiv2_ethusdt,1k-10k,0x06da0fd433c1a5d7a4faa01111c044910a184553,300,474247.44996637595,119.73800116945634,2194221.4285714286,,3960.7095937338104
2025-10-13 00:00:00,sushiv2_usdceth,0.5k-1k,0x397ff1542f962076d0bfe58ea045ffa2d347aca0,429,305952.42701583385,76.58148676760766,3204828.4285714286,,3995.122580268907
2025-10-13 00:00:00,sushiv2_usdceth,10k-100k,0x397ff1542f962076d0bfe58ea045ffa2d347aca0,3,62474.296838001545,15.535300334173963,3204828.4285714286,,4021.4412012732682
2025-10-13 00:00:00,sushiv2_usdceth,1k-10k,0x397ff1542f962076d0bfe58ea045ffa2d347aca0,491,837019.314147464,210.69689267938833,3204828.4285714286,,3972.6229632685345
2025-10-13 00:00:00,uniswap_v3_0.01_ethusdc,0.5k-1k,0xe0554a476a092703abdb3ef35c80e0d76d32939f,11212,8167556.33477582,2041.7770464935888,5723390.0,0.01%,4000.219489587384
2025-10-13 00:00:00,uniswap_v3_0.01_ethusdc,100k+,0xe0554a476a092703abdb3ef35c80e0d76d32939f,464,137386048.30816776,34216.282119207324,5723390.0,0.01%,4015.2243259370966
2025-10-13 00:00:00,uniswap_v3_0.01_ethusdc,10k-100k,0xe0554a476a092703abdb3ef35c80e0d76d32939f,6046,116951424.74610417,29357.92452912312,5723390.0,0.01%,3983.6407587357926
2025-10-13 00:00:00,uniswap_v3_0.01_ethusdc,1k-10k,0xe0554a476a092703abdb3ef35c80e0d76d32939f,45328,162263712.50779894,40572.95514394421,5723390.0,0.01%,3999.307221574614
2025-10-13 00:00:00,uniswap_v3_0.01_ethusdt,0.5k-1k,0xc7bbec68d12a0d1830360f8ec58fa599ba1b0e9b,11905,8814061.77054484,2205.0944289427107,12313485.57142857,0.01%,3997.1357484091823
2025-10-13 00:00:00,uniswap_v3_0.01_ethusdt,100k+,0xc7bbec68d12a0d1830360f8ec58fa599ba1b0e9b,1049,341284525.4455059,85809.11649301664,12313485.57142857,0.01%,3977.2525273964393
2025-10-13 00:00:00,uniswap_v3_0.01_ethusdt,10k-100k,0xc7bbec68d12a0d1830360f8ec58fa599ba1b0e9b,25505,581031405.2075176,145107.76393712478,12313485.57142857,0.01%,4004.1372662821723
2025-10-13 00:00:00,uniswap_v3_0.01_ethusdt,1k-10k,0xc7bbec68d12a0d1830360f8ec58fa599ba1b0e9b,52561,217958387.16483375,54555.73557725076,12313485.57142857,0.01%,3995.150736373178
2025-10-13 00:00:00,uniswap_v3_0.05_ethusdc,0.5k-1k,0x88e6a0c2ddd26feeb64f039a2c41296fcb3f5640,2550,1822616.3141352097,457.0307436488058,75646104.42857143,0.05%,3987.9512253025914
2025-10-13 00:00:00,uniswap_v3_0.05_ethusdc,100k+,0x88e6a0c2ddd26feeb64f039a2c41296fcb3f5640,760,193026498.5398016,47431.94178125473,75646104.42857143,0.05%,4069.546623876283
2025-10-13 00:00:00,uniswap_v3_0.05_ethusdc,10k-100k,0x88e6a0c2ddd26feeb64f039a2c41296fcb3f5640,12342,340260227.3580844,85242.20785528304,75646104.42857143,0.05%,3991.6871690577186
2025-10-13 00:00:00,uniswap_v3_0.05_ethusdc,1k-10k,0x88e6a0c2ddd26feeb64f039a2c41296fcb3f5640,12479,58950626.38280982,14806.027284913842,75646104.42857143,0.05%,3981.5289576614377
2025-10-13 00:00:00,uniswap_v3_0.05_ethusdt,0.5k-1k,0x11b815efb8f581194ae79006d24e0d814b7697f6,1049,762876.9085478905,191.9235680139926,10773090.714285715,0.05%,3974.8995730022657
2025-10-13 00:00:00,uniswap_v3_0.05_ethusdt,100k+,0x11b815efb8f581194ae79006d24e0d814b7697f6,1,175672.23537500002,42.47409264876713,10773090.714285715,0.05%,4135.98559544742
2025-10-13 00:00:00,uniswap_v3_0.05_ethusdt,10k-100k,0x11b815efb8f581194ae79006d24e0d814b7697f6,4628,74136522.82902724,18448.665028976742,10773090.714285715,0.05%,4018.53048513718
2025-10-13 00:00:00,uniswap_v3_0.05_ethusdt,1k-10k,0x11b815efb8f581194ae79006d24e0d814b7697f6,12539,55105750.59246182,13811.229150009545,10773090.714285715,0.05%,3989.923705843642
2025-10-13 00:00:00,uniswap_v3_0.3_ethusdc,0.5k-1k,0x8ad599c3a0ff1de082011efddc58f1908eb6e6d8,81,58055.107067508216,14.563631043928634,69520269.14285715,0.3%,3986.307184821916
2025-10-13 00:00:00,uniswap_v3_0.3_ethusdc,100k+,0x8ad599c3a0ff1de082011efddc58f1908eb6e6d8,652,124407828.5469591,31628.1525169557,69520269.14285715,0.3%,3933.452277374237
2025-10-13 00:00:00,uniswap_v3_0.3_ethusdc,10k-100k,0x8ad599c3a0ff1de082011efddc58f1908eb6e6d8,2466,99410292.44255354,25045.58846120874,69520269.14285715,0.3%,3969.17375674853
2025-10-13 00:00:00,uniswap_v3_0.3_ethusdc,1k-10k,0x8ad599c3a0ff1de082011efddc58f1908eb6e6d8,617,3417710.7242844785,854.7317750021308,69520269.14285715,0.3%,3998.5768918862977
2025-10-13 00:00:00,uniswap_v3_0.3_ethusdt,0.5k-1k,0x4e68ccd3e89f51c3074ca5072bbac773960dfa36,300,203830.89692716848,51.125809475501434,158455891.85714287,0.3%,3986.849284505521
2025-10-13 00:00:00,uniswap_v3_0.3_ethusdt,100k+,0x4e68ccd3e89f51c3074ca5072bbac773960dfa36,1548,418336508.40117025,104087.34374718678,158455891.85714287,0.3%,4019.0910185704192
2025-10-13 00:00:00,uniswap_v3_0.3_ethusdt,10k-100k,0x4e68ccd3e89f51c3074ca5072bbac773960dfa36,2502,114476165.19823891,28818.605927409237,158455891.85714287,0.3%,3972.300585482561
2025-10-13 00:00:00,uniswap_v3_0.3_ethusdt,1k-10k,0x4e68ccd3e89f51c3074ca5072bbac773960dfa36,610,2674490.703251994,675.0145899032464,158455891.85714287,0.3%,3962.122809279343
2025-10-13 00:00:00,uniswap_v3_1.0_ethusdc,0.5k-1k,0x7bea39867e4169dbe237d55c8242a8f2fcdcc387,99,68506.44490470667,17.1233847882472,556808.7142857143,1%,4000.753691625661
2025-10-13 00:00:00,uniswap_v3_1.0_ethusdc,1k-10k,0x7bea39867e4169dbe237d55c8242a8f2fcdcc387,68,100075.53069108255,25.322028366491796,556808.7142857143,1%,3952.1135211865876
2025-10-20 00:00:00,curve_usdcwbtcweth,0.5k-1k,0x7f86bf177dd4f3494b841a37e810a34dd56c829b,683,559965.0375868567,110.64980045839414,389617.5714285714,,5060.696316369874
2025-10-20 00:00:00,curve_usdcwbtcweth,10k-100k,0x7f86bf177dd4f3494b841a37e810a34dd56c829b,409,7270160.37099542,1286.2365265379044,389617.5714285714,,5652.273295770981
2025-10-20 00:00:00,curve_usdcwbtcweth,1k-10k,0x7f86bf177dd4f3494b841a37e810a34dd56c829b,7416,21614578.153502706,4088.817395352663,389617.5714285714,,5286.266434414451
2025-10-20 00:00:00,curve_usdt,0.5k-1k,0xf5f5b97624542d72a9e06f04804bf81baa15e2b4,46,38170.83568386561,8.86717631260075,26337187.57142857,,4304.73403687967
2025-10-20 00:00:00,curve_usdt,10k-100k,0xf5f5b97624542d72a9e06f04804bf81baa15e2b4,351,6821467.335243882,1358.912308106813,26337187.57142857,,5019.7995077013475
2025-10-20 00:00:00,curve_usdt,1k-10k,0xf5f5b97624542d72a9e06f04804bf81baa15e2b4,1934,7248561.808188945,1433.6631491467933,26337187.57142857,,5055.97274541285
2025-10-20 00:00:00,curve_usdtwbtcweth,0.5k-1k,0xd51a44d3fae010294c616388b506acda1bfaae46,320,258593.7468206981,53.15854069967842,16613045.142857144,,4864.575727946242
2025-10-20 00:00:00,curve_usdtwbtcweth,10k-100k,0xd51a44d3fae010294c616388b506acda1bfaae46,212,3559478.0131891626,588.6942553620778,16613045.142857144,,6046.395018751962
2025-10-20 00:00:00,curve_usdtwbtcweth,1k-10k,0xd51a44d3fae010294c616388b506acda1bfaae46,5172,14292494.93234714,2766.169374247138,16613045.142857144,,5166.890742631078
2025-10-20 00:00:00,sushiv2_ethusdt,0.5k-1k,0x06da0fd433c1a5d7a4faa01111c044910a184553,230,159166.36016607325,40.72842749359323,2176423.5714285714,,3907.991787581557
2025-10-20 00:00:00,sushiv2_ethusdt,1k-10k,0x06da0fd433c1a5d7a4faa01111c044910a184553,116,184003.21648451488,46.90948427402827,2176423.5714285714,,3922.5162956308477
2025-10-20 00:00:00,sushiv2_usdceth,0.5k-1k,0x397ff1542f962076d0bfe58ea045ffa2d347aca0,336,232351.44718646514,59.44214617825493,3173294.5714285714,,3908.867060245273
2025-10-20 00:00:00,sushiv2_usdceth,1k-10k,0x397ff1542f962076d0bfe58ea045ffa2d347aca0,220,364399.73995019105,93.04894256581254,3173294.5714285714,,3916.215809679459
2025-10-20 00:00:00,uniswap_v3_0.01_ethusdc,0.5k-1k,0xe0554a476a092703abdb3ef35c80e0d76d32939f,10580,7721832.957094162,1966.2633480344352,6226247.428571428,0.01%,3927.161112377572
2025-10-20 00:00:00,uniswap_v3_0.01_ethusdc,100k+,0xe0554a476a092703abdb3ef35c80e0d76d32939f,410,160342470.28960842,41655.92271325887,6226247.428571428,0.01%,3849.2118250107137
2025-10-20 00:00:00,uniswap_v3_0.01_ethusdc,10k-100k,0xe0554a476a092703abdb3ef35c80e0d76d32939f,3141,63552169.80599257,16171.65868051386,6226247.428571428,0.01%,3929.848574071759
2025-10-20 00:00:00,uniswap_v3_0.01_ethusdc,1k-10k,0xe0554a476a092703abdb3ef35c80e0d76d32939f,38748,126252534.2600868,32129.283822544563,6226247.428571428,0.01%,3929.515981663357
2025-10-20 00:00:00,uniswap_v3_0.01_ethusdt,0.5k-1k,0xc7bbec68d12a0d1830360f8ec58fa599ba1b0e9b,11936,8763991.47249789,2232.0631998548024,12218414.285714285,0.01%,3926.4082993115944
2025-10-20 00:00:00,uniswap_v3_0.01_ethusdt,100k+,0xc7bbec68d12a0d1830360f8ec58fa599ba1b0e9b,968,328077889.60494626,84229.6796611987,12218414.285714285,0.01%,3895.039028102571
2025-10-20 00:00:00,uniswap_v3_0.01_ethusdt,10k-100k,0xc7bbec68d12a0d1830360f8ec58fa599ba1b0e9b,13952,296019478.21454,75116.95495004523,12218414.285714285,0.01%,3940.7811247327695
2025-10-20 00:00:00,uniswap_v3_0.01_ethusdt,1k-10k,0xc7bbec68d12a0d1830360f8ec58fa599ba1b0e9b,48262,187356620.09436643,47683.89195674578,12218414.285714285,0.01%,3929.1385917977977
2025-10-20 00:00:00,uniswap_v3_0.05_ethusdc,0.5k-1k,0x88e6a0c2ddd26feeb64f039a2c41296fcb3f5640,1740,1253211.6169997852,318.8175021394161,74221805.28571428,0.05%,3930.8118550272275
2025-10-20 00:00:00,uniswap_v3_0.05_ethusdc,100k+,0x88e6a0c2ddd26feeb64f039a2c41296fcb3f5640,311,60303394.66184878,15250.892386286114,74221805.28571428,0.05%,3954.089579444854
2025-10-20 00:00:00,uniswap_v3_0.05_ethusdc,10k-100k,0x88e6a0c2ddd26feeb64f039a2c41296fcb3f5640,8313,222028001.73846385,56503.00445866615,74221805.28571428,0.05%,3929.490190223155
2025-10-20 00:00:00,uniswap_v3_0.05_ethusdc,1k-10k,0x88e6a0c2ddd26feeb64f039a2c41296fcb3f5640,9698,45549848.10164687,11606.47836356143,74221805.28571428,0.05%,3924.519279220021
2025-10-20 00:00:00,uniswap_v3_0.05_ethusdt,0.5k-1k,0x11b815efb8f581194ae79006d24e0d814b7697f6,900,669871.2455522044,170.6072264725529,10032469.285714285,0.05%,3926.394323396217
2025-10-20 00:00:00,uniswap_v3_0.05_ethusdt,100k+,0x11b815efb8f581194ae79006d24e0d814b7697f6,3,361243.34059562953,91.69841331657105,10032469.285714285,0.05%,3939.4720969544665
2025-10-20 00:00:00,uniswap_v3_0.05_ethusdt,10k-100k,0x11b815efb8f581194ae79006d24e0d814b7697f6,1711,27796985.06914574,7035.433255622282,10032469.285714285,0.05%,3950.9983336039913
2025-10-20 00:00:00,uniswap_v3_0.05_ethusdt,1k-10k,0x11b815efb8f581194ae79006d24e0d814b7697f6,10434,39997556.65775741,10180.745561922415,10032469.285714285,0.05%,3928.745337409722
2025-10-20 00:00:00,uniswap_v3_0.3_ethusdc,0.5k-1k,0x8ad599c3a0ff1de082011efddc58f1908eb6e6d8,113,85256.20117980614,21.65223111964006,72988343.14285715,0.3%,3937.5249926310325
2025-10-20 00:00:00,uniswap_v3_0.3_ethusdc,100k+,0x8ad599c3a0ff1de082011efddc58f1908eb6e6d8,446,88953546.96224347,22761.561527938076,72988343.14285715,0.3%,3908.059948042659
2025-10-20 00:00:00,uniswap_v3_0.3_ethusdc,10k-100k,0x8ad599c3a0ff1de082011efddc58f1908eb6e6d8,1671,64879867.11218339,16552.69912666691,72988343.14285715,0.3%,3919.5944187531277
2025-10-20 00:00:00,uniswap_v3_0.3_ethusdc,1k-10k,0x8ad599c3a0ff1de082011efddc58f1908eb6e6d8,615,3099236.3080545785,789.8776654876831,72988343.14285715,0.3%,3923.691532841431
2025-10-20 00:00:00,uniswap_v3_0.3_ethusdt,0.5k-1k,0x4e68ccd3e89f51c3074ca5072bbac773960dfa36,264,187807.0253804611,47.88648223045522,159734102.42857143,0.3%,3921.9215242546697
2025-10-20 00:00:00,uniswap_v3_0.3_ethusdt,100k+,0x4e68ccd3e89f51c3074ca5072bbac773960dfa36,867,238203129.3111766,60248.98525058157,159734102.42857143,0.3%,3953.645498267994
2025-10-20 00:00:00,uniswap_v3_0.3_ethusdt,10k-100k,0x4e68ccd3e89f51c3074ca5072bbac773960dfa36,1766,74221446.87558973,18924.115890966772,159734102.42857143,0.3%,3922.056243114562
2025-10-20 00:00:00,uniswap_v3_0.3_ethusdt,1k-10k,0x4e68ccd3e89f51c3074ca5072bbac773960dfa36,583,2620525.527969402,668.6065907872353,159734102.42857143,0.3%,3919.383332557229
2025-10-20 00:00:00,uniswap_v3_1.0_ethusdc,0.5k-1k,0x7bea39867e4169dbe237d55c8242a8f2fcdcc387,58,40662.49490261344,10.330671816909067,561008.6428571428,1%,3936.093956257304
2025-10-20 00:00:00,uniswap_v3_1.0_ethusdc,10k-100k,0x7bea39867e4169dbe237d55c8242a8f2fcdcc387,2,33838.80799529746,8.602389303406285,561008.6428571428,1%,3933.6522449522618
2025-10-20 00:00:00,uniswap_v3_1.0_ethusdc,1k-10k,0x7bea39867e4169dbe237d55c8242a8f2fcdcc387,54,107594.6792216277,27.432673919797224,561008.6428571428,1%,3922.1360460957576
2025-10-27 00:00:00,curve_usdcwbtcweth,0.5k-1k,0x7f86bf177dd4f3494b841a37e810a34dd56c829b,587,481565.0174372612,92.33926833928594,389600.14285714284,,5215.170383068526
2025-10-27 00:00:00,curve_usdcwbtcweth,10k-100k,0x7f86bf177dd4f3494b841a37e810a34dd56c829b,409,6942085.794238444,1398.7097355713145,389600.14285714284,,4963.206888241822
2025-10-27 00:00:00,curve_usdcwbtcweth,1k-10k,0x7f86bf177dd4f3494b841a37e810a34dd56c829b,6945,20771293.7839537,3978.3521422141225,389600.14285714284,,5221.079743934782
2025-10-27 00:00:00,curve_usdt,0.5k-1k,0xf5f5b97624542d72a9e06f04804bf81baa15e2b4,57,46173.04349756925,10.74116680461059,26161184.714285713,,4298.69904615481
2025-10-27 00:00:00,curve_usdt,100k+,0xf5f5b97624542d72a9e06f04804bf81baa15e2b4,1,107762.76527973429,28.0833084,26161184.714285713,,3837.2532090889367
2025-10-27 00:00:00,curve_usdt,10k-100k,0xf5f5b97624542d72a9e06f04804bf81baa15e2b4,547,11378716.028800903,2177.223871514233,26161184.714285713,,5226.249894498513
2025-10-27 00:00:00,curve_usdt,1k-10k,0xf5f5b97624542d72a9e06f04804bf81baa15e2b4,2481,9673220.110468738,1895.0882756449246,26161184.714285713,,5104.3638625102085
2025-10-27 00:00:00,curve_usdtwbtcweth,0.5k-1k,0xd51a44d3fae010294c616388b506acda1bfaae46,326,258349.6958501336,49.05178930659265,16519062.0,,5266.8760814278985
2025-10-27 00:00:00,curve_usdtwbtcweth,10k-100k,0xd51a44d3fae010294c616388b506acda1bfaae46,257,4203317.332186954,793.654764136209,16519062.0,,5296.153342898059
2025-10-27 00:00:00,curve_usdtwbtcweth,1k-10k,0xd51a44d3fae010294c616388b506acda1bfaae46,5434,16241763.342717467,3166.7714195033955,16519062.0,,5128.808237528067
2025-10-27 00:00:00,sushiv2_ethusdt,0.5k-1k,0x06da0fd433c1a5d7a4faa01111c044910a184553,250,173450.7710839626,44.008041540062926,2171400.8571428573,,3941.3426504349413
2025-10-27 00:00:00,sushiv2_ethusdt,1k-10k,0x06da0fd433c1a5d7a4faa01111c044910a184553,110,176326.92718040055,45.10101240412977,2171400.8571428573,,3909.6002014414826
2025-10-27 00:00:00,sushiv2_usdceth,0.5k-1k,0x397ff1542f962076d0bfe58ea045ffa2d347aca0,309,218701.40880989717,55.43794308967864,3166466.285714286,,3944.9769710271717
2025-10-27 00:00:00,sushiv2_usdceth,10k-100k,0x397ff1542f962076d0bfe58ea045ffa2d347aca0,1,12721.002272343478,3.226812698282316,3166466.285714286,,3942.280963228845
2025-10-27 00:00:00,sushiv2_usdceth,1k-10k,0x397ff1542f962076d0bfe58ea045ffa2d347aca0,213,328889.8929212023,83.21705979107625,3166466.285714286,,3952.193141008698
2025-10-27 00:00:00,uniswap_v3_0.01_ethusdc,0.5k-1k,0xe0554a476a092703abdb3ef35c80e0d76d32939f,10112,7384095.344459554,1867.2748636050808,6620109.857142857,0.01%,3954.4769162710977
2025-10-27 00:00:00,uniswap_v3_0.01_ethusdc,100k+,0xe0554a476a092703abdb3ef35c80e0d76d32939f,398,138769254.2856483,35188.774446811374,6620109.857142857,0.01%,3943.565994189458
2025-10-27 00:00:00,uniswap_v3_0.01_ethusdc,10k-100k,0xe0554a476a092703abdb3ef35c80e0d76d32939f,3784,68837616.5598042,17429.048292264742,6620109.857142857,0.01%,3949.591245917616
2025-10-27 00:00:00,uniswap_v3_0.01_ethusdc,1k-10k,0xe0554a476a092703abdb3ef35c80e0d76d32939f,38660,130212435.71873836,32913.36838091636,6620109.857142857,0.01%,3956.2172492268332
2025-10-27 00:00:00,uniswap_v3_0.01_ethusdt,0.5k-1k,0xc7bbec68d12a0d1830360f8ec58fa599ba1b0e9b,11677,8503317.967817046,2143.9153728065507,12807995.714285715,0.01%,3966.2563530600305
2025-10-27 00:00:00,uniswap_v3_0.01_ethusdt,100k+,0xc7bbec68d12a0d1830360f8ec58fa599ba1b0e9b,1007,388806003.5545552,97724.36818516298,12807995.714285715,0.01%,3978.59828387804
2025-10-27 00:00:00,uniswap_v3_0.01_ethusdt,10k-100k,0xc7bbec68d12a0d1830360f8ec58fa599ba1b0e9b,15209,328996184.7036564,82903.1833556109,12807995.714285715,0.01%,3968.4385012386842
2025-10-27 00:00:00,uniswap_v3_0.01_ethusdt,1k-10k,0xc7bbec68d12a0d1830360f8ec58fa599ba1b0e9b,46349,185291399.90763068,46771.5152525566,12807995.714285715,0.01%,3961.6291862064995
2025-10-27 00:00:00,uniswap_v3_0.05_ethusdc,0.5k-1k,0x88e6a0c2ddd26feeb64f039a2c41296fcb3f5640,1865,1326056.8643956073,334.0707550730652,74587224.28571428,0.05%,3969.389251404491
2025-10-27 00:00:00,uniswap_v3_0.05_ethusdc,100k+,0x88e6a0c2ddd26feeb64f039a2c41296fcb3f5640,244,48820868.45344371,12459.121766921256,74587224.28571428,0.05%,3918.483932235275
2025-10-27 00:00:00,uniswap_v3_0.05_ethusdc,10k-100k,0x88e6a0c2ddd26feeb64f039a2c41296fcb3f5640,8095,209463257.30797175,53110.032802811766,74587224.28571428,0.05%,3943.9489349530636
2025-10-27 00:00:00,uniswap_v3_0.05_ethusdc,1k-10k,0x88e6a0c2ddd26feeb64f039a2c41296fcb3f5640,9736,45594409.56934729,11537.009402003481,74587224.28571428,0.05%,3952.012864046857
2025-10-27 00:00:00,uniswap_v3_0.05_ethusdt,0.5k-1k,0x11b815efb8f581194ae79006d24e0d814b7697f6,900,679792.1325867448,171.85658690970251,10058241.857142856,0.05%,3955.5779898266196
2025-10-27 00:00:00,uniswap_v3_0.05_ethusdt,100k+,0x11b815efb8f581194ae79006d24e0d814b7697f6,25,5554232.938424462,1430.7083118801424,10058241.857142856,0.05%,3882.1560567614624
2025-10-27 00:00:00,uniswap_v3_0.05_ethusdt,10k-100k,0x11b815efb8f581194ae79006d24e0d814b7697f6,2218,38688304.50588817,9819.291384711541,10058241.857142856,0.05%,3940.030190582302
2025-10-27 00:00:00,uniswap_v3_0.05_ethusdt,1k-10k,0x11b815efb8f581194ae79006d24e0d814b7697f6,10297,41126557.35235229,10409.14291150515,10058241.857142856,0.05%,3951.0032384025976
2025-10-27 00:00:00,uniswap_v3_0.3_ethusdc,0.5k-1k,0x8ad599c3a0ff1de082011efddc58f1908eb6e6d8,102,73182.67378453631,18.622903561076672,86015295.28571428,0.3%,3929.7134061035376
2025-10-27 00:00:00,uniswap_v3_0.3_ethusdc,100k+,0x8ad599c3a0ff1de082011efddc58f1908eb6e6d8,581,136604404.12135926,35079.46556995858,86015295.28571428,0.3%,3894.1415412652354
2025-10-27 00:00:00,uniswap_v3_0.3_ethusdc,10k-100k,0x8ad599c3a0ff1de082011efddc58f1908eb6e6d8,1729,69518779.05463885,17673.49706579492,86015295.28571428,0.3%,3933.504432984272
2025-10-27 00:00:00,uniswap_v3_0.3_ethusdc,1k-10k,0x8ad599c3a0ff1de082011efddc58f1908eb6e6d8,511,2668237.6132400692,674.0836495861345,86015295.28571428,0.3%,3958.3182515675626
2025-10-27 00:00:00,uniswap_v3_0.3_ethusdt,0.5k-1k,0x4e68ccd3e89f51c3074ca5072bbac773960dfa36,267,183047.1499945228,46.28458589139286,162496495.57142857,0.3%,3954.8187905157965
2025-10-27 00:00:00,uniswap_v3_0.3_ethusdt,100k+,0x4e68ccd3e89f51c3074ca5072bbac773960dfa36,905,245482981.13826036,61513.26846401757,162496495.57142857,0.3%,3990.732199214168
2025-10-27 00:00:00,uniswap_v3_0.3_ethusdt,10k-100k,0x4e68ccd3e89f51c3074ca5072bbac773960dfa36,1768,76451721.99757461,19362.892792360417,162496495.57142857,0.3%,3948.362613862039
2025-10-27 00:00:00,uniswap_v3_0.3_ethusdt,1k-10k,0x4e68ccd3e89f51c3074ca5072bbac773960dfa36,526,2487127.7809168776,633.1338210878654,162496495.57142857,0.3%,3928.28134918371
2025-10-27 00:00:00,uniswap_v3_1.0_ethusdc,0.5k-1k,0x7bea39867e4169dbe237d55c8242a8f2fcdcc387,40,27017.031043120765,6.8546785267761745,552205.4285714285,1%,3941.400160136635
2025-10-27 00:00:00,uniswap_v3_1.0_ethusdc,1k-10k,0x7bea39867e4169dbe237d55c8242a8f2fcdcc387,26,34218.23123372244,8.70590832355441,552205.4285714285,1%,3930.460781575514
2025-11-03 00:00:00,curve_usdcwbtcweth,0.5k-1k,0x7f86bf177dd4f3494b841a37e810a34dd56c829b,665,527630.5015192743,114.99472688884889,363743.71428571426,,4588.301705601416
2025-11-03 00:00:00,curve_usdcwbtcweth,100k+,0x7f86bf177dd4f3494b841a37e810a34dd56c829b,5,1021899.5864066563,31.69406011199447,363743.71428571426,,32242.62157627205
2025-11-03 00:00:00,curve_usdcwbtcweth,10k-100k,0x7f86bf177dd4f3494b841a37e810a34dd56c829b,817,15774341.801693087,3513.4556090978303,363743.71428571426,,4489.694351295235
2025-11-03 00:00:00,curve_usdcwbtcweth,1k-10k,0x7f86bf177dd4f3494b841a37e810a34dd56c829b,8317,28926522.42928483,6434.242079880677,363743.71428571426,,4495.715590144732
2025-11-03 00:00:00,curve_usdt,0.5k-1k,0xf5f5b97624542d72a9e06f04804bf81baa15e2b4,58,48609.55228360244,12.255144576290215,24231155.42857143,,3966.4609406278546
2025-11-03 00:00:00,curve_usdt,100k+,0xf5f5b97624542d72a9e06f04804bf81baa15e2b4,1,102023.38060187765,29.834908182377468,24231155.42857143,,3419.59760620747
2025-11-03 00:00:00,curve_usdt,10k-100k,0xf5f5b97624542d72a9e06f04804bf81baa15e2b4,433,8963735.484820329,2279.430518887535,24231155.42857143,,3932.4451482710847
2025-11-03 00:00:00,curve_usdt,1k-10k,0xf5f5b97624542d72a9e06f04804bf81baa15e2b4,1774,7021758.461036323,1749.7921399002257,24231155.42857143,,4012.910048525368
2025-11-03 00:00:00,curve_usdtwbtcweth,0.5k-1k,0xd51a44d3fae010294c616388b506acda1bfaae46,249,193666.13822125306,46.87653444245847,15428871.57142857,,4131.409041318544
2025-11-03 00:00:00,curve_usdtwbtcweth,10k-100k,0xd51a44d3fae010294c616388b506acda1bfaae46,449,7808136.318779395,1804.2082291134034,15428871.57142857,,4327.735675286412
2025-11-03 00:00:00,curve_usdtwbtcweth,1k-10k,0xd51a44d3fae010294c616388b506acda1bfaae46,5576,18481360.34408635,4257.725149959867,15428871.57142857,,4340.665424178579
2025-11-03 00:00:00,sushiv2_ethusdt,0.5k-1k,0x06da0fd433c1a5d7a4faa01111c044910a184553,433,306026.6409669396,89.5125405041529,2032495.0,,3418.813042768478
2025-11-03 00:00:00,sushiv2_ethusdt,1k-10k,0x06da0fd433c1a5d7a4faa01111c044910a184553,319,512020.13533065247,153.04828475875095,2032495.0,,3345.481043043028
2025-11-03 00:00:00,sushiv2_usdceth,0.5k-1k,0x397ff1542f962076d0bfe58ea045ffa2d347aca0,524,376823.8648840819,110.1276363748567,2969605.5714285714,,3421.7011940711614
2025-11-03 00:00:00,sushiv2_usdceth,10k-100k,0x397ff1542f962076d0bfe58ea045ffa2d347aca0,6,111313.93691817216,33.51334307804159,2969605.5714285714,,3321.4811383919077
2025-11-03 00:00:00,sushiv2_usdceth,1k-10k,0x397ff1542f962076d0bfe58ea045ffa2d347aca0,544,978357.6759089456,290.20588286302814,2969605.5714285714,,3371.2537673494116
2025-11-03 00:00:00,uniswap_v3_0.01_ethusdc,0.5k-1k,0xe0554a476a092703abdb3ef35c80e0d76d32939f,13695,9998375.010837575,2893.834413383077,4979813.285714285,0.01%,3455.0612034324513
2025-11-03 00:00:00,uniswap_v3_0.01_ethusdc,100k+,0xe0554a476a092703abdb3ef35c80e0d76d32939f,324,89933705.78795095,25949.46901496112,4979813.285714285,0.01%,3465.7243173684915
2025-11-03 00:00:00,uniswap_v3_0.01_ethusdc,10k-100k,0xe0554a476a092703abdb3ef35c80e0d76d32939f,2815,74382826.93616383,21417.355063137835,4979813.285714285,0.01%,3473.0164727103365
2025-11-03 00:00:00,uniswap_v3_0.01_ethusdc,1k-10k,0xe0554a476a092703abdb3ef35c80e0d76d32939f,37653,109852290.55527003,31619.07604210225,4979813.285714285,0.01%,3474.2410059356785
2025-11-03 00:00:00,uniswap_v3_0.01_ethusdt,0.5k-1k,0xc7bbec68d12a0d1830360f8ec58fa599ba1b0e9b,12798,9370497.43121548,2711.5718714736204,10433183.857142856,0.01%,3455.7437071077984
2025-11-03 00:00:00,uniswap_v3_0.01_ethusdt,100k+,0xc7bbec68d12a0d1830360f8ec58fa599ba1b0e9b,894,250053286.64762205,73037.5559464169,10433183.857142856,0.01%,3423.626152428629
2025-11-03 00:00:00,uniswap_v3_0.01_ethusdt,10k-100k,0xc7bbec68d12a0d1830360f8ec58fa599ba1b0e9b,13601,260939094.39875558,75994.84650811192,10433183.857142856,0.01%,3433.6419690103876
2025-11-03 00:00:00,uniswap_v3_0.01_ethusdt,1k-10k,0xc7bbec68d12a0d1830360f8ec58fa599ba1b0e9b,53756,211636627.58739525,61530.00774651108,10433183.857142856,0.01%,3439.5677058791794
2025-11-03 00:00:00,uniswap_v3_0.05_ethusdc,0.5k-1k,0x88e6a0c2ddd26feeb64f039a2c41296fcb3f5640,2822,2036415.9491697717,592.4409421473385,73646959.42857143,0.05%,3437.3315621784295
2025-11-03 00:00:00,uniswap_v3_0.05_ethusdc,100k+,0x88e6a0c2ddd26feeb64f039a2c41296fcb3f5640,522,95317314.86241025,27927.743449282614,73646959.42857143,0.05%,3412.9973671345324
2025-11-03 00:00:00,uniswap_v3_0.05_ethusdc,10k-100k,0x88e6a0c2ddd26feeb64f039a2c41296fcb3f5640,13757,364859222.08607966,106725.08255272883,73646959.42857143,0.05%,3418.6829689807596
2025-11-03 00:00:00,uniswap_v3_0.05_ethusdc,1k-10k,0x88e6a0c2ddd26feeb64f039a2c41296fcb3f5640,14394,67018588.07874895,19501.89201731681,73646959.42857143,0.05%,3436.5172373654527
2025-11-03 00:00:00,uniswap_v3_0.05_ethusdt,0.5k-1k,0x11b815efb8f581194ae79006d24e0d814b7697f6,1771,1310297.6561286352,381.62035758240523,18497558.42857143,0.05%,3433.5108966132548
2025-11-03 00:00:00,uniswap_v3_0.05_ethusdt,100k+,0x11b815efb8f581194ae79006d24e0d814b7697f6,833,159854356.48718172,48262.448060252165,18497558.42857143,0.05%,3312.1891431535996
2025-11-03 00:00:00,uniswap_v3_0.05_ethusdt,10k-100k,0x11b815efb8f581194ae79006d24e0d814b7697f6,13921,430452771.83075035,127966.63801899101,18497558.42857143,0.05%,3363.789019501072
2025-11-03 00:00:00,uniswap_v3_0.05_ethusdt,1k-10k,0x11b815efb8f581194ae79006d24e0d814b7697f6,12763,61311764.912116945,17823.362380432394,18497558.42857143,0.05%,3439.966242252295
2025-11-03 00:00:00,uniswap_v3_0.3_ethusdc,0.5k-1k,0x8ad599c3a0ff1de082011efddc58f1908eb6e6d8,140,101705.76872677196,29.511469325873378,74507659.28571428,0.3%,3446.3132825990538
2025-11-03 00:00:00,uniswap_v3_0.3_ethusdc,100k+,0x8ad599c3a0ff1de082011efddc58f1908eb6e6d8,807,195812176.5811547,56529.95993742345,74507659.28571428,0.3%,3463.8654758982925
2025-11-03 00:00:00,uniswap_v3_0.3_ethusdc,10k-100k,0x8ad599c3a0ff1de082011efddc58f1908eb6e6d8,3252,125935672.06261991,36896.80153845341,74507659.28571428,0.3%,3413.1866940111663
2025-11-03 00:00:00,uniswap_v3_0.3_ethusdc,1k-10k,0x8ad599c3a0ff1de082011efddc58f1908eb6e6d8,1006,5187140.704629264,1511.2997852177482,74507659.28571428,0.3%,3432.238100848999
2025-11-03 00:00:00,uniswap_v3_0.3_ethusdt,0.5k-1k,0x4e68ccd3e89f51c3074ca5072bbac773960dfa36,496,330800.7385084016,95.54362032103194,180247160.42857143,0.3%,3462.3006475669704
2025-11-03 00:00:00,uniswap_v3_0.3_ethusdt,100k+,0x4e68ccd3e89f51c3074ca5072bbac773960dfa36,1441,330348663.4474448,97024.75234427504,180247160.42857143,0.3%,3404.787494589643
2025-11-03 00:00:00,uniswap_v3_0.3_ethusdt,10k-100k,0x4e68ccd3e89f51c3074ca5072bbac773960dfa36,3316,144491278.06582385,42431.92128640858,180247160.42857143,0.3%,3405.2494840035924
2025-11-03 00:00:00,uniswap_v3_0.3_ethusdt,1k-10k,0x4e68ccd3e89f51c3074ca5072bbac773960dfa36,974,4277409.883325929,1249.0460193428987,180247160.42857143,0.3%,3424.541463713402
2025-11-03 00:00:00,uniswap_v3_1.0_ethusdc,0.5k-1k,0x7bea39867e4169dbe237d55c8242a8f2fcdcc387,108,74706.21605384626,21.907265109803465,516063.5714285714,1%,3410.1114712130525
2025-11-03 00:00:00,uniswap_v3_1.0_ethusdc,10k-100k,0x7bea39867e4169dbe237d55c8242a8f2fcdcc387,1,10115.858464599032,3.0924091126773825,516063.5714285714,1%,3271.190226134344
2025-11-03 00:00:00,uniswap_v3_1.0_ethusdc,1k-10k,0x7bea39867e4169dbe237d55c8242a8f2fcdcc387,83,128335.70485705449,38.30360340362652,516063.5714285714,1%,3350.4864674142873
2025-11-10 00:00:00,curve_usdcwbtcweth,0.5k-1k,0x7f86bf177dd4f3494b841a37e810a34dd56c829b,1563,1219912.286589499,274.95823275356304,353519.71428571426,,4436.718531293698
2025-11-10 00:00:00,curve_usdcwbtcweth,100k+,0x7f86bf177dd4f3494b841a37e810a34dd56c829b,5,669231.4408543535,169.47553471561605,353519.71428571426,,3948.8380548693335
2025-11-10 00:00:00,curve_usdcwbtcweth,10k-100k,0x7f86bf177dd4f3494b841a37e810a34dd56c829b,440,7779793.554880439,1702.8780393470693,353519.71428571426,,4568.61464832997
2025-11-10 00:00:00,curve_usdcwbtcweth,1k-10k,0x7f86bf177dd4f3494b841a37e810a34dd56c829b,10106,29131056.235128384,6505.172956447955,353519.71428571426,,4478.137081083072
2025-11-10 00:00:00,curve_usdt,0.5k-1k,0xf5f5b97624542d72a9e06f04804bf81baa15e2b4,138,111748.07614070694,25.438526233983538,23540893.42857143,,4392.867539292499
2025-11-10 00:00:00,curve_usdt,10k-100k,0xf5f5b97624542d72a9e06f04804bf81baa15e2b4,468,9322987.162560733,2133.1645241618717,23540893.42857143,,4370.496066740923
2025-11-10 00:00:00,curve_usdt,1k-10k,0xf5f5b97624542d72a9e06f04804bf81baa15e2b4,2328,8532518.845849968,2019.3536413049758,23540893.42857143,,4225.371263022539
2025-11-10 00:00:00,curve_usdtwbtcweth,0.5k-1k,0xd51a44d3fae010294c616388b506acda1bfaae46,959,741882.9556150216,197.07606247520968,14778913.42857143,,3764.449859091048
2025-11-10 00:00:00,curve_usdtwbtcweth,10k-100k,0xd51a44d3fae010294c616388b506acda1bfaae46,282,4710924.672176892,983.9615642470201,14778913.42857143,,4787.7120848535815
2025-11-10 00:00:00,curve_usdtwbtcweth,1k-10k,0xd51a44d3fae010294c616388b506acda1bfaae46,7356,20678248.2745065,4703.882573802285,14778913.42857143,,4395.995850251778
2025-11-10 00:00:00,sushiv2_ethusdt,0.5k-1k,0x06da0fd433c1a5d7a4faa01111c044910a184553,457,320474.0085042243,97.40367378879013,1989555.0,,3290.1634613817473
2025-11-10 00:00:00,sushiv2_ethusdt,10k-100k,0x06da0fd433c1a5d7a4faa01111c044910a184553,2,29405.630398763242,9.489892137274179,1989555.0,,3098.6264093839895
2025-11-10 00:00:00,sushiv2_ethusdt,1k-10k,0x06da0fd433c1a5d7a4faa01111c044910a184553,236,328793.17558509385,101.27555693730517,1989555.0,,3246.5205379086083
2025-11-10 00:00:00,sushiv2_usdceth,0.5k-1k,0x397ff1542f962076d0bfe58ea045ffa2d347aca0,538,378318.32336558023,114.05683104771896,2648392.5714285714,,3316.9282356030026
2025-11-10 00:00:00,sushiv2_usdceth,1k-10k,0x397ff1542f962076d0bfe58ea045ffa2d347aca0,448,669472.4911807693,204.44304055208852,2648392.5714285714,,3274.616193209078
2025-11-10 00:00:00,uniswap_v3_0.01_ethusdc,0.5k-1k,0xe0554a476a092703abdb3ef35c80e0d76d32939f,18540,13201994.339722749,3979.771656392432,4385071.714285715,0.01%,3317.2743261582104
2025-11-10 00:00:00,uniswap_v3_0.01_ethusdc,100k+,0xe0554a476a092703abdb3ef35c80e0d76d32939f,374,133232993.15537249,36018.14639114808,4385071.714285715,0.01%,3699.0519086822355
2025-11-10 00:00:00,uniswap_v3_0.01_ethusdc,10k-100k,0xe0554a476a092703abdb3ef35c80e0d76d32939f,2126,66005381.434494935,19988.416521793035,4385071.714285715,0.01%,3302.181609160004
2025-11-10 00:00:00,uniswap_v3_0.01_ethusdc,1k-10k,0xe0554a476a092703abdb3ef35c80e0d76d32939f,40355,107349940.7982194,32091.634386641894,4385071.714285715,0.01%,3345.106687458202
2025-11-10 00:00:00,uniswap_v3_0.01_ethusdt,0.5k-1k,0xc7bbec68d12a0d1830360f8ec58fa599ba1b0e9b,19622,14201122.877902716,4287.61046368395,9097752.0,0.01%,3312.129914362835
2025-11-10 00:00:00,uniswap_v3_0.01_ethusdt,100k+,0xc7bbec68d12a0d1830360f8ec58fa599ba1b0e9b,753,214326384.97742307,64992.26895931678,9097752.0,0.01%,3297.7212276060864
2025-11-10 00:00:00,uniswap_v3_0.01_ethusdt,10k-100k,0xc7bbec68d12a0d1830360f8ec58fa599ba1b0e9b,11225,208420117.3917669,62607.31072257734,9097752.0,0.01%,3329.006069519718
2025-11-10 00:00:00,uniswap_v3_0.01_ethusdt,1k-10k,0xc7bbec68d12a0d1830360f8ec58fa599ba1b0e9b,61880,222766764.41799632,66944.05484397989,9097752.0,0.01%,3327.6556811083155
2025-11-10 00:00:00,uniswap_v3_0.05_ethusdc,0.5k-1k,0x88e6a0c2ddd26feeb64f039a2c41296fcb3f5640,2869,2043506.23569288,619.2211083078205,73023480.71428572,0.05%,3300.1236687122664
2025-11-10 00:00:00,uniswap_v3_0.05_ethusdc,100k+,0x88e6a0c2ddd26feeb64f039a2c41296fcb3f5640,411,74309233.28909853,23108.49214132212,73023480.71428572,0.05%,3215.667765540631
2025-11-10 00:00:00,uniswap_v3_0.05_ethusdc,10k-100k,0x88e6a0c2ddd26feeb64f039a2c41296fcb3f5640,13365,379482331.5929815,115036.63216972497,73023480.71428572,0.05%,3298.7955613399176
2025-11-10 00:00:00,uniswap_v3_0.05_ethusdc,1k-10k,0x88e6a0c2ddd26feeb64f039a2c41296fcb3f5640,14271,63994985.86706343,19245.15580779822,73023480.71428572,0.05%,3325.251637668342
2025-11-10 00:00:00,uniswap_v3_0.05_ethusdt,0.5k-1k,0x11b815efb8f581194ae79006d24e0d814b7697f6,2279,1649053.1251561376,500.33852706679227,21159702.57142857,0.05%,3295.8747646790725
2025-11-10 00:00:00,uniswap_v3_0.05_ethusdt,100k+,0x11b815efb8f581194ae79006d24e0d814b7697f6,950,212509412.48201728,66882.17869273578,21159702.57142857,0.05%,3177.369766291695
2025-11-10 00:00:00,uniswap_v3_0.05_ethusdt,10k-100k,0x11b815efb8f581194ae79006d24e0d814b7697f6,14603,460736004.20208085,139674.96974608456,21159702.57142857,0.05%,3298.6297046611417
2025-11-10 00:00:00,uniswap_v3_0.05_ethusdt,1k-10k,0x11b815efb8f581194ae79006d24e0d814b7697f6,12857,62015180.99917311,18678.32360589142,21159702.57142857,0.05%,3320.168464134148
2025-11-10 00:00:00,uniswap_v3_0.3_ethusdc,0.5k-1k,0x8ad599c3a0ff1de082011efddc58f1908eb6e6d8,101,75115.17016229102,22.510524484979825,67942608.28571428,0.3%,3336.891160062117
2025-11-10 00:00:00,uniswap_v3_0.3_ethusdc,100k+,0x8ad599c3a0ff1de082011efddc58f1908eb6e6d8,566,99890925.23139638,30591.608190907937,67942608.28571428,0.3%,3265.3048054232318
2025-11-10 00:00:00,uniswap_v3_0.3_ethusdc,10k-100k,0x8ad599c3a0ff1de082011efddc58f1908eb6e6d8,2862,108587611.16159175,32815.15379070276,67942608.28571428,0.3%,3309.0690921082005
2025-11-10 00:00:00,uniswap_v3_0.3_ethusdc,1k-10k,0x8ad599c3a0ff1de082011efddc58f1908eb6e6d8,1004,5422865.130697907,1630.0897100101383,67942608.28571428,0.3%,3326.7280306089287
2025-11-10 00:00:00,uniswap_v3_0.3_ethusdt,0.5k-1k,0x4e68ccd3e89f51c3074ca5072bbac773960dfa36,380,260032.26506107842,77.66820574362126,162386038.2857143,0.3%,3347.988569729955
2025-11-10 00:00:00,uniswap_v3_0.3_ethusdt,100k+,0x4e68ccd3e89f51c3074ca5072bbac773960dfa36,1427,342191428.43738323,102035.07816450197,162386038.2857143,0.3%,3353.6645886201877
2025-11-10 00:00:00,uniswap_v3_0.3_ethusdt,10k-100k,0x4e68ccd3e89f51c3074ca5072bbac773960dfa36,2846,120477866.58981633,36274.689231422155,162386038.2857143,0.3%,3321.265299371745
2025-11-10 00:00:00,uniswap_v3_0.3_ethusdt,1k-10k,0x4e68ccd3e89f51c3074ca5072bbac773960dfa36,859,4272749.757256909,1284.9543735427815,162386038.2857143,0.3%,3325.2151556762274
2025-11-10 00:00:00,uniswap_v3_1.0_ethusdc,0.5k-1k,0x7bea39867e4169dbe237d55c8242a8f2fcdcc387,146,100241.45924180151,30.539543633961703,503752.28571428574,1%,3282.3496134476395
2025-11-10 00:00:00,uniswap_v3_1.0_ethusdc,1k-10k,0x7bea39867e4169dbe237d55c8242a8f2fcdcc387,48,63214.9226010502,19.378280246275843,503752.28571428574,1%,3262.1533901698513
2025-11-17 00:00:00,curve_usdcwbtcweth,0.5k-1k,0x7f86bf177dd4f3494b841a37e810a34dd56c829b,1957,1500819.406127443,346.8443228519275,326603.14285714284,,4327.0692562788845
2025-11-17 00:00:00,curve_usdcwbtcweth,100k+,0x7f86bf177dd4f3494b841a37e810a34dd56c829b,8,1505441.4198477308,295.0631016782396,326603.14285714284,,5102.099894175804
2025-11-17 00:00:00,curve_usdcwbtcweth,10k-100k,0x7f86bf177dd4f3494b841a37e810a34dd56c829b,1297,23514734.473474197,5738.701630370966,326603.14285714284,,4097.570493825123
2025-11-17 00:00:00,curve_usdcwbtcweth,1k-10k,0x7f86bf177dd4f3494b841a37e810a34dd56c829b,14361,46318655.557139605,11589.934911601535,326603.14285714284,,3996.455192407905
2025-11-17 00:00:00,curve_usdt,0.5k-1k,0xf5f5b97624542d72a9e06f04804bf81baa15e2b4,279,225305.81794747335,57.7795785709613,21676385.714285713,,3899.402237258735
2025-11-17 00:00:00,curve_usdt,100k+,0xf5f5b97624542d72a9e06f04804bf81baa15e2b4,2,228684.73568382603,80.55647672019835,21676385.714285713,,2838.812532456335
2025-11-17 00:00:00,curve_usdt,10k-100k,0xf5f5b97624542d72a9e06f04804bf81baa15e2b4,1150,23777423.13837739,6498.783752985542,21676385.714285713,,3658.7497048896325
2025-11-17 00:00:00,curve_usdt,1k-10k,0xf5f5b97624542d72a9e06f04804bf81baa15e2b4,4397,17051127.211318493,4452.812582518584,21676385.714285713,,3829.2937093871788
2025-11-17 00:00:00,curve_usdtwbtcweth,0.5k-1k,0xd51a44d3fae010294c616388b506acda1bfaae46,1996,1528699.7688109104,467.4202065680984,13116555.42857143,,3270.5042429272776
2025-11-17 00:00:00,curve_usdtwbtcweth,100k+,0xd51a44d3fae010294c616388b506acda1bfaae46,1,108383.01627239761,42.21399962545973,13116555.42857143,,2567.46617790347
2025-11-17 00:00:00,curve_usdtwbtcweth,10k-100k,0xd51a44d3fae010294c616388b506acda1bfaae46,489,8517201.909425922,2099.5418930334786,13116555.42857143,,4056.69538563959
2025-11-17 00:00:00,curve_usdtwbtcweth,1k-10k,0xd51a44d3fae010294c616388b506acda1bfaae46,8602,26163905.909065057,6294.966844826109,13116555.42857143,,4156.321479368777
2025-11-17 00:00:00,sushiv2_ethusdt,0.5k-1k,0x06da0fd433c1a5d7a4faa01111c044910a184553,597,414448.5190190409,142.23441833867145,1877522.142857143,,2913.8412759716575
2025-11-17 00:00:00,sushiv2_ethusdt,10k-100k,0x06da0fd433c1a5d7a4faa01111c044910a184553,2,30650.914965158576,10.912503036876528,1877522.142857143,,2808.7886767664763
2025-11-17 00:00:00,sushiv2_ethusdt,1k-10k,0x06da0fd433c1a5d7a4faa01111c044910a184553,255,390281.11056993966,135.39107004808275,1877522.142857143,,2882.620769828729
2025-11-17 00:00:00,sushiv2_usdceth,0.5k-1k,0x397ff1542f962076d0bfe58ea045ffa2d347aca0,593,415664.617658206,142.7826031147901,1876893.7142857143,,2911.1713093228336
2025-11-17 00:00:00,sushiv2_usdceth,10k-100k,0x397ff1542f962076d0bfe58ea045ffa2d347aca0,8,119194.81591577819,41.702757868564284,1876893.7142857143,,2858.1998411579334
2025-11-17 00:00:00,sushiv2_usdceth,1k-10k,0x397ff1542f962076d0bfe58ea045ffa2d347aca0,263,423531.7265453273,147.0711379237035,1876893.7142857143,,2879.774594285413
2025-11-17 00:00:00,uniswap_v3_0.01_ethusdc,0.5k-1k,0xe0554a476a092703abdb3ef35c80e0d76d32939f,20388,14926345.684755208,5085.080041330141,3719003.714285714,0.01%,2935.3216789977637
2025-11-17 00:00:00,uniswap_v3_0.01_ethusdc,100k+,0xe0554a476a092703abdb3ef35c80e0d76d32939f,381,95508330.65751606,32606.10941723559,3719003.714285714,0.01%,2929.154454932619
2025-11-17 00:00:00,uniswap_v3_0.01_ethusdc,10k-100k,0xe0554a476a092703abdb3ef35c80e0d76d32939f,2977,92931299.92519763,31285.42301448067,3719003.714285714,0.01%,2970.434501786463
2025-11-17 00:00:00,uniswap_v3_0.01_ethusdc,1k-10k,0xe0554a476a092703abdb3ef35c80e0d76d32939f,43177,111694055.48169327,37972.2243276846,3719003.714285714,0.01%,2941.4672819221687
2025-11-17 00:00:00,uniswap_v3_0.01_ethusdt,0.5k-1k,0xc7bbec68d12a0d1830360f8ec58fa599ba1b0e9b,29226,21949572.30138792,7388.808934631099,6709065.857142857,0.01%,2970.650952755188
2025-11-17 00:00:00,uniswap_v3_0.01_ethusdt,100k+,0xc7bbec68d12a0d1830360f8ec58fa599ba1b0e9b,685,194643187.75390118,65942.61658117537,6709065.857142857,0.01%,2951.7055562133387
2025-11-17 00:00:00,uniswap_v3_0.01_ethusdt,10k-100k,0xc7bbec68d12a0d1830360f8ec58fa599ba1b0e9b,7769,191873250.9990651,64801.807206250916,6709065.857142857,0.01%,2960.924382685374
2025-11-17 00:00:00,uniswap_v3_0.01_ethusdt,1k-10k,0xc7bbec68d12a0d1830360f8ec58fa599ba1b0e9b,72151,236373183.70011777,80239.89459605483,6709065.857142857,0.01%,2945.8311839773974
2025-11-17 00:00:00,uniswap_v3_0.05_ethusdc,0.5k-1k,0x88e6a0c2ddd26feeb64f039a2c41296fcb3f5640,3525,2580381.4075959907,883.1517937353993,69149240.71428572,0.05%,2921.7869746739116
2025-11-17 00:00:00,uniswap_v3_0.05_ethusdc,100k+,0x88e6a0c2ddd26feeb64f039a2c41296fcb3f5640,575,118928011.33445084,41351.07403694224,69149240.71428572,0.05%,2876.0561630927136
2025-11-17 00:00:00,uniswap_v3_0.05_ethusdc,10k-100k,0x88e6a0c2ddd26feeb64f039a2c41296fcb3f5640,14236,366527687.47323424,124970.4410900005,69149240.71428572,0.05%,2932.9150499618577
2025-11-17 00:00:00,uniswap_v3_0.05_ethusdc,1k-10k,0x88e6a0c2ddd26feeb64f039a2c41296fcb3f5640,20544,89646356.359252,30868.180294371134,69149240.71428572,0.05%,2904.1671878403267
2025-11-17 00:00:00,uniswap_v3_0.05_ethusdt,0.5k-1k,0x11b815efb8f581194ae79006d24e0d814b7697f6,4022,3045330.011777821,1030.6864598745603,17192932.14285714,0.05%,2954.6618980018934
2025-11-17 00:00:00,uniswap_v3_0.05_ethusdt,100k+,0x11b815efb8f581194ae79006d24e0d814b7697f6,426,83638516.22065616,27441.76624463299,17192932.14285714,0.05%,3047.854699841488
2025-11-17 00:00:00,uniswap_v3_0.05_ethusdt,10k-100k,0x11b815efb8f581194ae79006d24e0d814b7697f6,10991,288484368.67762774,96164.6751120992,17192932.14285714,0.05%,2999.899582059019
2025-11-17 00:00:00,uniswap_v3_0.05_ethusdt,1k-10k,0x11b815efb8f581194ae79006d24e0d814b7697f6,21508,93054029.83106507,32003.861067444494,17192932.14285714,0.05%,2907.58760747537
2025-11-17 00:00:00,uniswap_v3_0.3_ethusdc,0.5k-1k,0x8ad599c3a0ff1de082011efddc58f1908eb6e6d8,121,93056.53264950328,32.013272374414875,45494194.28571428,0.3%,2906.8110114189512
2025-11-17 00:00:00,uniswap_v3_0.3_ethusdc,100k+,0x8ad599c3a0ff1de082011efddc58f1908eb6e6d8,397,89362827.70159255,30655.980860767526,45494194.28571428,0.3%,2915.0209907638623
2025-11-17 00:00:00,uniswap_v3_0.3_ethusdc,10k-100k,0x8ad599c3a0ff1de082011efddc58f1908eb6e6d8,3149,103945844.51213466,35458.44077707255,45494194.28571428,0.3%,2931.483794384611
2025-11-17 00:00:00,uniswap_v3_0.3_ethusdc,1k-10k,0x8ad599c3a0ff1de082011efddc58f1908eb6e6d8,1570,8560168.294296443,2976.1586866444695,45494194.28571428,0.3%,2876.2472689074852
2025-11-17 00:00:00,uniswap_v3_0.3_ethusdt,0.5k-1k,0x4e68ccd3e89f51c3074ca5072bbac773960dfa36,486,348761.14036856906,118.19554552992915,95954592.0,0.3%,2950.7130645651678
2025-11-17 00:00:00,uniswap_v3_0.3_ethusdt,100k+,0x4e68ccd3e89f51c3074ca5072bbac773960dfa36,841,207779188.51871854,70085.20117010758,95954592.0,0.3%,2964.6656505188084
2025-11-17 00:00:00,uniswap_v3_0.3_ethusdt,10k-100k,0x4e68ccd3e89f51c3074ca5072bbac773960dfa36,3614,136936488.6837157,46977.800083029266,95954592.0,0.3%,2914.919141417693
2025-11-17 00:00:00,uniswap_v3_0.3_ethusdt,1k-10k,0x4e68ccd3e89f51c3074ca5072bbac773960dfa36,1635,8138609.604904797,2825.382740006491,95954592.0,0.3%,2880.5334900878242
2025-11-17 00:00:00,uniswap_v3_1.0_ethusdc,0.5k-1k,0x7bea39867e4169dbe237d55c8242a8f2fcdcc387,129,90253.45787122835,30.855392880565297,471829.5714285714,1%,2925.046464991725
2025-11-17 00:00:00,uniswap_v3_1.0_ethusdc,1k-10k,0x7bea39867e4169dbe237d55c8242a8f2fcdcc387,76,131979.02526748867,47.14562296112193,471829.5714285714,1%,2799.390844327661
2025-11-24 00:00:00,curve_usdcwbtcweth,0.5k-1k,0x7f86bf177dd4f3494b841a37e810a34dd56c829b,2710,2022356.6069877811,449.4573638707011,332197.85714285716,,4499.551613909185
2025-11-24 00:00:00,curve_usdcwbtcweth,10k-100k,0x7f86bf177dd4f3494b841a37e810a34dd56c829b,267,4246011.590570456,1110.0503130352668,332197.85714285716,,3825.0622883573374
2025-11-24 00:00:00,curve_usdcwbtcweth,1k-10k,0x7f86bf177dd4f3494b841a37e810a34dd56c829b,7623,19646357.100472525,4613.9114250324665,332197.85714285716,,4258.069843708428
2025-11-24 00:00:00,curve_usdt,0.5k-1k,0xf5f5b97624542d72a9e06f04804bf81baa15e2b4,283,221385.93027362134,48.70913442208492,22029756.14285714,,4545.059831185258
2025-11-24 00:00:00,curve_usdt,10k-100k,0xf5f5b97624542d72a9e06f04804bf81baa15e2b4,320,6478294.327497826,1777.7696186881576,22029756.14285714,,3644.0572835743783
2025-11-24 00:00:00,curve_usdt,1k-10k,0xf5f5b97624542d72a9e06f04804bf81baa15e2b4,2028,6700590.440414211,1704.0317178749774,22029756.14285714,,3932.1981921617166
2025-11-24 00:00:00,curve_usdtwbtcweth,0.5k-1k,0xd51a44d3fae010294c616388b506acda1bfaae46,1482,1122898.8822745504,292.17413681895465,13335057.285714285,,3843.2521594830732
2025-11-24 00:00:00,curve_usdtwbtcweth,10k-100k,0xd51a44d3fae010294c616388b506acda1bfaae46,172,2605760.30224983,718.2716921829077,13335057.285714285,,3627.819849520499
2025-11-24 00:00:00,curve_usdtwbtcweth,1k-10k,0xd51a44d3fae010294c616388b506acda1bfaae46,6072,14101786.368199093,3414.450759625656,13335057.285714285,,4130.03067285268
2025-11-24 00:00:00,sushiv2_ethusdt,0.5k-1k,0x06da0fd433c1a5d7a4faa01111c044910a184553,206,137353.77728387222,47.00922411247517,1910035.142857143,,2921.84735819585
2025-11-24 00:00:00,sushiv2_ethusdt,10k-100k,0x06da0fd433c1a5d7a4faa01111c044910a184553,4,55083.43675709641,18.238081419203912,1910035.142857143,,3020.242946119098
2025-11-24 00:00:00,sushiv2_ethusdt,1k-10k,0x06da0fd433c1a5d7a4faa01111c044910a184553,72,106031.81549892592,36.059586268328246,1910035.142857143,,2940.4612329691504
2025-11-24 00:00:00,sushiv2_usdceth,0.5k-1k,0x397ff1542f962076d0bfe58ea045ffa2d347aca0,197,130804.69929269841,44.83343904490074,1909848.142857143,,2917.570056619956
2025-11-24 00:00:00,sushiv2_usdceth,1k-10k,0x397ff1542f962076d0bfe58ea045ffa2d347aca0,77,115434.96086828191,39.17185096430701,1909848.142857143,,2946.8855319975833
2025-11-24 00:00:00,uniswap_v3_0.01_ethusdc,0.5k-1k,0xe0554a476a092703abdb3ef35c80e0d76d32939f,17325,12471788.705437481,4201.728106212176,3746410.285714286,0.01%,2968.2522024683553
2025-11-24 00:00:00,uniswap_v3_0.01_ethusdc,100k+,0xe0554a476a092703abdb3ef35c80e0d76d32939f,268,70821760.55188164,24270.758141748163,3746410.285714286,0.01%,2917.987157148628
2025-11-24 00:00:00,uniswap_v3_0.01_ethusdc,10k-100k,0xe0554a476a092703abdb3ef35c80e0d76d32939f,1234,41044169.73774556,13846.882530067549,3746410.285714286,0.01%,2964.1451531506086
2025-11-24 00:00:00,uniswap_v3_0.01_ethusdc,1k-10k,0xe0554a476a092703abdb3ef35c80e0d76d32939f,26077,57082382.745489374,19304.790490007745,3746410.285714286,0.01%,2956.902473250642
2025-11-24 00:00:00,uniswap_v3_0.01_ethusdt,0.5k-1k,0xc7bbec68d12a0d1830360f8ec58fa599ba1b0e9b,18343,13383340.72011992,4503.516790080055,6273968.571428572,0.01%,2971.7532639379847
2025-11-24 00:00:00,uniswap_v3_0.01_ethusdt,100k+,0xc7bbec68d12a0d1830360f8ec58fa599ba1b0e9b,610,153853780.0154229,51969.35587484657,6273968.571428572,0.01%,2960.4711743192665
2025-11-24 00:00:00,uniswap_v3_0.01_ethusdt,10k-100k,0xc7bbec68d12a0d1830360f8ec58fa599ba1b0e9b,3855,92722285.04759167,31234.99326237152,6273968.571428572,0.01%,2968.5386601089253
2025-11-24 00:00:00,uniswap_v3_0.01_ethusdt,1k-10k,0xc7bbec68d12a0d1830360f8ec58fa599ba1b0e9b,48901,148756467.9713385,50151.616803670186,6273968.571428572,0.01%,2966.1350411429257
2025-11-24 00:00:00,uniswap_v3_0.05_ethusdc,0.5k-1k,0x88e6a0c2ddd26feeb64f039a2c41296fcb3f5640,2320,1706152.5401755143,575.5184512113851,68653396.85714285,0.05%,2964.5488108753143
2025-11-24 00:00:00,uniswap_v3_0.05_ethusdc,100k+,0x88e6a0c2ddd26feeb64f039a2c41296fcb3f5640,181,34427062.949660465,11608.589112087895,68653396.85714285,0.05%,2965.654363096713
2025-11-24 00:00:00,uniswap_v3_0.05_ethusdc,10k-100k,0x88e6a0c2ddd26feeb64f039a2c41296fcb3f5640,6225,150768107.12186944,51025.81923139551,68653396.85714285,0.05%,2954.741528757344
2025-11-24 00:00:00,uniswap_v3_0.05_ethusdc,1k-10k,0x88e6a0c2ddd26feeb64f039a2c41296fcb3f5640,13865,57955690.97607809,19559.347628064297,68653396.85714285,0.05%,2963.0687116027148
2025-11-24 00:00:00,uniswap_v3_0.05_ethusdt,0.5k-1k,0x11b815efb8f581194ae79006d24e0d814b7697f6,2005,1500906.6376509585,505.2795399275137,11984386.42857143,0.05%,2970.448076853211
2025-11-24 00:00:00,uniswap_v3_0.05_ethusdt,100k+,0x11b815efb8f581194ae79006d24e0d814b7697f6,25,4872927.331911287,1630.791450277437,11984386.42857143,0.05%,2988.075103706415
2025-11-24 00:00:00,uniswap_v3_0.05_ethusdt,10k-100k,0x11b815efb8f581194ae79006d24e0d814b7697f6,2568,49656882.85215235,16827.331248520015,11984386.42857143,0.05%,2950.9660277543853
2025-11-24 00:00:00,uniswap_v3_0.05_ethusdt,1k-10k,0x11b815efb8f581194ae79006d24e0d814b7697f6,13665,51172133.41917867,17308.430113806935,11984386.42857143,0.05%,2956.4861216592176
2025-11-24 00:00:00,uniswap_v3_0.3_ethusdc,0.5k-1k,0x8ad599c3a0ff1de082011efddc58f1908eb6e6d8,64,47790.95721466604,16.084068168419826,35329903.571428575,0.3%,2971.3227222265155
2025-11-24 00:00:00,uniswap_v3_0.3_ethusdc,100k+,0x8ad599c3a0ff1de082011efddc58f1908eb6e6d8,61,10731336.326449193,3627.8286243473003,35329903.571428575,0.3%,2958.0604371519667
2025-11-24 00:00:00,uniswap_v3_0.3_ethusdc,10k-100k,0x8ad599c3a0ff1de082011efddc58f1908eb6e6d8,1129,35328607.484796666,12055.715291967223,35329903.571428575,0.3%,2930.444741701579
2025-11-24 00:00:00,uniswap_v3_0.3_ethusdc,1k-10k,0x8ad599c3a0ff1de082011efddc58f1908eb6e6d8,938,4764295.9476382155,1617.2726665656046,35329903.571428575,0.3%,2945.8829337390225
2025-11-24 00:00:00,uniswap_v3_0.3_ethusdt,0.5k-1k,0x4e68ccd3e89f51c3074ca5072bbac773960dfa36,234,167196.0170780324,56.57231441710396,72164550.85714285,0.3%,2955.4388714823854
2025-11-24 00:00:00,uniswap_v3_0.3_ethusdt,100k+,0x4e68ccd3e89f51c3074ca5072bbac773960dfa36,208,40978199.47751691,13846.261102058821,72164550.85714285,0.3%,2959.513703769735
2025-11-24 00:00:00,uniswap_v3_0.3_ethusdt,10k-100k,0x4e68ccd3e89f51c3074ca5072bbac773960dfa36,1479,54231810.72354148,18460.716653417734,72164550.85714285,0.3%,2937.6871841809702
2025-11-24 00:00:00,uniswap_v3_0.3_ethusdt,1k-10k,0x4e68ccd3e89f51c3074ca5072bbac773960dfa36,914,4261633.312696741,1449.1906584788373,72164550.85714285,0.3%,2940.6988568157226
2025-11-24 00:00:00,uniswap_v3_1.0_ethusdc,0.5k-1k,0x7bea39867e4169dbe237d55c8242a8f2fcdcc387,58,38622.09623768352,13.308535957114234,481609.21428571426,1%,2902.0544680602247
2025-11-24 00:00:00,uniswap_v3_1.0_ethusdc,1k-10k,0x7bea39867e4169dbe237d55c8242a8f2fcdcc387,15,17810.90578952057,5.9752991617062,481609.21428571426,1%,2980.755491484849
2025-12-01 00:00:00,curve_usdcwbtcweth,0.5k-1k,0x7f86bf177dd4f3494b841a37e810a34dd56c829b,3022,2206471.9039570782,508.9353230221584,334323.4285714286,,4335.466225560082
2025-12-01 00:00:00,curve_usdcwbtcweth,10k-100k,0x7f86bf177dd4f3494b841a37e810a34dd56c829b,253,4530315.76696572,1064.232607464635,334323.4285714286,,4256.8849471343265
2025-12-01 00:00:00,curve_usdcwbtcweth,1k-10k,0x7f86bf177dd4f3494b841a37e810a34dd56c829b,6696,17501165.497444734,3985.630392375608,334323.4285714286,,4391.065847682199
2025-12-01 00:00:00,curve_usdt,0.5k-1k,0xf5f5b97624542d72a9e06f04804bf81baa15e2b4,217,162711.81340938577,35.27254134929915,22150718.85714286,,4612.988097400551
2025-12-01 00:00:00,curve_usdt,10k-100k,0xf5f5b97624542d72a9e06f04804bf81baa15e2b4,151,3068965.4136007703,820.1224209236245,22150718.85714286,,3742.082078605401
2025-12-01 00:00:00,curve_usdt,1k-10k,0xf5f5b97624542d72a9e06f04804bf81baa15e2b4,1089,3739096.4501747545,898.2519315568375,22150718.85714286,,4162.636693354175
2025-12-01 00:00:00,curve_usdtwbtcweth,0.5k-1k,0xd51a44d3fae010294c616388b506acda1bfaae46,2238,1635621.903599286,419.43279964965626,13408282.714285715,,3899.6041915784554
2025-12-01 00:00:00,curve_usdtwbtcweth,10k-100k,0xd51a44d3fae010294c616388b506acda1bfaae46,147,2561880.2186563085,592.5830780221696,13408282.714285715,,4323.242282258461
2025-12-01 00:00:00,curve_usdtwbtcweth,1k-10k,0xd51a44d3fae010294c616388b506acda1bfaae46,5056,12799009.069179315,3104.8624942586544,13408282.714285715,,4122.246667234558
2025-12-01 00:00:00,sushiv2_ethusdt,0.5k-1k,0x06da0fd433c1a5d7a4faa01111c044910a184553,299,206041.87512486702,68.25704163405231,1917944.0,,3018.6171300760875
2025-12-01 00:00:00,sushiv2_ethusdt,1k-10k,0x06da0fd433c1a5d7a4faa01111c044910a184553,112,192684.23147052247,64.59019516861638,1917944.0,,2983.180821291983
2025-12-01 00:00:00,sushiv2_usdceth,0.5k-1k,0x397ff1542f962076d0bfe58ea045ffa2d347aca0,308,211147.42783919186,69.94263882822216,1918745.5714285714,,3018.865621552628
2025-12-01 00:00:00,sushiv2_usdceth,10k-100k,0x397ff1542f962076d0bfe58ea045ffa2d347aca0,3,37805.176436293405,13.037918072323997,1918745.5714285714,,2899.6329188893783
2025-12-01 00:00:00,sushiv2_usdceth,1k-10k,0x397ff1542f962076d0bfe58ea045ffa2d347aca0,111,200471.157026655,67.41298430233238,1918745.5714285714,,2973.776626288877
2025-12-01 00:00:00,uniswap_v3_0.01_ethusdc,0.5k-1k,0xe0554a476a092703abdb3ef35c80e0d76d32939f,19387,13831316.064412795,4586.982275768679,3811328.714285714,0.01%,3015.3410745619167
2025-12-01 00:00:00,uniswap_v3_0.01_ethusdc,100k+,0xe0554a476a092703abdb3ef35c80e0d76d32939f,271,98752662.93109077,32426.65949834397,3811328.714285714,0.01%,3045.41585407939
2025-12-01 00:00:00,uniswap_v3_0.01_ethusdc,10k-100k,0xe0554a476a092703abdb3ef35c80e0d76d32939f,1266,38275288.495699495,12804.631473499816,3811328.714285714,0.01%,2989.175328857624
2025-12-01 00:00:00,uniswap_v3_0.01_ethusdc,1k-10k,0xe0554a476a092703abdb3ef35c80e0d76d32939f,29012,69962459.36795624,23104.960677317496,3811328.714285714,0.01%,3028.027632033128
2025-12-01 00:00:00,uniswap_v3_0.01_ethusdt,0.5k-1k,0xc7bbec68d12a0d1830360f8ec58fa599ba1b0e9b,20907,15057345.430188932,4998.692149447741,7041457.571428572,0.01%,3012.2570024346223
2025-12-01 00:00:00,uniswap_v3_0.01_ethusdt,100k+,0xc7bbec68d12a0d1830360f8ec58fa599ba1b0e9b,650,190864151.13602453,63309.146759355484,7041457.571428572,0.01%,3014.7958218662875
2025-12-01 00:00:00,uniswap_v3_0.01_ethusdt,10k-100k,0xc7bbec68d12a0d1830360f8ec58fa599ba1b0e9b,6617,141591627.6326892,47098.57922150285,7041457.571428572,0.01%,3006.2823544376806
2025-12-01 00:00:00,uniswap_v3_0.01_ethusdt,1k-10k,0xc7bbec68d12a0d1830360f8ec58fa599ba1b0e9b,54390,177635722.20172983,58977.26712468738,7041457.571428572,0.01%,3011.935460254194
2025-12-01 00:00:00,uniswap_v3_0.05_ethusdc,0.5k-1k,0x88e6a0c2ddd26feeb64f039a2c41296fcb3f5640,2706,1982600.5876458487,658.8818704089398,69458231.0,0.05%,3009.038003148172
2025-12-01 00:00:00,uniswap_v3_0.05_ethusdc,100k+,0x88e6a0c2ddd26feeb64f039a2c41296fcb3f5640,277,53866250.22046436,18165.66097325383,69458231.0,0.05%,2965.2788467083146
2025-12-01 00:00:00,uniswap_v3_0.05_ethusdc,10k-100k,0x88e6a0c2ddd26feeb64f039a2c41296fcb3f5640,8160,204614863.39537942,67883.63446219827,69458231.0,0.05%,3014.2001826570054
2025-12-01 00:00:00,uniswap_v3_0.05_ethusdc,1k-10k,0x88e6a0c2ddd26feeb64f039a2c41296fcb3f5640,14745,63131843.602991104,21047.059222018474,69458231.0,0.05%,2999.5565146196504
2025-12-01 00:00:00,uniswap_v3_0.05_ethusdt,0.5k-1k,0x11b815efb8f581194ae79006d24e0d814b7697f6,2769,2058830.8499127198,686.5471792954314,11400951.42857143,0.05%,2998.819180971064
2025-12-01 00:00:00,uniswap_v3_0.05_ethusdt,100k+,0x11b815efb8f581194ae79006d24e0d814b7697f6,92,25008709.731993563,8874.192898798701,11400951.42857143,0.05%,2818.1390710336022
2025-12-01 00:00:00,uniswap_v3_0.05_ethusdt,10k-100k,0x11b815efb8f581194ae79006d24e0d814b7697f6,3097,61852682.51006433,20506.740382801454,11400951.42857143,0.05%,3016.212296808458
2025-12-01 00:00:00,uniswap_v3_0.05_ethusdt,1k-10k,0x11b815efb8f581194ae79006d24e0d814b7697f6,14618,57462463.05368071,19110.25244285535,11400951.42857143,0.05%,3006.891888294437
2025-12-01 00:00:00,uniswap_v3_0.3_ethusdc,0.5k-1k,0x8ad599c3a0ff1de082011efddc58f1908eb6e6d8,66,50791.57304869645,16.965736812020225,36488355.71428572,0.3%,2993.7734866139513
2025-12-01 00:00:00,uniswap_v3_0.3_ethusdc,100k+,0x8ad599c3a0ff1de082011efddc58f1908eb6e6d8,145,34153394.14912897,11633.139275277317,36488355.71428572,0.3%,2935.87082050256
2025-12-01 00:00:00,uniswap_v3_0.3_ethusdc,10k-100k,0x8ad599c3a0ff1de082011efddc58f1908eb6e6d8,1611,53327673.70310778,17745.150194365375,36488355.71428572,0.3%,3005.1970887257376
2025-12-01 00:00:00,uniswap_v3_0.3_ethusdc,1k-10k,0x8ad599c3a0ff1de082011efddc58f1908eb6e6d8,1087,5550333.667992618,1845.1396509319088,36488355.71428572,0.3%,3008.0832446418667
2025-12-01 00:00:00,uniswap_v3_0.3_ethusdt,0.5k-1k,0x4e68ccd3e89f51c3074ca5072bbac773960dfa36,219,154913.10802385863,52.11561464188223,72312375.28571428,0.3%,2972.4893218349216
2025-12-01 00:00:00,uniswap_v3_0.3_ethusdt,100k+,0x4e68ccd3e89f51c3074ca5072bbac773960dfa36,615,142941829.27694833,47132.56737265108,72312375.28571428,0.3%,3032.761363215938
2025-12-01 00:00:00,uniswap_v3_0.3_ethusdt,10k-100k,0x4e68ccd3e89f51c3074ca5072bbac773960dfa36,1948,78820958.4885233,26153.915778419414,72312375.28571428,0.3%,3013.734507532576
2025-12-01 00:00:00,uniswap_v3_0.3_ethusdt,1k-10k,0x4e68ccd3e89f51c3074ca5072bbac773960dfa36,823,3836621.5928835776,1282.9634506787638,72312375.28571428,0.3%,2990.4371717321933
2025-12-01 00:00:00,uniswap_v3_1.0_ethusdc,0.5k-1k,0x7bea39867e4169dbe237d55c8242a8f2fcdcc387,98,67662.7232407826,22.679435441655734,533341.0714285715,1%,2983.439487056421
2025-12-01 00:00:00,uniswap_v3_1.0_ethusdc,10k-100k,0x7bea39867e4169dbe237d55c8242a8f2fcdcc387,2,21185.47156481639,7.108795836762254,533341.0714285715,1%,2980.1772411662687
2025-12-01 00:00:00,uniswap_v3_1.0_ethusdc,1k-10k,0x7bea39867e4169dbe237d55c8242a8f2fcdcc387,90,210332.34897477133,71.5484335200663,533341.0714285715,1%,2939.719832102013
2025-12-08 00:00:00,curve_usdcwbtcweth,0.5k-1k,0x7f86bf177dd4f3494b841a37e810a34dd56c829b,1650,1259867.746702288,302.4388919776414,340470.71428571426,,4165.693566935258
2025-12-08 00:00:00,curve_usdcwbtcweth,10k-100k,0x7f86bf177dd4f3494b841a37e810a34dd56c829b,336,5440470.731291648,1420.2786733051914,340470.71428571426,,3830.5656724612327
2025-12-08 00:00:00,curve_usdcwbtcweth,1k-10k,0x7f86bf177dd4f3494b841a37e810a34dd56c829b,7485,20742719.797552127,4950.463892446649,340470.71428571426,,4190.055770167537
2025-12-08 00:00:00,curve_usdt,0.5k-1k,0xf5f5b97624542d72a9e06f04804bf81baa15e2b4,92,72873.8268644943,17.538854115559975,22565393.57142857,,4154.993614995788
2025-12-08 00:00:00,curve_usdt,10k-100k,0xf5f5b97624542d72a9e06f04804bf81baa15e2b4,289,5761512.617921953,1412.5752679672066,22565393.57142857,,4078.729642642808
2025-12-08 00:00:00,curve_usdt,1k-10k,0xf5f5b97624542d72a9e06f04804bf81baa15e2b4,1579,5844494.777075952,1316.4550700146274,22565393.57142857,,4439.570259705873
2025-12-08 00:00:00,curve_usdtwbtcweth,0.5k-1k,0xd51a44d3fae010294c616388b506acda1bfaae46,1223,939734.5976499768,246.2484708604413,13655526.714285715,,3816.2048047094736
2025-12-08 00:00:00,curve_usdtwbtcweth,10k-100k,0xd51a44d3fae010294c616388b506acda1bfaae46,321,5411635.926872641,1459.1990613646562,13655526.714285715,,3708.634462669973
2025-12-08 00:00:00,curve_usdtwbtcweth,1k-10k,0xd51a44d3fae010294c616388b506acda1bfaae46,6128,17157007.82586625,4225.929328425195,13655526.714285715,,4059.937233323269
2025-12-08 00:00:00,sushiv2_ethusdt,0.5k-1k,0x06da0fd433c1a5d7a4faa01111c044910a184553,332,224205.08286677554,69.83072157025543,1971179.142857143,,3210.694058791972
2025-12-08 00:00:00,sushiv2_ethusdt,1k-10k,0x06da0fd433c1a5d7a4faa01111c044910a184553,109,199048.73174678956,61.375876443453485,1971179.142857143,,3243.1102133454037
2025-12-08 00:00:00,sushiv2_usdceth,0.5k-1k,0x397ff1542f962076d0bfe58ea045ffa2d347aca0,309,206920.7146952803,64.49247297042228,1971047.142857143,,3208.447515885751
2025-12-08 00:00:00,sushiv2_usdceth,1k-10k,0x397ff1542f962076d0bfe58ea045ffa2d347aca0,94,141005.38898010016,43.79161111928052,1971047.142857143,,3219.917819329065
2025-12-08 00:00:00,uniswap_v3_0.01_ethusdc,0.5k-1k,0xe0554a476a092703abdb3ef35c80e0d76d32939f,15806,11398000.085069947,3579.8684915820363,4127960.285714286,0.01%,3183.9158650302475
2025-12-08 00:00:00,uniswap_v3_0.01_ethusdc,100k+,0xe0554a476a092703abdb3ef35c80e0d76d32939f,207,59682404.44964141,19078.274323474037,4127960.285714286,0.01%,3128.291554976111
2025-12-08 00:00:00,uniswap_v3_0.01_ethusdc,10k-100k,0xe0554a476a092703abdb3ef35c80e0d76d32939f,1023,33893730.377009794,10618.201614056266,4127960.285714286,0.01%,3192.040574191172
2025-12-08 00:00:00,uniswap_v3_0.01_ethusdc,1k-10k,0xe0554a476a092703abdb3ef35c80e0d76d32939f,27944,67618089.22395389,21196.366080490952,4127960.285714286,0.01%,3190.0793262006027
2025-12-08 00:00:00,uniswap_v3_0.01_ethusdt,0.5k-1k,0xc7bbec68d12a0d1830360f8ec58fa599ba1b0e9b,15247,11007496.223513048,3457.4003739546883,7099155.714285715,0.01%,3183.749358747917
2025-12-08 00:00:00,uniswap_v3_0.01_ethusdt,100k+,0xc7bbec68d12a0d1830360f8ec58fa599ba1b0e9b,525,114526924.68320738,35905.99676125613,7099155.714285715,0.01%,3189.6322345460153
2025-12-08 00:00:00,uniswap_v3_0.01_ethusdt,10k-100k,0xc7bbec68d12a0d1830360f8ec58fa599ba1b0e9b,5990,124160479.82529332,38227.92438450993,7099155.714285715,0.01%,3247.9001103079377
2025-12-08 00:00:00,uniswap_v3_0.01_ethusdt,1k-10k,0xc7bbec68d12a0d1830360f8ec58fa599ba1b0e9b,47645,157326952.21564567,49185.60477904511,7099155.714285715,0.01%,3198.638156883511
2025-12-08 00:00:00,uniswap_v3_0.05_ethusdc,0.5k-1k,0x88e6a0c2ddd26feeb64f039a2c41296fcb3f5640,1909,1383007.5406081823,432.5822761789191,71024311.0,0.05%,3197.097099826995
2025-12-08 00:00:00,uniswap_v3_0.05_ethusdc,100k+,0x88e6a0c2ddd26feeb64f039a2c41296fcb3f5640,256,48708974.38480147,15167.596814135555,71024311.0,0.05%,3211.383779624652
2025-12-08 00:00:00,uniswap_v3_0.05_ethusdc,10k-100k,0x88e6a0c2ddd26feeb64f039a2c41296fcb3f5640,8053,207574657.7905725,64591.73725034349,71024311.0,0.05%,3213.641041826424
2025-12-08 00:00:00,uniswap_v3_0.05_ethusdc,1k-10k,0x88e6a0c2ddd26feeb64f039a2c41296fcb3f5640,11624,52408509.9931539,16400.606798982713,71024311.0,0.05%,3195.5226191024017
2025-12-08 00:00:00,uniswap_v3_0.05_ethusdt,0.5k-1k,0x11b815efb8f581194ae79006d24e0d814b7697f6,1762,1301542.7092114473,409.7494312418697,11420045.142857144,0.05%,3176.4356701282736
2025-12-08 00:00:00,uniswap_v3_0.05_ethusdt,100k+,0x11b815efb8f581194ae79006d24e0d814b7697f6,23,4067991.1108274776,1280.6327421165427,11420045.142857144,0.05%,3176.5477931668206
2025-12-08 00:00:00,uniswap_v3_0.05_ethusdt,10k-100k,0x11b815efb8f581194ae79006d24e0d814b7697f6,3183,61400717.400788605,19046.692845393296,11420045.142857144,0.05%,3223.694417671003
2025-12-08 00:00:00,uniswap_v3_0.05_ethusdt,1k-10k,0x11b815efb8f581194ae79006d24e0d814b7697f6,12407,51878572.655205876,16218.011852459791,11420045.142857144,0.05%,3198.824438356631
2025-12-08 00:00:00,uniswap_v3_0.3_ethusdc,0.5k-1k,0x8ad599c3a0ff1de082011efddc58f1908eb6e6d8,62,48024.073402779395,15.08588710540474,36949193.85714286,0.3%,3183.377488326428
2025-12-08 00:00:00,uniswap_v3_0.3_ethusdc,100k+,0x8ad599c3a0ff1de082011efddc58f1908eb6e6d8,87,15160587.652260492,4759.441530679809,36949193.85714286,0.3%,3185.3711311577026
2025-12-08 00:00:00,uniswap_v3_0.3_ethusdc,10k-100k,0x8ad599c3a0ff1de082011efddc58f1908eb6e6d8,1479,46508246.353512734,14554.193191843508,36949193.85714286,0.3%,3195.52212482496
2025-12-08 00:00:00,uniswap_v3_0.3_ethusdc,1k-10k,0x8ad599c3a0ff1de082011efddc58f1908eb6e6d8,967,5282773.911588193,1654.8697611580956,36949193.85714286,0.3%,3192.2596179963134
2025-12-08 00:00:00,uniswap_v3_0.3_ethusdt,0.5k-1k,0x4e68ccd3e89f51c3074ca5072bbac773960dfa36,295,202914.5393497038,63.96547815152466,82200959.28571428,0.3%,3172.2508017376117
2025-12-08 00:00:00,uniswap_v3_0.3_ethusdt,100k+,0x4e68ccd3e89f51c3074ca5072bbac773960dfa36,796,219121887.42098862,68330.1714017159,82200959.28571428,0.3%,3206.8101532010214
2025-12-08 00:00:00,uniswap_v3_0.3_ethusdt,10k-100k,0x4e68ccd3e89f51c3074ca5072bbac773960dfa36,1889,79886013.78935578,24997.05801192556,82200959.28571428,0.3%,3195.816633751215
2025-12-08 00:00:00,uniswap_v3_0.3_ethusdt,1k-10k,0x4e68ccd3e89f51c3074ca5072bbac773960dfa36,639,3297368.9411763856,1030.9635598276666,82200959.28571428,0.3%,3198.3370408625947
2025-12-08 00:00:00,uniswap_v3_1.0_ethusdc,0.5k-1k,0x7bea39867e4169dbe237d55c8242a8f2fcdcc387,82,57146.92740033401,17.727331002032084,499651.4285714286,1%,3223.6622305852616
2025-12-08 00:00:00,uniswap_v3_1.0_ethusdc,1k-10k,0x7bea39867e4169dbe237d55c8242a8f2fcdcc387,14,19922.80021017043,6.287593923869848,499651.4285714286,1%,3168.588883346409
2025-12-15 00:00:00,curve_usdcwbtcweth,0.5k-1k,0x7f86bf177dd4f3494b841a37e810a34dd56c829b,3386,2459944.8031447507,601.4806183686688,326434.4285714286,,4089.8155784580294
2025-12-15 00:00:00,curve_usdcwbtcweth,10k-100k,0x7f86bf177dd4f3494b841a37e810a34dd56c829b,328,5411015.204256605,1259.0040565109814,326434.4285714286,,4297.853669552024
2025-12-15 00:00:00,curve_usdcwbtcweth,1k-10k,0x7f86bf177dd4f3494b841a37e810a34dd56c829b,7344,19903918.386286575,4718.230185069753,326434.4285714286,,4218.5136387092825
2025-12-15 00:00:00,curve_usdt,0.5k-1k,0xf5f5b97624542d72a9e06f04804bf81baa15e2b4,238,176100.61800403515,45.73126186078219,21638456.14285714,,3850.7710226787763
2025-12-15 00:00:00,curve_usdt,10k-100k,0xf5f5b97624542d72a9e06f04804bf81baa15e2b4,157,2987934.4466286763,724.1143195471552,21638456.14285714,,4126.329732710248
2025-12-15 00:00:00,curve_usdt,1k-10k,0xf5f5b97624542d72a9e06f04804bf81baa15e2b4,1016,3433517.5923453616,800.643513068734,21638456.14285714,,4288.447400498203
2025-12-15 00:00:00,curve_usdtwbtcweth,0.5k-1k,0xd51a44d3fae010294c616388b506acda1bfaae46,2708,1973249.989307067,526.0110166885935,13092953.57142857,,3751.347265936183
2025-12-15 00:00:00,curve_usdtwbtcweth,10k-100k,0xd51a44d3fae010294c616388b506acda1bfaae46,391,7354900.308771135,2149.0053831503824,13092953.57142857,,3422.467140584383
2025-12-15 00:00:00,curve_usdtwbtcweth,1k-10k,0xd51a44d3fae010294c616388b506acda1bfaae46,6479,17640957.510007154,4396.869399312687,13092953.57142857,,4012.163179730734
2025-12-15 00:00:00,sushiv2_ethusdt,0.5k-1k,0x06da0fd433c1a5d7a4faa01111c044910a184553,326,222026.77107038995,75.54014787786492,1891984.142857143,,2939.1889916520686
2025-12-15 00:00:00,sushiv2_ethusdt,1k-10k,0x06da0fd433c1a5d7a4faa01111c044910a184553,124,183153.5198899191,62.56202060075627,1891984.142857143,,2927.551222469708
2025-12-15 00:00:00,sushiv2_usdceth,0.5k-1k,0x397ff1542f962076d0bfe58ea045ffa2d347aca0,311,212236.9602985648,72.31041187441335,1887384.7142857143,,2935.0816126890813
2025-12-15 00:00:00,sushiv2_usdceth,1k-10k,0x397ff1542f962076d0bfe58ea045ffa2d347aca0,116,163712.1051506329,55.791236111862005,1887384.7142857143,,2934.369563391434
2025-12-15 00:00:00,uniswap_v3_0.01_ethusdc,0.5k-1k,0xe0554a476a092703abdb3ef35c80e0d76d32939f,19220,13648332.743322708,4632.713709524281,3821105.714285714,0.01%,2946.07730999294
2025-12-15 00:00:00,uniswap_v3_0.01_ethusdc,100k+,0xe0554a476a092703abdb3ef35c80e0d76d32939f,180,40387886.425003916,13832.986032978879,3821105.714285714,0.01%,2919.679549210572
2025-12-15 00:00:00,uniswap_v3_0.01_ethusdc,10k-100k,0xe0554a476a092703abdb3ef35c80e0d76d32939f,974,29532755.140145995,10039.82534997954,3821105.714285714,0.01%,2941.5606457941203
2025-12-15 00:00:00,uniswap_v3_0.01_ethusdc,1k-10k,0xe0554a476a092703abdb3ef35c80e0d76d32939f,24951,59918074.26603827,20323.842334563622,3821105.714285714,0.01%,2948.1666546949614
2025-12-15 00:00:00,uniswap_v3_0.01_ethusdt,0.5k-1k,0xc7bbec68d12a0d1830360f8ec58fa599ba1b0e9b,21255,15314763.256345667,5203.290067610926,7338965.714285715,0.01%,2943.2845483045294
2025-12-15 00:00:00,uniswap_v3_0.01_ethusdt,100k+,0xc7bbec68d12a0d1830360f8ec58fa599ba1b0e9b,470,131288806.46665706,44859.53890828186,7338965.714285715,0.01%,2926.664198111471
2025-12-15 00:00:00,uniswap_v3_0.01_ethusdt,10k-100k,0xc7bbec68d12a0d1830360f8ec58fa599ba1b0e9b,5828,124475338.51579025,42448.2773165175,7338965.714285715,0.01%,2932.400238238981
2025-12-15 00:00:00,uniswap_v3_0.01_ethusdt,1k-10k,0xc7bbec68d12a0d1830360f8ec58fa599ba1b0e9b,49837,159396627.08376262,54201.71764523229,7338965.714285715,0.01%,2940.8039820262693
2025-12-15 00:00:00,uniswap_v3_0.05_ethusdc,0.5k-1k,0x88e6a0c2ddd26feeb64f039a2c41296fcb3f5640,2699,2013397.9712840314,686.1187015539002,68457009.57142857,0.05%,2934.4747005498475
2025-12-15 00:00:00,uniswap_v3_0.05_ethusdc,100k+,0x88e6a0c2ddd26feeb64f039a2c41296fcb3f5640,120,20471157.26641255,6960.574779931251,68457009.57142857,0.05%,2941.015349110974
2025-12-15 00:00:00,uniswap_v3_0.05_ethusdc,10k-100k,0x88e6a0c2ddd26feeb64f039a2c41296fcb3f5640,5641,130656874.43426153,44428.061823447715,68457009.57142857,0.05%,2940.8637035186844
2025-12-15 00:00:00,uniswap_v3_0.05_ethusdc,1k-10k,0x88e6a0c2ddd26feeb64f039a2c41296fcb3f5640,13201,53182583.17106156,18103.45037721336,68457009.57142857,0.05%,2937.7042532180476
2025-12-15 00:00:00,uniswap_v3_0.05_ethusdt,0.5k-1k,0x11b815efb8f581194ae79006d24e0d814b7697f6,2708,2019901.702079906,687.4077226867128,11221876.57142857,0.05%,2938.433240443066
2025-12-15 00:00:00,uniswap_v3_0.05_ethusdt,100k+,0x11b815efb8f581194ae79006d24e0d814b7697f6,11,2835609.3811078826,968.7867430608115,11221876.57142857,0.05%,2926.969636422749
2025-12-15 00:00:00,uniswap_v3_0.05_ethusdt,10k-100k,0x11b815efb8f581194ae79006d24e0d814b7697f6,2578,49952829.48651865,16988.64265386112,11221876.57142857,0.05%,2940.366131909046
2025-12-15 00:00:00,uniswap_v3_0.05_ethusdt,1k-10k,0x11b815efb8f581194ae79006d24e0d814b7697f6,12951,50478760.02508488,17162.535133385027,11221876.57142857,0.05%,2941.218161114918
2025-12-15 00:00:00,uniswap_v3_0.3_ethusdc,0.5k-1k,0x8ad599c3a0ff1de082011efddc58f1908eb6e6d8,67,50776.23253083239,17.32091350149813,35485699.428571425,0.3%,2931.4985336333807
2025-12-15 00:00:00,uniswap_v3_0.3_ethusdc,100k+,0x8ad599c3a0ff1de082011efddc58f1908eb6e6d8,111,17581850.572227243,5946.686421841326,35485699.428571425,0.3%,2956.5793998573104
2025-12-15 00:00:00,uniswap_v3_0.3_ethusdc,10k-100k,0x8ad599c3a0ff1de082011efddc58f1908eb6e6d8,1430,46030089.37264151,15670.556187150058,35485699.428571425,0.3%,2937.361560299081
2025-12-15 00:00:00,uniswap_v3_0.3_ethusdc,1k-10k,0x8ad599c3a0ff1de082011efddc58f1908eb6e6d8,1061,5133075.534937152,1747.7350292879853,35485699.428571425,0.3%,2936.987271479207
2025-12-15 00:00:00,uniswap_v3_0.3_ethusdt,0.5k-1k,0x4e68ccd3e89f51c3074ca5072bbac773960dfa36,236,167421.02798105445,56.918030578403005,92817200.14285715,0.3%,2941.4409859181023
2025-12-15 00:00:00,uniswap_v3_0.3_ethusdt,100k+,0x4e68ccd3e89f51c3074ca5072bbac773960dfa36,847,246998018.6370224,83860.89040959108,92817200.14285715,0.3%,2945.3302657608497
2025-12-15 00:00:00,uniswap_v3_0.3_ethusdt,10k-100k,0x4e68ccd3e89f51c3074ca5072bbac773960dfa36,1887,79950604.48480392,27202.207128218357,92817200.14285715,0.3%,2939.1219656535413
2025-12-15 00:00:00,uniswap_v3_0.3_ethusdt,1k-10k,0x4e68ccd3e89f51c3074ca5072bbac773960dfa36,797,3701066.19130706,1259.4802333063078,92817200.14285715,0.3%,2938.566317623942
2025-12-15 00:00:00,uniswap_v3_1.0_ethusdc,0.5k-1k,0x7bea39867e4169dbe237d55c8242a8f2fcdcc387,107,75282.74450164875,25.75579005842274,481351.0,1%,2922.9444847501213
2025-12-15 00:00:00,uniswap_v3_1.0_ethusdc,1k-10k,0x7bea39867e4169dbe237d55c8242a8f2fcdcc387,30,41672.714000944296,14.136553171203225,481351.0,1%,2947.8695051233162
2025-12-22 00:00:00,curve_usdcwbtcweth,0.5k-1k,0x7f86bf177dd4f3494b841a37e810a34dd56c829b,3460,2515806.4384718346,607.9989171752201,323592.28571428574,,4137.846906307566
2025-12-22 00:00:00,curve_usdcwbtcweth,100k+,0x7f86bf177dd4f3494b841a37e810a34dd56c829b,2,283681.77252079756,98.21071279163081,323592.28571428574,,2888.501309655213
2025-12-22 00:00:00,curve_usdcwbtcweth,10k-100k,0x7f86bf177dd4f3494b841a37e810a34dd56c829b,324,5201255.113987199,1218.0321851037013,323592.28571428574,,4270.211557295075
2025-12-22 00:00:00,curve_usdcwbtcweth,1k-10k,0x7f86bf177dd4f3494b841a37e810a34dd56c829b,7095,18939150.45406957,4124.767154117598,323592.28571428574,,4591.568383481559
2025-12-22 00:00:00,curve_usdt,0.5k-1k,0xf5f5b97624542d72a9e06f04804bf81baa15e2b4,574,436371.45944262,113.80931306667054,21742705.0,,3834.233312584793
2025-12-22 00:00:00,curve_usdt,10k-100k,0xf5f5b97624542d72a9e06f04804bf81baa15e2b4,434,8023748.83510101,2098.156013808727,21742705.0,,3824.1907571666757
2025-12-22 00:00:00,curve_usdt,1k-10k,0xf5f5b97624542d72a9e06f04804bf81baa15e2b4,2397,8017441.030603069,2011.4650664672247,21742705.0,,3985.87137517842
2025-12-22 00:00:00,curve_usdtwbtcweth,0.5k-1k,0xd51a44d3fae010294c616388b506acda1bfaae46,2628,1936430.3301902325,521.5614095467691,13141196.0,,3712.756148644065
2025-12-22 00:00:00,curve_usdtwbtcweth,10k-100k,0xd51a44d3fae010294c616388b506acda1bfaae46,335,5644154.354848629,1593.0080746916415,13141196.0,,3543.079564076389
2025-12-22 00:00:00,curve_usdtwbtcweth,1k-10k,0xd51a44d3fae010294c616388b506acda1bfaae46,5965,16183152.541937206,3963.950629358527,13141196.0,,4082.581761255708
2025-12-22 00:00:00,sushiv2_ethusdt,0.5k-1k,0x06da0fd433c1a5d7a4faa01111c044910a184553,106,70627.91230643107,23.86555764093295,1898493.2857142857,,2959.4075851508196
2025-12-22 00:00:00,sushiv2_ethusdt,1k-10k,0x06da0fd433c1a5d7a4faa01111c044910a184553,48,65326.13276579265,21.99026364578463,1898493.2857142857,,2970.6843818725742
2025-12-22 00:00:00,sushiv2_usdceth,0.5k-1k,0x397ff1542f962076d0bfe58ea045ffa2d347aca0,85,56767.696241410325,19.18809633329272,1880407.142857143,,2958.4850552847347
2025-12-22 00:00:00,sushiv2_usdceth,1k-10k,0x397ff1542f962076d0bfe58ea045ffa2d347aca0,42,57904.75878094563,19.50567397125961,1880407.142857143,,2968.611023964856
2025-12-22 00:00:00,uniswap_v3_0.01_ethusdc,0.5k-1k,0xe0554a476a092703abdb3ef35c80e0d76d32939f,17040,11984835.005175032,4048.462538897852,3722953.1428571427,0.01%,2960.342325024395
2025-12-22 00:00:00,uniswap_v3_0.01_ethusdc,100k+,0xe0554a476a092703abdb3ef35c80e0d76d32939f,115,30929327.091547027,10840.812270662316,3722953.1428571427,0.01%,2853.045170355801
2025-12-22 00:00:00,uniswap_v3_0.01_ethusdc,10k-100k,0xe0554a476a092703abdb3ef35c80e0d76d32939f,492,18205166.125309497,6169.906617566728,3722953.1428571427,0.01%,2950.638843297308
2025-12-22 00:00:00,uniswap_v3_0.01_ethusdc,1k-10k,0xe0554a476a092703abdb3ef35c80e0d76d32939f,16122,33469925.831224516,11284.287821225824,3722953.1428571427,0.01%,2966.0645280836734
2025-12-22 00:00:00,uniswap_v3_0.01_ethusdt,0.5k-1k,0xc7bbec68d12a0d1830360f8ec58fa599ba1b0e9b,17750,12863256.5574828,4344.955607133064,7600745.857142857,0.01%,2960.503563342589
2025-12-22 00:00:00,uniswap_v3_0.01_ethusdt,100k+,0xc7bbec68d12a0d1830360f8ec58fa599ba1b0e9b,336,81707012.17017815,28174.79700344442,7600745.857142857,0.01%,2900.0035798018107
2025-12-22 00:00:00,uniswap_v3_0.01_ethusdt,10k-100k,0xc7bbec68d12a0d1830360f8ec58fa599ba1b0e9b,2889,63820982.933060884,21575.548866636345,7600745.857142857,0.01%,2958.0236093901353
2025-12-22 00:00:00,uniswap_v3_0.01_ethusdt,1k-10k,0xc7bbec68d12a0d1830360f8ec58fa599ba1b0e9b,37585,112880693.99461135,38106.476844532284,7600745.857142857,0.01%,2962.2443044300503
2025-12-22 00:00:00,uniswap_v3_0.05_ethusdc,0.5k-1k,0x88e6a0c2ddd26feeb64f039a2c41296fcb3f5640,1823,1368769.1629961317,462.58905241123466,69278134.85714285,0.05%,2958.9311633326693
2025-12-22 00:00:00,uniswap_v3_0.05_ethusdc,100k+,0x88e6a0c2ddd26feeb64f039a2c41296fcb3f5640,62,12345915.748927627,4155.695237582583,69278134.85714285,0.05%,2970.8424326393556
2025-12-22 00:00:00,uniswap_v3_0.05_ethusdc,10k-100k,0x88e6a0c2ddd26feeb64f039a2c41296fcb3f5640,3220,72953531.57105099,24557.303476123707,69278134.85714285,0.05%,2970.746834723992
2025-12-22 00:00:00,uniswap_v3_0.05_ethusdc,1k-10k,0x88e6a0c2ddd26feeb64f039a2c41296fcb3f5640,9495,37056422.99813408,12509.300759465565,69278134.85714285,0.05%,2962.30970145107
2025-12-22 00:00:00,uniswap_v3_0.05_ethusdt,0.5k-1k,0x11b815efb8f581194ae79006d24e0d814b7697f6,1815,1372334.2206427539,463.4837772456066,11780729.42857143,0.05%,2960.9110135380956
2025-12-22 00:00:00,uniswap_v3_0.05_ethusdt,100k+,0x11b815efb8f581194ae79006d24e0d814b7697f6,15,2440929.363623811,824.7119653747322,11780729.42857143,0.05%,2959.7355999493743
2025-12-22 00:00:00,uniswap_v3_0.05_ethusdt,10k-100k,0x11b815efb8f581194ae79006d24e0d814b7697f6,1732,33283333.29802719,11232.005218822334,11780729.42857143,0.05%,2963.2583541050844
2025-12-22 00:00:00,uniswap_v3_0.05_ethusdt,1k-10k,0x11b815efb8f581194ae79006d24e0d814b7697f6,9609,35196418.17599886,11868.346026658834,11780729.42857143,0.05%,2965.570610845033
2025-12-22 00:00:00,uniswap_v3_0.3_ethusdc,0.5k-1k,0x8ad599c3a0ff1de082011efddc58f1908eb6e6d8,65,50706.30101984838,17.186948723936403,37388717.71428572,0.3%,2950.2794145902876
2025-12-22 00:00:00,uniswap_v3_0.3_ethusdc,100k+,0x8ad599c3a0ff1de082011efddc58f1908eb6e6d8,63,9617685.152483076,3259.9951704691466,37388717.71428572,0.3%,2950.214540072154
2025-12-22 00:00:00,uniswap_v3_0.3_ethusdc,10k-100k,0x8ad599c3a0ff1de082011efddc58f1908eb6e6d8,713,22520715.725541122,7618.2769176639595,37388717.71428572,0.3%,2956.1429663082913
2025-12-22 00:00:00,uniswap_v3_0.3_ethusdc,1k-10k,0x8ad599c3a0ff1de082011efddc58f1908eb6e6d8,633,2832686.9571713763,955.4020382450557,37388717.71428572,0.3%,2964.91617536701
2025-12-22 00:00:00,uniswap_v3_0.3_ethusdt,0.5k-1k,0x4e68ccd3e89f51c3074ca5072bbac773960dfa36,175,122188.63615247593,41.338617765165054,103285819.42857143,0.3%,2955.7987847247523
2025-12-22 00:00:00,uniswap_v3_0.3_ethusdt,100k+,0x4e68ccd3e89f51c3074ca5072bbac773960dfa36,477,148630547.40604693,50168.59765051027,103285819.42857143,0.3%,2962.6211288872887
2025-12-22 00:00:00,uniswap_v3_0.3_ethusdt,10k-100k,0x4e68ccd3e89f51c3074ca5072bbac773960dfa36,943,40024000.15719036,13515.14030664974,103285819.42857143,0.3%,2961.4195079793353
2025-12-22 00:00:00,uniswap_v3_0.3_ethusdt,1k-10k,0x4e68ccd3e89f51c3074ca5072bbac773960dfa36,438,1874814.8923014489,633.9692168088241,103285819.42857143,0.3%,2957.264868061893
2025-12-22 00:00:00,uniswap_v3_1.0_ethusdc,0.5k-1k,0x7bea39867e4169dbe237d55c8242a8f2fcdcc387,32,22454.331771988043,7.613286120258429,485709.71428571426,1%,2949.361342435117
2025-12-22 00:00:00,uniswap_v3_1.0_ethusdc,1k-10k,0x7bea39867e4169dbe237d55c8242a8f2fcdcc387,11,14808.942950969682,4.972135415409049,485709.71428571426,1%,2978.386892898285
2025-12-29 00:00:00,curve_usdcwbtcweth,0.5k-1k,0x7f86bf177dd4f3494b841a37e810a34dd56c829b,2650,1959323.1003258566,464.186639859767,328284.4285714286,,4220.9812434881305
2025-12-29 00:00:00,curve_usdcwbtcweth,10k-100k,0x7f86bf177dd4f3494b841a37e810a34dd56c829b,216,3267169.6895466154,851.074954493029,328284.4285714286,,3838.874205260585
2025-12-29 00:00:00,curve_usdcwbtcweth,1k-10k,0x7f86bf177dd4f3494b841a37e810a34dd56c829b,6003,15607958.945960239,3726.269961255178,328284.4285714286,,4188.628067275825
2025-12-29 00:00:00,curve_usdt,0.5k-1k,0xf5f5b97624542d72a9e06f04804bf81baa15e2b4,385,295663.0460303464,67.09357851776971,23981847.42857143,,4406.726434364209
2025-12-29 00:00:00,curve_usdt,10k-100k,0xf5f5b97624542d72a9e06f04804bf81baa15e2b4,379,7422195.674508583,1807.59728166846,23981847.42857143,,4106.111327882558
2025-12-29 00:00:00,curve_usdt,1k-10k,0xf5f5b97624542d72a9e06f04804bf81baa15e2b4,2187,7584702.829016172,1788.179743221472,23981847.42857143,,4241.577424063673
2025-12-29 00:00:00,curve_usdtwbtcweth,0.5k-1k,0xd51a44d3fae010294c616388b506acda1bfaae46,2020,1502971.4120731894,391.9062440547591,13334577.142857144,,3835.0279814964792
2025-12-29 00:00:00,curve_usdtwbtcweth,10k-100k,0xd51a44d3fae010294c616388b506acda1bfaae46,126,2072102.9559524737,554.8837142798131,13334577.142857144,,3734.3012646205852
2025-12-29 00:00:00,curve_usdtwbtcweth,1k-10k,0xd51a44d3fae010294c616388b506acda1bfaae46,4416,10997896.31254916,2803.085330325446,13334577.142857144,,3923.496796036628
2025-12-29 00:00:00,sushiv2_ethusdt,0.5k-1k,0x06da0fd433c1a5d7a4faa01111c044910a184553,111,76590.56813679196,25.38831313441888,1918604.142857143,,3016.7647504299252
2025-12-29 00:00:00,sushiv2_ethusdt,1k-10k,0x06da0fd433c1a5d7a4faa01111c044910a184553,46,96442.87864528853,31.755876162654108,1918604.142857143,,3037.008903527226
2025-12-29 00:00:00,sushiv2_usdceth,0.5k-1k,0x397ff1542f962076d0bfe58ea045ffa2d347aca0,98,64402.94808690798,21.356582247184463,1899777.142857143,,3015.6018103223664
2025-12-29 00:00:00,sushiv2_usdceth,1k-10k,0x397ff1542f962076d0bfe58ea045ffa2d347aca0,31,45145.98707778685,14.935027904774305,1899777.142857143,,3022.8257600613492
2025-12-29 00:00:00,uniswap_v3_0.01_ethusdc,0.5k-1k,0xe0554a476a092703abdb3ef35c80e0d76d32939f,16279,11582154.994753445,3829.8774730574487,3810086.0,0.01%,3024.158103289721
2025-12-29 00:00:00,uniswap_v3_0.01_ethusdc,100k+,0xe0554a476a092703abdb3ef35c80e0d76d32939f,122,38122023.70650845,12872.180834017241,3810086.0,0.01%,2961.5823610684206
2025-12-29 00:00:00,uniswap_v3_0.01_ethusdc,10k-100k,0xe0554a476a092703abdb3ef35c80e0d76d32939f,562,17960358.23896808,5945.4470119514,3810086.0,0.01%,3020.859189033993
2025-12-29 00:00:00,uniswap_v3_0.01_ethusdc,1k-10k,0xe0554a476a092703abdb3ef35c80e0d76d32939f,17622,36636069.14015097,12100.689234000041,3810086.0,0.01%,3027.601852397993
2025-12-29 00:00:00,uniswap_v3_0.01_ethusdt,0.5k-1k,0xc7bbec68d12a0d1830360f8ec58fa599ba1b0e9b,16055,11619163.527276907,3844.3732863079495,8138549.571428572,0.01%,3022.3817152875113
2025-12-29 00:00:00,uniswap_v3_0.01_ethusdt,100k+,0xc7bbec68d12a0d1830360f8ec58fa599ba1b0e9b,339,91058737.0451308,30260.887334577077,8138549.571428572,0.01%,3009.123164114362
2025-12-29 00:00:00,uniswap_v3_0.01_ethusdt,10k-100k,0xc7bbec68d12a0d1830360f8ec58fa599ba1b0e9b,3567,73032145.04816045,24128.872172504543,8138549.571428572,0.01%,3026.7533652643083
2025-12-29 00:00:00,uniswap_v3_0.01_ethusdt,1k-10k,0xc7bbec68d12a0d1830360f8ec58fa599ba1b0e9b,41187,128941555.88607436,42567.608073325384,8138549.571428572,0.01%,3029.1003352587823
2025-12-29 00:00:00,uniswap_v3_0.05_ethusdc,0.5k-1k,0x88e6a0c2ddd26feeb64f039a2c41296fcb3f5640,1682,1239895.370312047,410.07823448812445,71115342.0,0.05%,3023.5581068079177
2025-12-29 00:00:00,uniswap_v3_0.05_ethusdc,100k+,0x88e6a0c2ddd26feeb64f039a2c41296fcb3f5640,197,48656083.05993504,16317.732323168326,71115342.0,0.05%,2981.7919608138145
2025-12-29 00:00:00,uniswap_v3_0.05_ethusdc,10k-100k,0x88e6a0c2ddd26feeb64f039a2c41296fcb3f5640,3782,91424978.73091827,30329.89214652204,71115342.0,0.05%,3014.3522531913145
2025-12-29 00:00:00,uniswap_v3_0.05_ethusdc,1k-10k,0x88e6a0c2ddd26feeb64f039a2c41296fcb3f5640,9614,39148814.47748813,12931.550040535738,71115342.0,0.05%,3027.387618249223
2025-12-29 00:00:00,uniswap_v3_0.05_ethusdt,0.5k-1k,0x11b815efb8f581194ae79006d24e0d814b7697f6,1310,980663.8936631008,323.95731259673477,13195300.42857143,0.05%,3027.1392419032713
2025-12-29 00:00:00,uniswap_v3_0.05_ethusdt,100k+,0x11b815efb8f581194ae79006d24e0d814b7697f6,23,14638769.974163244,5429.135019691866,13195300.42857143,0.05%,2696.3355895676505
2025-12-29 00:00:00,uniswap_v3_0.05_ethusdt,10k-100k,0x11b815efb8f581194ae79006d24e0d814b7697f6,2009,40781444.1308827,13408.72584943445,13195300.42857143,0.05%,3041.4108386445064
2025-12-29 00:00:00,uniswap_v3_0.05_ethusdt,1k-10k,0x11b815efb8f581194ae79006d24e0d814b7697f6,8911,34680835.696319886,11464.48814878275,13195300.42857143,0.05%,3025.0662084728265
2025-12-29 00:00:00,uniswap_v3_0.3_ethusdc,0.5k-1k,0x8ad599c3a0ff1de082011efddc58f1908eb6e6d8,39,28476.70203921287,9.436412342205612,37850128.28571428,0.3%,3017.746682374934
2025-12-29 00:00:00,uniswap_v3_0.3_ethusdc,100k+,0x8ad599c3a0ff1de082011efddc58f1908eb6e6d8,54,9502914.361540958,3158.3784176334116,37850128.28571428,0.3%,3008.7953705881573
2025-12-29 00:00:00,uniswap_v3_0.3_ethusdc,10k-100k,0x8ad599c3a0ff1de082011efddc58f1908eb6e6d8,584,18394453.551482946,6114.164259176799,37850128.28571428,0.3%,3008.4984262361877
2025-12-29 00:00:00,uniswap_v3_0.3_ethusdc,1k-10k,0x8ad599c3a0ff1de082011efddc58f1908eb6e6d8,521,2423889.4043318834,799.3782436702136,37850128.28571428,0.3%,3032.2183816299457
2025-12-29 00:00:00,uniswap_v3_0.3_ethusdt,0.5k-1k,0x4e68ccd3e89f51c3074ca5072bbac773960dfa36,178,124425.17803900664,40.98777817501935,107247702.0,0.3%,3035.6653514544373
2025-12-29 00:00:00,uniswap_v3_0.3_ethusdt,100k+,0x4e68ccd3e89f51c3074ca5072bbac773960dfa36,411,127476666.67100959,42176.6283465639,107247702.0,0.3%,3022.4480160798585
2025-12-29 00:00:00,uniswap_v3_0.3_ethusdt,10k-100k,0x4e68ccd3e89f51c3074ca5072bbac773960dfa36,738,32925272.820578903,10893.458330665246,107247702.0,0.3%,3022.481182848405
2025-12-29 00:00:00,uniswap_v3_0.3_ethusdt,1k-10k,0x4e68ccd3e89f51c3074ca5072bbac773960dfa36,381,1618861.1573558021,534.4834066480457,107247702.0,0.3%,3028.8333318115765
2025-12-29 00:00:00,uniswap_v3_1.0_ethusdc,0.5k-1k,0x7bea39867e4169dbe237d55c8242a8f2fcdcc387,22,15028.158171052348,5.005226595781737,487585.4285714286,1%,3002.49307068688
2025-12-29 00:00:00,uniswap_v3_1.0_ethusdc,1k-10k,0x7bea39867e4169dbe237d55c8242a8f2fcdcc387,11,15577.844371042913,5.142703406364763,487585.4285714286,1%,3029.115844355968
2026-01-05 00:00:00,curve_usdcwbtcweth,0.5k-1k,0x7f86bf177dd4f3494b841a37e810a34dd56c829b,2542,1887312.7488799219,431.5080208468869,335520.0,,4373.7605275003725
2026-01-05 00:00:00,curve_usdcwbtcweth,10k-100k,0x7f86bf177dd4f3494b841a37e810a34dd56c829b,225,3991400.856316288,998.0999654000536,335520.0,,3998.9990929580626
2026-01-05 00:00:00,curve_usdcwbtcweth,1k-10k,0x7f86bf177dd4f3494b841a37e810a34dd56c829b,5963,15047727.15688217,3454.353443426884,335520.0,,4356.163144080041
2026-01-05 00:00:00,curve_usdt,0.5k-1k,0xf5f5b97624542d72a9e06f04804bf81baa15e2b4,240,184680.6840140201,43.59389124029367,25269962.85714286,,4236.389061853703
2026-01-05 00:00:00,curve_usdt,10k-100k,0xf5f5b97624542d72a9e06f04804bf81baa15e2b4,369,7216970.526199101,1623.3740793866093,25269962.85714286,,4445.660810924139
2026-01-05 00:00:00,curve_usdt,1k-10k,0xf5f5b97624542d72a9e06f04804bf81baa15e2b4,1752,6427476.109357567,1459.7745420268366,25269962.85714286,,4403.060831868791
2026-01-05 00:00:00,curve_usdtwbtcweth,0.5k-1k,0xd51a44d3fae010294c616388b506acda1bfaae46,1964,1468466.4473640993,374.8114388841821,13601140.142857144,,3917.8805527807276
2026-01-05 00:00:00,curve_usdtwbtcweth,10k-100k,0xd51a44d3fae010294c616388b506acda1bfaae46,223,3661169.274219369,966.883859351921,13601140.142857144,,3786.5657170793634
2026-01-05 00:00:00,curve_usdtwbtcweth,1k-10k,0xd51a44d3fae010294c616388b506acda1bfaae46,4843,12605540.97959318,3113.437892422395,13601140.142857144,,4048.752991114109
2026-01-05 00:00:00,sushiv2_ethusdt,0.5k-1k,0x06da0fd433c1a5d7a4faa01111c044910a184553,141,96507.53328655641,30.52357921013639,1935800.142857143,,3161.737115498821
2026-01-05 00:00:00,sushiv2_ethusdt,1k-10k,0x06da0fd433c1a5d7a4faa01111c044910a184553,56,96210.44749948005,30.5532816584615,1935800.142857143,,3148.9398937555798
2026-01-05 00:00:00,sushiv2_usdceth,0.5k-1k,0x397ff1542f962076d0bfe58ea045ffa2d347aca0,153,101400.23443033692,32.07953085758277,1917808.5714285714,,3160.901413443474
2026-01-05 00:00:00,sushiv2_usdceth,1k-10k,0x397ff1542f962076d0bfe58ea045ffa2d347aca0,37,53102.89157478472,16.75071127594897,1917808.5714285714,,3170.1872654823314
2026-01-05 00:00:00,uniswap_v3_0.01_ethusdc,0.5k-1k,0xe0554a476a092703abdb3ef35c80e0d76d32939f,14967,10589846.459060332,3353.978352165815,3813738.285714286,0.01%,3157.398571825006
2026-01-05 00:00:00,uniswap_v3_0.01_ethusdc,100k+,0xe0554a476a092703abdb3ef35c80e0d76d32939f,82,21503121.87888047,6810.826141565389,3813738.285714286,0.01%,3157.1972961767938
2026-01-05 00:00:00,uniswap_v3_0.01_ethusdc,10k-100k,0xe0554a476a092703abdb3ef35c80e0d76d32939f,543,15138886.41764735,4801.24573190908,3813738.285714286,0.01%,3153.116349999399
2026-01-05 00:00:00,uniswap_v3_0.01_ethusdc,1k-10k,0xe0554a476a092703abdb3ef35c80e0d76d32939f,18194,39499390.117075495,12519.983515055406,3813738.285714286,0.01%,3154.907518015266
2026-01-05 00:00:00,uniswap_v3_0.01_ethusdt,0.5k-1k,0xc7bbec68d12a0d1830360f8ec58fa599ba1b0e9b,15840,11447989.887394473,3627.5978995565342,8345323.0,0.01%,3155.8045308147202
2026-01-05 00:00:00,uniswap_v3_0.01_ethusdt,100k+,0xc7bbec68d12a0d1830360f8ec58fa599ba1b0e9b,282,84707806.54008785,27146.62913530635,8345323.0,0.01%,3120.380291706959
2026-01-05 00:00:00,uniswap_v3_0.01_ethusdt,10k-100k,0xc7bbec68d12a0d1830360f8ec58fa599ba1b0e9b,5862,113174138.52097526,35784.038377333905,8345323.0,0.01%,3162.6988918238276
2026-01-05 00:00:00,uniswap_v3_0.01_ethusdt,1k-10k,0xc7bbec68d12a0d1830360f8ec58fa599ba1b0e9b,44637,150161847.18394965,47496.26977381011,8345323.0,0.01%,3161.550325932128
2026-01-05 00:00:00,uniswap_v3_0.05_ethusdc,0.5k-1k,0x88e6a0c2ddd26feeb64f039a2c41296fcb3f5640,1603,1173100.7670906028,371.2037310685539,74118260.71428572,0.05%,3160.2612498362914
2026-01-05 00:00:00,uniswap_v3_0.05_ethusdc,100k+,0x88e6a0c2ddd26feeb64f039a2c41296fcb3f5640,270,50166071.31701659,15995.715572922287,74118260.71428572,0.05%,3136.219263734486
2026-01-05 00:00:00,uniswap_v3_0.05_ethusdc,10k-100k,0x88e6a0c2ddd26feeb64f039a2c41296fcb3f5640,5983,153363091.41134706,48519.84244885902,74118260.71428572,0.05%,3160.8324279493518
2026-01-05 00:00:00,uniswap_v3_0.05_ethusdc,1k-10k,0x88e6a0c2ddd26feeb64f039a2c41296fcb3f5640,8845,38878613.4211676,12301.905926056526,74118260.71428572,0.05%,3160.373169398024
2026-01-05 00:00:00,uniswap_v3_0.05_ethusdt,0.5k-1k,0x11b815efb8f581194ae79006d24e0d814b7697f6,1386,995715.0908057463,314.8324530108738,19743924.714285713,0.05%,3162.6825039264804
2026-01-05 00:00:00,uniswap_v3_0.05_ethusdt,100k+,0x11b815efb8f581194ae79006d24e0d814b7697f6,261,53939305.185419105,17160.70880848331,19743924.714285713,0.05%,3143.18632099593
2026-01-05 00:00:00,uniswap_v3_0.05_ethusdt,10k-100k,0x11b815efb8f581194ae79006d24e0d814b7697f6,5932,157571003.61649242,49863.80687987822,19743924.714285713,0.05%,3160.027552570957
2026-01-05 00:00:00,uniswap_v3_0.05_ethusdt,1k-10k,0x11b815efb8f581194ae79006d24e0d814b7697f6,8574,39579329.27865784,12522.154486176014,19743924.714285713,0.05%,3160.744368898493
2026-01-05 00:00:00,uniswap_v3_0.3_ethusdc,0.5k-1k,0x8ad599c3a0ff1de082011efddc58f1908eb6e6d8,54,41330.7832759284,13.056921933606436,41904914.14285714,0.3%,3165.430833246353
2026-01-05 00:00:00,uniswap_v3_0.3_ethusdc,100k+,0x8ad599c3a0ff1de082011efddc58f1908eb6e6d8,123,20039815.320438474,6344.166755820801,41904914.14285714,0.3%,3158.7781487697903
2026-01-05 00:00:00,uniswap_v3_0.3_ethusdc,10k-100k,0x8ad599c3a0ff1de082011efddc58f1908eb6e6d8,1141,39728505.26478925,12580.865077518243,41904914.14285714,0.3%,3157.851627848971
2026-01-05 00:00:00,uniswap_v3_0.3_ethusdc,1k-10k,0x8ad599c3a0ff1de082011efddc58f1908eb6e6d8,655,3348827.357705947,1059.6621340970084,41904914.14285714,0.3%,3160.278403794858
2026-01-05 00:00:00,uniswap_v3_0.3_ethusdt,0.5k-1k,0x4e68ccd3e89f51c3074ca5072bbac773960dfa36,232,163737.01423563444,51.694609496727765,113539138.42857143,0.3%,3167.390484804782
2026-01-05 00:00:00,uniswap_v3_0.3_ethusdt,100k+,0x4e68ccd3e89f51c3074ca5072bbac773960dfa36,766,218922643.5529656,69569.78144137588,113539138.42857143,0.3%,3146.8065446984965
2026-01-05 00:00:00,uniswap_v3_0.3_ethusdt,10k-100k,0x4e68ccd3e89f51c3074ca5072bbac773960dfa36,1192,55006716.91389228,17390.173991359985,113539138.42857143,0.3%,3163.0918092723764
2026-01-05 00:00:00,uniswap_v3_0.3_ethusdt,1k-10k,0x4e68ccd3e89f51c3074ca5072bbac773960dfa36,533,2473329.197943238,780.6888344988806,113539138.42857143,0.3%,3168.1370203415972
2026-01-05 00:00:00,uniswap_v3_1.0_ethusdc,0.5k-1k,0x7bea39867e4169dbe237d55c8242a8f2fcdcc387,32,21466.561609618777,6.751988041813936,497728.35714285716,1%,3179.294968634414
2026-01-05 00:00:00,uniswap_v3_1.0_ethusdc,1k-10k,0x7bea39867e4169dbe237d55c8242a8f2fcdcc387,12,15637.613362882938,4.902186063793224,497728.35714285716,1%,3189.9265265306617
2026-01-12 00:00:00,curve_usdcwbtcweth,0.5k-1k,0x7f86bf177dd4f3494b841a37e810a34dd56c829b,2400,1793109.219382173,382.84077230464754,344427.4285714286,,4683.694499381317
2026-01-12 00:00:00,curve_usdcwbtcweth,10k-100k,0x7f86bf177dd4f3494b841a37e810a34dd56c829b,184,3067390.4431863166,769.4080518399277,344427.4285714286,,3986.68877437804
2026-01-12 00:00:00,curve_usdcwbtcweth,1k-10k,0x7f86bf177dd4f3494b841a37e810a34dd56c829b,5578,14080224.743291557,3037.6603695850513,344427.4285714286,,4635.220212329048
2026-01-12 00:00:00,curve_usdt,0.5k-1k,0xf5f5b97624542d72a9e06f04804bf81baa15e2b4,395,305661.803620499,66.52724170165524,24251004.714285713,,4594.535949517563
2026-01-12 00:00:00,curve_usdt,100k+,0xf5f5b97624542d72a9e06f04804bf81baa15e2b4,4,708925.3385699721,0.0,24251004.714285713,,inf
2026-01-12 00:00:00,curve_usdt,10k-100k,0xf5f5b97624542d72a9e06f04804bf81baa15e2b4,560,11559194.234791236,2399.864336645198,24251004.714285713,,4816.603196391504
2026-01-12 00:00:00,curve_usdt,1k-10k,0xf5f5b97624542d72a9e06f04804bf81baa15e2b4,2683,9335714.63670407,1978.249393868762,24251004.714285713,,4719.179829215915
2026-01-12 00:00:00,curve_usdtwbtcweth,0.5k-1k,0xd51a44d3fae010294c616388b506acda1bfaae46,1716,1279286.6414457206,310.5904341850523,13961916.142857144,,4118.886162100895
2026-01-12 00:00:00,curve_usdtwbtcweth,10k-100k,0xd51a44d3fae010294c616388b506acda1bfaae46,77,1349004.1724098814,354.583779675882,13961916.142857144,,3804.47231298335
2026-01-12 00:00:00,curve_usdtwbtcweth,1k-10k,0xd51a44d3fae010294c616388b506acda1bfaae46,3648,8867555.431827573,2041.5922487882647,13961916.142857144,,4343.450773331789
2026-01-12 00:00:00,sushiv2_ethusdt,0.5k-1k,0x06da0fd433c1a5d7a4faa01111c044910a184553,142,96553.91392975354,29.519824793888844,1972674.0,,3270.815955172675
2026-01-12 00:00:00,sushiv2_ethusdt,1k-10k,0x06da0fd433c1a5d7a4faa01111c044910a184553,49,90726.0222450432,27.70575498490002,1972674.0,,3274.6273218141864
2026-01-12 00:00:00,sushiv2_usdceth,0.5k-1k,0x397ff1542f962076d0bfe58ea045ffa2d347aca0,133,90201.04203091474,27.595294529425278,1958019.0,,3268.7109729788176
2026-01-12 00:00:00,sushiv2_usdceth,1k-10k,0x397ff1542f962076d0bfe58ea045ffa2d347aca0,41,63139.7420942812,19.319501935572955,1958019.0,,3268.1868458535228
2026-01-12 00:00:00,uniswap_v3_0.01_ethusdc,0.5k-1k,0xe0554a476a092703abdb3ef35c80e0d76d32939f,14190,10072695.568963591,3088.023066047455,4304754.714285715,0.01%,3261.858915405135
2026-01-12 00:00:00,uniswap_v3_0.01_ethusdc,100k+,0xe0554a476a092703abdb3ef35c80e0d76d32939f,101,25099369.76031788,7871.531884247673,4304754.714285715,0.01%,3188.625813807114
2026-01-12 00:00:00,uniswap_v3_0.01_ethusdc,10k-100k,0xe0554a476a092703abdb3ef35c80e0d76d32939f,574,16497008.970038742,5061.410856483568,4304754.714285715,0.01%,3259.369657554355
2026-01-12 00:00:00,uniswap_v3_0.01_ethusdc,1k-10k,0xe0554a476a092703abdb3ef35c80e0d76d32939f,16513,35312586.07356423,10878.784256882345,4304754.714285715,0.01%,3246.004814483209
2026-01-12 00:00:00,uniswap_v3_0.01_ethusdt,0.5k-1k,0xc7bbec68d12a0d1830360f8ec58fa599ba1b0e9b,14252,10356790.55029654,3181.01107624837,10531673.0,0.01%,3255.817192095779
2026-01-12 00:00:00,uniswap_v3_0.01_ethusdt,100k+,0xc7bbec68d12a0d1830360f8ec58fa599ba1b0e9b,348,106856904.30108252,32878.20281224888,10531673.0,0.01%,3250.0834948701226
2026-01-12 00:00:00,uniswap_v3_0.01_ethusdt,10k-100k,0xc7bbec68d12a0d1830360f8ec58fa599ba1b0e9b,6819,138218301.9694823,42837.53273948211,10531673.0,0.01%,3226.5700924014823
2026-01-12 00:00:00,uniswap_v3_0.01_ethusdt,1k-10k,0xc7bbec68d12a0d1830360f8ec58fa599ba1b0e9b,43867,149488850.83276942,45891.02368242113,10531673.0,0.01%,3257.4747485973417
2026-01-12 00:00:00,uniswap_v3_0.05_ethusdc,0.5k-1k,0x88e6a0c2ddd26feeb64f039a2c41296fcb3f5640,1455,1073314.3857709493,328.80825048830087,76720813.28571428,0.05%,3264.2562471501556
2026-01-12 00:00:00,uniswap_v3_0.05_ethusdc,100k+,0x88e6a0c2ddd26feeb64f039a2c41296fcb3f5640,257,46767467.410378546,14220.02929984633,76720813.28571428,0.05%,3288.8446587718313
2026-01-12 00:00:00,uniswap_v3_0.05_ethusdc,10k-100k,0x88e6a0c2ddd26feeb64f039a2c41296fcb3f5640,6094,159512026.2362128,48761.47916449092,76720813.28571428,0.05%,3271.2712774384545
2026-01-12 00:00:00,uniswap_v3_0.05_ethusdc,1k-10k,0x88e6a0c2ddd26feeb64f039a2c41296fcb3f5640,8783,39037825.286209956,11960.853469441836,76720813.28571428,0.05%,3263.799308798964
2026-01-12 00:00:00,uniswap_v3_0.05_ethusdt,0.5k-1k,0x11b815efb8f581194ae79006d24e0d814b7697f6,1083,793452.0562635165,242.92635769161836,20118703.14285714,0.05%,3266.2246443869226
2026-01-12 00:00:00,uniswap_v3_0.05_ethusdt,100k+,0x11b815efb8f581194ae79006d24e0d814b7697f6,224,42328399.46466497,12898.689043860184,20118703.14285714,0.05%,3281.604767797191
2026-01-12 00:00:00,uniswap_v3_0.05_ethusdt,10k-100k,0x11b815efb8f581194ae79006d24e0d814b7697f6,5935,156040794.99808243,47849.8155237496,20118703.14285714,0.05%,3261.0532201662036
2026-01-12 00:00:00,uniswap_v3_0.05_ethusdt,1k-10k,0x11b815efb8f581194ae79006d24e0d814b7697f6,8472,39647676.15853821,12139.924722948559,20118703.14285714,0.05%,3265.8914337080446
2026-01-12 00:00:00,uniswap_v3_0.3_ethusdc,0.5k-1k,0x8ad599c3a0ff1de082011efddc58f1908eb6e6d8,63,47128.43174651928,14.462396502133613,43020606.0,0.3%,3258.687572254467
2026-01-12 00:00:00,uniswap_v3_0.3_ethusdc,100k+,0x8ad599c3a0ff1de082011efddc58f1908eb6e6d8,105,19940926.560716677,6107.293885840064,43020606.0,0.3%,3265.1002118876722
2026-01-12 00:00:00,uniswap_v3_0.3_ethusdc,10k-100k,0x8ad599c3a0ff1de082011efddc58f1908eb6e6d8,991,34606266.370131284,10640.135245706704,43020606.0,0.3%,3252.427302002098
2026-01-12 00:00:00,uniswap_v3_0.3_ethusdc,1k-10k,0x8ad599c3a0ff1de082011efddc58f1908eb6e6d8,530,2677580.508205533,820.9082752846263,43020606.0,0.3%,3261.7292197196566
2026-01-12 00:00:00,uniswap_v3_0.3_ethusdt,0.5k-1k,0x4e68ccd3e89f51c3074ca5072bbac773960dfa36,160,120523.44139337423,36.72150381635454,119296379.57142857,0.3%,3282.0943825208237
2026-01-12 00:00:00,uniswap_v3_0.3_ethusdt,100k+,0x4e68ccd3e89f51c3074ca5072bbac773960dfa36,642,202102814.03665808,62039.91564930571,119296379.57142857,0.3%,3257.6255451262823
2026-01-12 00:00:00,uniswap_v3_0.3_ethusdt,10k-100k,0x4e68ccd3e89f51c3074ca5072bbac773960dfa36,1058,47174166.2874116,14455.842716352487,119296379.57142857,0.3%,3263.3286909000512
2026-01-12 00:00:00,uniswap_v3_0.3_ethusdt,1k-10k,0x4e68ccd3e89f51c3074ca5072bbac773960dfa36,498,2157764.4226456126,662.0960056826276,119296379.57142857,0.3%,3258.9902432970216
2026-01-12 00:00:00,uniswap_v3_1.0_ethusdc,0.5k-1k,0x7bea39867e4169dbe237d55c8242a8f2fcdcc387,26,18560.14173376429,5.718415128820633,508706.21428571426,1%,3245.6793212199227
2026-01-12 00:00:00,uniswap_v3_1.0_ethusdc,1k-10k,0x7bea39867e4169dbe237d55c8242a8f2fcdcc387,11,19277.025855772605,5.938697162040577,508706.21428571426,1%,3246.002503543873
2026-01-19 00:00:00,curve_usdcwbtcweth,0.5k-1k,0x7f86bf177dd4f3494b841a37e810a34dd56c829b,2588,1913886.9156473728,477.3028549958632,327171.85714285716,,4009.795658280654
2026-01-19 00:00:00,curve_usdcwbtcweth,100k+,0x7f86bf177dd4f3494b841a37e810a34dd56c829b,1,113166.67055288085,39.05105511916288,327171.85714285716,,2897.9158234664046
2026-01-19 00:00:00,curve_usdcwbtcweth,10k-100k,0x7f86bf177dd4f3494b841a37e810a34dd56c829b,254,4026895.4977862616,1081.7921105516577,327171.85714285716,,3722.4300847717905
2026-01-19 00:00:00,curve_usdcwbtcweth,1k-10k,0x7f86bf177dd4f3494b841a37e810a34dd56c829b,6308,16698483.072780045,4084.041803663103,327171.85714285716,,4088.7150219183995
2026-01-19 00:00:00,curve_usdt,0.5k-1k,0xf5f5b97624542d72a9e06f04804bf81baa15e2b4,297,224561.12850457957,61.63945570162029,19075591.0,,3643.1393812368888
2026-01-19 00:00:00,curve_usdt,10k-100k,0xf5f5b97624542d72a9e06f04804bf81baa15e2b4,273,5141178.2918919,1499.860431405889,19075591.0,,3427.7711340600104
2026-01-19 00:00:00,curve_usdt,1k-10k,0xf5f5b97624542d72a9e06f04804bf81baa15e2b4,1509,4980580.935527289,1387.3775518611246,19075591.0,,3589.9246955855615
2026-01-19 00:00:00,curve_usdtwbtcweth,0.5k-1k,0xd51a44d3fae010294c616388b506acda1bfaae46,1918,1445538.6993737502,384.88298196489336,13260768.857142856,,3755.7875175307267
2026-01-19 00:00:00,curve_usdtwbtcweth,10k-100k,0xd51a44d3fae010294c616388b506acda1bfaae46,178,2662703.4741921877,768.9445810613324,13260768.857142856,,3462.8028336151388
2026-01-19 00:00:00,curve_usdtwbtcweth,1k-10k,0xd51a44d3fae010294c616388b506acda1bfaae46,5081,13092671.485648734,3251.983079428202,13260768.857142856,,4026.057690297339
2026-01-19 00:00:00,sushiv2_ethusdt,0.5k-1k,0x06da0fd433c1a5d7a4faa01111c044910a184553,227,154099.37713202133,51.85440955708609,1872495.142857143,,2971.7699699651307
2026-01-19 00:00:00,sushiv2_ethusdt,1k-10k,0x06da0fd433c1a5d7a4faa01111c044910a184553,58,90774.47508364228,30.189531739724856,1872495.142857143,,3006.819577933261
2026-01-19 00:00:00,sushiv2_usdceth,0.5k-1k,0x397ff1542f962076d0bfe58ea045ffa2d347aca0,220,148605.57966869476,50.05067847259115,1861886.2857142857,,2969.102202082524
2026-01-19 00:00:00,sushiv2_usdceth,1k-10k,0x397ff1542f962076d0bfe58ea045ffa2d347aca0,59,93553.30428353518,31.34409605366,1861886.2857142857,,2984.7185295557792
2026-01-19 00:00:00,uniswap_v3_0.01_ethusdc,0.5k-1k,0xe0554a476a092703abdb3ef35c80e0d76d32939f,16558,11902090.894323029,3969.385831663677,3388739.1428571427,0.01%,2998.4716525615604
2026-01-19 00:00:00,uniswap_v3_0.01_ethusdc,100k+,0xe0554a476a092703abdb3ef35c80e0d76d32939f,167,47293744.06041419,16076.422669167325,3388739.1428571427,0.01%,2941.8077039687437
2026-01-19 00:00:00,uniswap_v3_0.01_ethusdc,10k-100k,0xe0554a476a092703abdb3ef35c80e0d76d32939f,775,22416910.239995122,7524.6824050143305,3388739.1428571427,0.01%,2979.117128592277
2026-01-19 00:00:00,uniswap_v3_0.01_ethusdc,1k-10k,0xe0554a476a092703abdb3ef35c80e0d76d32939f,22155,49332378.10834023,16528.2117538185,3388739.1428571427,0.01%,2984.7377830782575
2026-01-19 00:00:00,uniswap_v3_0.01_ethusdt,0.5k-1k,0xc7bbec68d12a0d1830360f8ec58fa599ba1b0e9b,16301,12008307.560827458,4006.20432176714,11457675.857142856,0.01%,2997.427638820624
2026-01-19 00:00:00,uniswap_v3_0.01_ethusdt,100k+,0xc7bbec68d12a0d1830360f8ec58fa599ba1b0e9b,496,154067035.2754786,51770.827294869654,11457675.857142856,0.01%,2975.9430808003763
2026-01-19 00:00:00,uniswap_v3_0.01_ethusdt,10k-100k,0xc7bbec68d12a0d1830360f8ec58fa599ba1b0e9b,9771,202731114.46018925,67814.16739496303,11457675.857142856,0.01%,2989.509747711616
2026-01-19 00:00:00,uniswap_v3_0.01_ethusdt,1k-10k,0xc7bbec68d12a0d1830360f8ec58fa599ba1b0e9b,48651,172062920.10860068,57449.428213772204,11457675.857142856,0.01%,2995.03276983621
2026-01-19 00:00:00,uniswap_v3_0.05_ethusdc,0.5k-1k,0x88e6a0c2ddd26feeb64f039a2c41296fcb3f5640,1638,1212597.0111180178,403.97725437237125,75169000.85714285,0.05%,3001.6467461811376
2026-01-19 00:00:00,uniswap_v3_0.05_ethusdc,100k+,0x88e6a0c2ddd26feeb64f039a2c41296fcb3f5640,287,50138388.00855438,16498.889762294075,75169000.85714285,0.05%,3038.8946608479505
2026-01-19 00:00:00,uniswap_v3_0.05_ethusdc,10k-100k,0x88e6a0c2ddd26feeb64f039a2c41296fcb3f5640,6711,177282782.08056045,58749.98158725506,75169000.85714285,0.05%,3017.580215191409
2026-01-19 00:00:00,uniswap_v3_0.05_ethusdc,1k-10k,0x88e6a0c2ddd26feeb64f039a2c41296fcb3f5640,10611,45602334.8592567,15251.600019480746,75169000.85714285,0.05%,2990.0033308642505
2026-01-19 00:00:00,uniswap_v3_0.05_ethusdt,0.5k-1k,0x11b815efb8f581194ae79006d24e0d814b7697f6,1670,1264085.3776701435,421.9599934538688,18545238.14285714,0.05%,2995.746983791583
2026-01-19 00:00:00,uniswap_v3_0.05_ethusdt,100k+,0x11b815efb8f581194ae79006d24e0d814b7697f6,105,18956938.610508174,6045.211203987814,18545238.14285714,0.05%,3135.860430815543
2026-01-19 00:00:00,uniswap_v3_0.05_ethusdt,10k-100k,0x11b815efb8f581194ae79006d24e0d814b7697f6,3886,94118227.2196655,30690.457344396847,18545238.14285714,0.05%,3066.6935381087974
2026-01-19 00:00:00,uniswap_v3_0.05_ethusdt,1k-10k,0x11b815efb8f581194ae79006d24e0d814b7697f6,11918,48465039.66135006,16177.457398193857,18545238.14285714,0.05%,2995.8378791194323
2026-01-19 00:00:00,uniswap_v3_0.3_ethusdc,0.5k-1k,0x8ad599c3a0ff1de082011efddc58f1908eb6e6d8,84,63685.76268351258,21.003372060506766,40545767.71428572,0.3%,3032.1684775209364
2026-01-19 00:00:00,uniswap_v3_0.3_ethusdc,100k+,0x8ad599c3a0ff1de082011efddc58f1908eb6e6d8,85,29072245.27143462,9320.247814420642,40545767.71428572,0.3%,3119.2566818290966
2026-01-19 00:00:00,uniswap_v3_0.3_ethusdc,10k-100k,0x8ad599c3a0ff1de082011efddc58f1908eb6e6d8,1030,33844873.21261461,11315.740723587607,40545767.71428572,0.3%,2990.9551693832236
2026-01-19 00:00:00,uniswap_v3_0.3_ethusdc,1k-10k,0x8ad599c3a0ff1de082011efddc58f1908eb6e6d8,753,3824772.1816610117,1282.6685184194819,40545767.71428572,0.3%,2981.8866891454836
2026-01-19 00:00:00,uniswap_v3_0.3_ethusdt,0.5k-1k,0x4e68ccd3e89f51c3074ca5072bbac773960dfa36,183,127551.5098622765,42.27998085372897,111768266.42857143,0.3%,3016.8298870226863
2026-01-19 00:00:00,uniswap_v3_0.3_ethusdt,100k+,0x4e68ccd3e89f51c3074ca5072bbac773960dfa36,757,195232708.39373577,65108.58016567727,111768266.42857143,0.3%,2998.571123758815
2026-01-19 00:00:00,uniswap_v3_0.3_ethusdt,10k-100k,0x4e68ccd3e89f51c3074ca5072bbac773960dfa36,1219,51516981.24311564,17283.426781240596,111768266.42857143,0.3%,2980.715681859577
2026-01-19 00:00:00,uniswap_v3_0.3_ethusdt,1k-10k,0x4e68ccd3e89f51c3074ca5072bbac773960dfa36,553,2510307.8940005624,843.5044476424805,111768266.42857143,0.3%,2976.0458300091345
2026-01-19 00:00:00,uniswap_v3_1.0_ethusdc,0.5k-1k,0x7bea39867e4169dbe237d55c8242a8f2fcdcc387,81,54851.84030193428,18.47268987834514,483436.5,1%,2969.347759485482
2026-01-19 00:00:00,uniswap_v3_1.0_ethusdc,1k-10k,0x7bea39867e4169dbe237d55c8242a8f2fcdcc387,31,48995.77362499746,16.28899167448405,483436.5,1%,3007.9070948109743
2026-01-26 00:00:00,curve_usdcwbtcweth,0.5k-1k,0x7f86bf177dd4f3494b841a37e810a34dd56c829b,2923,2165539.4189321348,587.0999183499098,311320.0,,3688.5363994233767
2026-01-26 00:00:00,curve_usdcwbtcweth,10k-100k,0x7f86bf177dd4f3494b841a37e810a34dd56c829b,604,10316318.79642567,2965.528799996054,311320.0,,3478.7451048998064
2026-01-26 00:00:00,curve_usdcwbtcweth,1k-10k,0x7f86bf177dd4f3494b841a37e810a34dd56c829b,8566,25263456.238770388,7071.901334603772,311320.0,,3572.3711408631893
2026-01-26 00:00:00,curve_usdt,0.5k-1k,0xf5f5b97624542d72a9e06f04804bf81baa15e2b4,420,318114.79125218815,92.0557863326046,18152627.42857143,,3455.6740420728697
2026-01-26 00:00:00,curve_usdt,100k+,0xf5f5b97624542d72a9e06f04804bf81baa15e2b4,1,105980.48608909347,44.47187757175647,18152627.42857143,,2383.0899857576587
2026-01-26 00:00:00,curve_usdt,10k-100k,0xf5f5b97624542d72a9e06f04804bf81baa15e2b4,521,10258146.612044953,3218.653987469842,18152627.42857143,,3187.0920738854566
2026-01-26 00:00:00,curve_usdt,1k-10k,0xf5f5b97624542d72a9e06f04804bf81baa15e2b4,2625,9476652.46106672,2828.317800880135,18152627.42857143,,3350.632117125491
2026-01-26 00:00:00,curve_usdtwbtcweth,0.5k-1k,0xd51a44d3fae010294c616388b506acda1bfaae46,2128,1609706.8402386606,465.57105684472856,12616780.285714285,,3457.489069763007
2026-01-26 00:00:00,curve_usdtwbtcweth,10k-100k,0xd51a44d3fae010294c616388b506acda1bfaae46,463,8015921.020894343,2465.4222908643806,12616780.285714285,,3251.337935329509
2026-01-26 00:00:00,curve_usdtwbtcweth,1k-10k,0xd51a44d3fae010294c616388b506acda1bfaae46,7544,21904887.773433436,6256.882550869379,12616780.285714285,,3500.926794668665
2026-01-26 00:00:00,sushiv2_ethusdt,0.5k-1k,0x06da0fd433c1a5d7a4faa01111c044910a184553,425,294409.25190972374,114.34588255309339,1797116.5714285714,,2574.7254324878977
2026-01-26 00:00:00,sushiv2_ethusdt,10k-100k,0x06da0fd433c1a5d7a4faa01111c044910a184553,2,21222.10047640923,8.542997274742383,1797116.5714285714,,2484.1516149317968
2026-01-26 00:00:00,sushiv2_ethusdt,1k-10k,0x06da0fd433c1a5d7a4faa01111c044910a184553,249,516075.1949921933,209.33628372665555,1797116.5714285714,,2465.2926181973658
2026-01-26 00:00:00,sushiv2_usdceth,0.5k-1k,0x397ff1542f962076d0bfe58ea045ffa2d347aca0,430,296049.357569446,114.79038034991818,1786639.857142857,,2579.0432671012313
2026-01-26 00:00:00,sushiv2_usdceth,10k-100k,0x397ff1542f962076d0bfe58ea045ffa2d347aca0,2,23078.643948571575,9.554970432157063,1786639.857142857,,2415.354826311221
2026-01-26 00:00:00,sushiv2_usdceth,1k-10k,0x397ff1542f962076d0bfe58ea045ffa2d347aca0,226,456651.1163117646,185.24393618963185,1786639.857142857,,2465.133950966668
2026-01-26 00:00:00,uniswap_v3_0.01_ethusdc,0.5k-1k,0xe0554a476a092703abdb3ef35c80e0d76d32939f,17594,12755294.110361107,4656.496555213714,3460436.0,0.01%,2739.2469765878936
2026-01-26 00:00:00,uniswap_v3_0.01_ethusdc,100k+,0xe0554a476a092703abdb3ef35c80e0d76d32939f,188,58076717.73732665,20289.901762780377,3460436.0,0.01%,2862.345930321954
2026-01-26 00:00:00,uniswap_v3_0.01_ethusdc,10k-100k,0xe0554a476a092703abdb3ef35c80e0d76d32939f,1247,33906274.40108448,12776.418440735857,3460436.0,0.01%,2653.81683907432
2026-01-26 00:00:00,uniswap_v3_0.01_ethusdc,1k-10k,0xe0554a476a092703abdb3ef35c80e0d76d32939f,28799,69170625.49040623,25585.068912278814,3460436.0,0.01%,2703.554394462068
2026-01-26 00:00:00,uniswap_v3_0.01_ethusdt,0.5k-1k,0xc7bbec68d12a0d1830360f8ec58fa599ba1b0e9b,16644,12232099.339855434,4452.577771006591,11870972.57142857,0.01%,2747.1949888233244
2026-01-26 00:00:00,uniswap_v3_0.01_ethusdt,100k+,0xc7bbec68d12a0d1830360f8ec58fa599ba1b0e9b,907,253116190.43244857,94238.03529293927,11870972.57142857,0.01%,2685.923890981343
2026-01-26 00:00:00,uniswap_v3_0.01_ethusdt,10k-100k,0xc7bbec68d12a0d1830360f8ec58fa599ba1b0e9b,16204,365584318.59236515,137014.20617080005,11870972.57142857,0.01%,2668.221995437704
2026-01-26 00:00:00,uniswap_v3_0.01_ethusdt,1k-10k,0xc7bbec68d12a0d1830360f8ec58fa599ba1b0e9b,56261,209936604.20982018,77693.21204667122,11870972.57142857,0.01%,2702.1228583484076
2026-01-26 00:00:00,uniswap_v3_0.05_ethusdc,0.5k-1k,0x88e6a0c2ddd26feeb64f039a2c41296fcb3f5640,2366,1737841.8565631104,658.18118678459,72081418.0,0.05%,2640.3699945496505
2026-01-26 00:00:00,uniswap_v3_0.05_ethusdc,100k+,0x88e6a0c2ddd26feeb64f039a2c41296fcb3f5640,592,151381452.5589849,59666.97800477926,72081418.0,0.05%,2537.106078120119
2026-01-26 00:00:00,uniswap_v3_0.05_ethusdc,10k-100k,0x88e6a0c2ddd26feeb64f039a2c41296fcb3f5640,10282,278902262.5759086,104872.4623916249,72081418.0,0.05%,2659.4422998709115
2026-01-26 00:00:00,uniswap_v3_0.05_ethusdc,1k-10k,0x88e6a0c2ddd26feeb64f039a2c41296fcb3f5640,15686,66595521.84663107,25084.896804160664,72081418.0,0.05%,2654.8054937816337
2026-01-26 00:00:00,uniswap_v3_0.05_ethusdt,0.5k-1k,0x11b815efb8f581194ae79006d24e0d814b7697f6,2327,1764830.6016311117,659.4441815901648,15416566.714285715,0.05%,2676.2395527934596
2026-01-26 00:00:00,uniswap_v3_0.05_ethusdt,100k+,0x11b815efb8f581194ae79006d24e0d814b7697f6,50,9150231.904417498,3537.54960722762,15416566.714285715,0.05%,2586.601721633111
2026-01-26 00:00:00,uniswap_v3_0.05_ethusdt,10k-100k,0x11b815efb8f581194ae79006d24e0d814b7697f6,3556,72535426.81171466,27357.338429486095,15416566.714285715,0.05%,2651.406568613233
2026-01-26 00:00:00,uniswap_v3_0.05_ethusdt,1k-10k,0x11b815efb8f581194ae79006d24e0d814b7697f6,17736,71315093.48546873,26826.89300208819,15416566.714285715,0.05%,2658.343382512377
2026-01-26 00:00:00,uniswap_v3_0.3_ethusdc,0.5k-1k,0x8ad599c3a0ff1de082011efddc58f1908eb6e6d8,111,81845.5909287586,30.65303455309592,37328528.571428575,0.3%,2670.0648768391607
2026-01-26 00:00:00,uniswap_v3_0.3_ethusdc,100k+,0x8ad599c3a0ff1de082011efddc58f1908eb6e6d8,176,36351283.849787444,14651.77148773033,37328528.571428575,0.3%,2481.0162976011943
2026-01-26 00:00:00,uniswap_v3_0.3_ethusdc,10k-100k,0x8ad599c3a0ff1de082011efddc58f1908eb6e6d8,1952,58926246.51499369,22572.753865002123,37328528.571428575,0.3%,2610.503214069762
2026-01-26 00:00:00,uniswap_v3_0.3_ethusdc,1k-10k,0x8ad599c3a0ff1de082011efddc58f1908eb6e6d8,1690,8383516.5760821765,3170.4547843806067,37328528.571428575,0.3%,2644.263093542277
2026-01-26 00:00:00,uniswap_v3_0.3_ethusdt,0.5k-1k,0x4e68ccd3e89f51c3074ca5072bbac773960dfa36,234,163737.67842098133,61.75464464157756,107883818.42857143,0.3%,2651.4228908823097
2026-01-26 00:00:00,uniswap_v3_0.3_ethusdt,100k+,0x4e68ccd3e89f51c3074ca5072bbac773960dfa36,1181,337772865.41905737,130649.89172307214,107883818.42857143,0.3%,2585.3283226212448
2026-01-26 00:00:00,uniswap_v3_0.3_ethusdt,10k-100k,0x4e68ccd3e89f51c3074ca5072bbac773960dfa36,2767,117666114.66083935,44731.78726584091,107883818.42857143,0.3%,2630.480958910716
2026-01-26 00:00:00,uniswap_v3_0.3_ethusdt,1k-10k,0x4e68ccd3e89f51c3074ca5072bbac773960dfa36,1279,5920124.323080273,2261.468202797339,107883818.42857143,0.3%,2617.823374990342
2026-01-26 00:00:00,uniswap_v3_1.0_ethusdc,0.5k-1k,0x7bea39867e4169dbe237d55c8242a8f2fcdcc387,118,80673.04526843726,31.39568398475467,458161.5,1%,2569.558456111707
2026-01-26 00:00:00,uniswap_v3_1.0_ethusdc,1k-10k,0x7bea39867e4169dbe237d55c8242a8f2fcdcc387,81,163371.49332640987,66.51356920575361,458161.5,1%,2456.2129995014275
2026-02-02 00:00:00,curve_usdcwbtcweth,0.5k-1k,0x7f86bf177dd4f3494b841a37e810a34dd56c829b,4450,3326106.8517880905,1094.822864610086,271290.5714285714,,3038.0319586882774
2026-02-02 00:00:00,curve_usdcwbtcweth,100k+,0x7f86bf177dd4f3494b841a37e810a34dd56c829b,2,837052.892870638,0.0,271290.5714285714,,inf
2026-02-02 00:00:00,curve_usdcwbtcweth,10k-100k,0x7f86bf177dd4f3494b841a37e810a34dd56c829b,753,13220033.784415087,4942.788032560263,271290.5714285714,,2674.610704996666
2026-02-02 00:00:00,curve_usdcwbtcweth,1k-10k,0x7f86bf177dd4f3494b841a37e810a34dd56c829b,14166,38436515.6390159,12725.900686129027,271290.5714285714,,3020.3375452168125
2026-02-02 00:00:00,curve_usdt,0.5k-1k,0xf5f5b97624542d72a9e06f04804bf81baa15e2b4,648,497836.903066285,176.12156426733412,15186182.42857143,,2826.666371817029
2026-02-02 00:00:00,curve_usdt,10k-100k,0xf5f5b97624542d72a9e06f04804bf81baa15e2b4,816,16443788.65753893,6252.551746865044,15186182.42857143,,2629.9324377097164
2026-02-02 00:00:00,curve_usdt,1k-10k,0xf5f5b97624542d72a9e06f04804bf81baa15e2b4,4392,15515424.144923117,5333.409189830829,15186182.42857143,,2909.1006507631664
2026-02-02 00:00:00,curve_usdtwbtcweth,0.5k-1k,0xd51a44d3fae010294c616388b506acda1bfaae46,3128,2406036.258604996,829.874453671662,11009058.142857144,,2899.277412336082
2026-02-02 00:00:00,curve_usdtwbtcweth,10k-100k,0xd51a44d3fae010294c616388b506acda1bfaae46,776,13788622.816741187,5655.301892475786,11009058.142857144,,2438.176259889246
2026-02-02 00:00:00,curve_usdtwbtcweth,1k-10k,0xd51a44d3fae010294c616388b506acda1bfaae46,12544,35757569.640395634,12250.797116827622,11009058.142857144,,2918.795348531178
2026-02-02 00:00:00,sushiv2_ethusdt,0.5k-1k,0x06da0fd433c1a5d7a4faa01111c044910a184553,906,623388.2885909246,297.554806594401,1585943.857142857,,2095.036863043081
2026-02-02 00:00:00,sushiv2_ethusdt,10k-100k,0x06da0fd433c1a5d7a4faa01111c044910a184553,4,44571.25830595019,22.906752130363568,1585943.857142857,,1945.7694417913438
2026-02-02 00:00:00,sushiv2_ethusdt,1k-10k,0x06da0fd433c1a5d7a4faa01111c044910a184553,480,941054.7050270073,477.6691610678435,1585943.857142857,,1970.0972592060407
2026-02-02 00:00:00,sushiv2_usdceth,0.5k-1k,0x397ff1542f962076d0bfe58ea045ffa2d347aca0,969,665403.2664445754,317.9767625848128,1577562.5714285714,,2092.6160170811063
2026-02-02 00:00:00,sushiv2_usdceth,10k-100k,0x397ff1542f962076d0bfe58ea045ffa2d347aca0,3,40722.94390922587,22.266261593897482,1577562.5714285714,,1828.9079977568758
2026-02-02 00:00:00,sushiv2_usdceth,1k-10k,0x397ff1542f962076d0bfe58ea045ffa2d347aca0,449,837619.9764321127,421.3525085795659,1577562.5714285714,,1987.9316234661533
2026-02-02 00:00:00,uniswap_v3_0.01_ethusdc,0.5k-1k,0xe0554a476a092703abdb3ef35c80e0d76d32939f,21043,15214667.645444922,7164.787372299208,2891741.714285714,0.01%,2123.5337288959176
2026-02-02 00:00:00,uniswap_v3_0.01_ethusdc,100k+,0xe0554a476a092703abdb3ef35c80e0d76d32939f,167,42655098.33920588,19521.34040432688,2891741.714285714,0.01%,2185.0496664538177
2026-02-02 00:00:00,uniswap_v3_0.01_ethusdc,10k-100k,0xe0554a476a092703abdb3ef35c80e0d76d32939f,1245,36899122.03754267,17342.780735448232,2891741.714285714,0.01%,2127.6358503525184
2026-02-02 00:00:00,uniswap_v3_0.01_ethusdc,1k-10k,0xe0554a476a092703abdb3ef35c80e0d76d32939f,28959,63041956.286633484,29651.97530915363,2891741.714285714,0.01%,2126.0626190786115
2026-02-02 00:00:00,uniswap_v3_0.01_ethusdt,0.5k-1k,0xc7bbec68d12a0d1830360f8ec58fa599ba1b0e9b,20034,14708344.622648839,6921.331507323976,7046687.857142857,0.01%,2125.074432150063
2026-02-02 00:00:00,uniswap_v3_0.01_ethusdt,100k+,0xc7bbec68d12a0d1830360f8ec58fa599ba1b0e9b,753,195097774.4036498,89511.49300147769,7046687.857142857,0.01%,2179.583513375529
2026-02-02 00:00:00,uniswap_v3_0.01_ethusdt,10k-100k,0xc7bbec68d12a0d1830360f8ec58fa599ba1b0e9b,12050,246945415.2005879,113195.14034226521,7046687.857142857,0.01%,2181.5902560295917
2026-02-02 00:00:00,uniswap_v3_0.01_ethusdt,1k-10k,0xc7bbec68d12a0d1830360f8ec58fa599ba1b0e9b,60241,202709779.04028752,93969.61112498053,7046687.857142857,0.01%,2157.18439837621
2026-02-02 00:00:00,uniswap_v3_0.05_ethusdc,0.5k-1k,0x88e6a0c2ddd26feeb64f039a2c41296fcb3f5640,4684,3440517.330551455,1650.7430350486145,67066319.85714286,0.05%,2084.223442112013
2026-02-02 00:00:00,uniswap_v3_0.05_ethusdc,100k+,0x88e6a0c2ddd26feeb64f039a2c41296fcb3f5640,8823,2484375942.664917,1229323.970546332,67066319.85714286,0.05%,2020.9285771600298
2026-02-02 00:00:00,uniswap_v3_0.05_ethusdc,10k-100k,0x88e6a0c2ddd26feeb64f039a2c41296fcb3f5640,20679,804882496.1507638,394014.57555283746,67066319.85714286,0.05%,2042.7734050737643
2026-02-02 00:00:00,uniswap_v3_0.05_ethusdc,1k-10k,0x88e6a0c2ddd26feeb64f039a2c41296fcb3f5640,21895,90263824.38591771,42969.85886278209,67066319.85714286,0.05%,2100.63115809065
2026-02-02 00:00:00,uniswap_v3_0.05_ethusdt,0.5k-1k,0x11b815efb8f581194ae79006d24e0d814b7697f6,5466,4119363.3336192938,1958.5365241842073,7221651.571428572,0.05%,2103.2864502412785
2026-02-02 00:00:00,uniswap_v3_0.05_ethusdt,100k+,0x11b815efb8f581194ae79006d24e0d814b7697f6,10,3729817.323792887,1741.9179771873316,7221651.571428572,0.05%,2141.2129460971573
2026-02-02 00:00:00,uniswap_v3_0.05_ethusdt,10k-100k,0x11b815efb8f581194ae79006d24e0d814b7697f6,2535,45869640.32394573,22226.84021389515,7221651.571428572,0.05%,2063.7049568237885
2026-02-02 00:00:00,uniswap_v3_0.05_ethusdt,1k-10k,0x11b815efb8f581194ae79006d24e0d814b7697f6,30184,103250173.94080216,49149.91144613524,7221651.571428572,0.05%,2100.7194296566927
2026-02-02 00:00:00,uniswap_v3_0.3_ethusdc,0.5k-1k,0x8ad599c3a0ff1de082011efddc58f1908eb6e6d8,277,207916.17182691407,99.85317954641846,28826637.85714286,0.3%,2082.218841416669
2026-02-02 00:00:00,uniswap_v3_0.3_ethusdc,100k+,0x8ad599c3a0ff1de082011efddc58f1908eb6e6d8,101,17622876.225174036,8967.56258608204,28826637.85714286,0.3%,1965.180176442296
2026-02-02 00:00:00,uniswap_v3_0.3_ethusdc,10k-100k,0x8ad599c3a0ff1de082011efddc58f1908eb6e6d8,2625,65580838.754199825,31703.714094007948,28826637.85714286,0.3%,2068.5538154848145
2026-02-02 00:00:00,uniswap_v3_0.3_ethusdc,1k-10k,0x8ad599c3a0ff1de082011efddc58f1908eb6e6d8,3622,16953877.791988675,8108.584402772865,28826637.85714286,0.3%,2090.855437872857
2026-02-02 00:00:00,uniswap_v3_0.3_ethusdt,0.5k-1k,0x4e68ccd3e89f51c3074ca5072bbac773960dfa36,350,253932.99648024864,122.94651143151741,73640280.71428572,0.3%,2065.3940768518037
2026-02-02 00:00:00,uniswap_v3_0.3_ethusdt,100k+,0x4e68ccd3e89f51c3074ca5072bbac773960dfa36,1310,374829702.97535974,186568.61844959419,73640280.71428572,0.3%,2009.0715474565657
2026-02-02 00:00:00,uniswap_v3_0.3_ethusdt,10k-100k,0x4e68ccd3e89f51c3074ca5072bbac773960dfa36,4867,194531271.6745779,93440.64805945418,73640280.71428572,0.3%,2081.8698897593476
2026-02-02 00:00:00,uniswap_v3_0.3_ethusdt,1k-10k,0x4e68ccd3e89f51c3074ca5072bbac773960dfa36,2039,10190694.102933703,4918.7503332038095,73640280.71428572,0.3%,2071.8055222567136
2026-02-02 00:00:00,uniswap_v3_1.0_ethusdc,0.5k-1k,0x7bea39867e4169dbe237d55c8242a8f2fcdcc387,325,226247.1411592515,108.1055637455392,396480.78571428574,1%,2092.8353113424955
2026-02-02 00:00:00,uniswap_v3_1.0_ethusdc,10k-100k,0x7bea39867e4169dbe237d55c8242a8f2fcdcc387,1,12269.891186785595,7.077592097733758,396480.78571428574,1%,1733.625082846242
2026-02-02 00:00:00,uniswap_v3_1.0_ethusdc,1k-10k,0x7bea39867e4169dbe237d55c8242a8f2fcdcc387,169,305715.2032772879,154.1596287924385,396480.78571428574,1%,1983.1080657887726
2026-02-09 00:00:00,curve_usdcwbtcweth,0.5k-1k,0x7f86bf177dd4f3494b841a37e810a34dd56c829b,4207,3006478.3640772603,1069.0245991984682,263085.5714285714,,2812.356578446795
2026-02-09 00:00:00,curve_usdcwbtcweth,10k-100k,0x7f86bf177dd4f3494b841a37e810a34dd56c829b,82,1224658.9993967179,497.94111043200513,263085.5714285714,,2459.4454519616284
2026-02-09 00:00:00,curve_usdcwbtcweth,1k-10k,0x7f86bf177dd4f3494b841a37e810a34dd56c829b,5176,11256653.957992462,3982.340093604593,263085.5714285714,,2826.6430524278917
2026-02-09 00:00:00,curve_usdt,0.5k-1k,0xf5f5b97624542d72a9e06f04804bf81baa15e2b4,591,437533.3043526685,153.774318937996,14473838.142857144,,2845.2950230856704
2026-02-09 00:00:00,curve_usdt,10k-100k,0xf5f5b97624542d72a9e06f04804bf81baa15e2b4,213,3524728.083520606,1317.1557824457889,14473838.142857144,,2676.0145842245324
2026-02-09 00:00:00,curve_usdt,1k-10k,0xf5f5b97624542d72a9e06f04804bf81baa15e2b4,1895,6114366.812062178,2131.2514588999547,14473838.142857144,,2868.9091503158934
2026-02-09 00:00:00,curve_usdtwbtcweth,0.5k-1k,0xd51a44d3fae010294c616388b506acda1bfaae46,3506,2546961.065365424,944.5700304923611,10660652.142857144,,2696.4237517019355
2026-02-09 00:00:00,curve_usdtwbtcweth,10k-100k,0xd51a44d3fae010294c616388b506acda1bfaae46,104,1581376.7946256094,611.9151448217516,10660652.142857144,,2584.307330857546
2026-02-09 00:00:00,curve_usdtwbtcweth,1k-10k,0xd51a44d3fae010294c616388b506acda1bfaae46,5637,12542337.25716378,4537.274130026717,10660652.142857144,,2764.2890638150457
2026-02-09 00:00:00,sushiv2_ethusdt,0.5k-1k,0x06da0fd433c1a5d7a4faa01111c044910a184553,294,193012.31325406386,96.37640462194699,1593674.4285714286,,2002.6926093703935
2026-02-09 00:00:00,sushiv2_ethusdt,1k-10k,0x06da0fd433c1a5d7a4faa01111c044910a184553,77,108890.38575739144,54.25095649920999,1593674.4285714286,,2007.1606619318707
2026-02-09 00:00:00,sushiv2_usdceth,0.5k-1k,0x397ff1542f962076d0bfe58ea045ffa2d347aca0,298,198134.9552918223,98.9907899397909,1584426.0,,2001.5493907295192
2026-02-09 00:00:00,sushiv2_usdceth,1k-10k,0x397ff1542f962076d0bfe58ea045ffa2d347aca0,71,103002.62502078591,51.51989979223699,1584426.0,,1999.2784426243454
2026-02-09 00:00:00,uniswap_v3_0.01_ethusdc,0.5k-1k,0xe0554a476a092703abdb3ef35c80e0d76d32939f,20386,14377814.923340525,7146.799256999639,2710284.714285714,0.01%,2011.7837938793043
2026-02-09 00:00:00,uniswap_v3_0.01_ethusdc,100k+,0xe0554a476a092703abdb3ef35c80e0d76d32939f,148,35655595.333963394,17751.405895425316,2710284.714285714,0.01%,2008.6068418475033
2026-02-09 00:00:00,uniswap_v3_0.01_ethusdc,10k-100k,0xe0554a476a092703abdb3ef35c80e0d76d32939f,796,23128875.521264017,11512.216018961946,2710284.714285714,0.01%,2009.0724047540537
2026-02-09 00:00:00,uniswap_v3_0.01_ethusdc,1k-10k,0xe0554a476a092703abdb3ef35c80e0d76d32939f,13702,24901330.601108782,12353.565538058478,2710284.714285714,0.01%,2015.7201193771582
2026-02-09 00:00:00,uniswap_v3_0.01_ethusdt,0.5k-1k,0xc7bbec68d12a0d1830360f8ec58fa599ba1b0e9b,23794,17171388.20613366,8531.28757426362,4970340.714285715,0.01%,2012.7545879398879
2026-02-09 00:00:00,uniswap_v3_0.01_ethusdt,100k+,0xc7bbec68d12a0d1830360f8ec58fa599ba1b0e9b,337,93197960.36927329,46092.73823513924,4970340.714285715,0.01%,2021.9662345471795
2026-02-09 00:00:00,uniswap_v3_0.01_ethusdt,10k-100k,0xc7bbec68d12a0d1830360f8ec58fa599ba1b0e9b,2848,67967438.3061646,34400.83864390115,4970340.714285715,0.01%,1975.7494580212626
2026-02-09 00:00:00,uniswap_v3_0.01_ethusdt,1k-10k,0xc7bbec68d12a0d1830360f8ec58fa599ba1b0e9b,36768,91406485.48805594,45703.83213055956,4970340.714285715,0.01%,1999.974208441432
2026-02-09 00:00:00,uniswap_v3_0.05_ethusdc,0.5k-1k,0x88e6a0c2ddd26feeb64f039a2c41296fcb3f5640,3892,2892828.867271422,1437.6678525933169,78193109.71428572,0.05%,2012.1677354426708
2026-02-09 00:00:00,uniswap_v3_0.05_ethusdc,100k+,0x88e6a0c2ddd26feeb64f039a2c41296fcb3f5640,5343,1236551158.8350098,619266.1727384531,78193109.71428572,0.05%,1996.800751067775
2026-02-09 00:00:00,uniswap_v3_0.05_ethusdc,10k-100k,0x88e6a0c2ddd26feeb64f039a2c41296fcb3f5640,13862,585742936.862231,291247.82920516084,78193109.71428572,0.05%,2011.1495370137914
2026-02-09 00:00:00,uniswap_v3_0.05_ethusdc,1k-10k,0x88e6a0c2ddd26feeb64f039a2c41296fcb3f5640,13339,51205941.495878674,25422.840755683806,78193109.71428572,0.05%,2014.1707210446384
2026-02-09 00:00:00,uniswap_v3_0.05_ethusdt,0.5k-1k,0x11b815efb8f581194ae79006d24e0d814b7697f6,5525,4020540.515832794,1998.58406462778,6540127.571428572,0.05%,2011.694472597322
2026-02-09 00:00:00,uniswap_v3_0.05_ethusdt,10k-100k,0x11b815efb8f581194ae79006d24e0d814b7697f6,696,9351501.390073992,4645.817113454977,6540127.571428572,0.05%,2012.8862505135328
2026-02-09 00:00:00,uniswap_v3_0.05_ethusdt,1k-10k,0x11b815efb8f581194ae79006d24e0d814b7697f6,14369,41664449.63776017,20784.036145145605,6540127.571428572,0.05%,2004.637085251195
2026-02-09 00:00:00,uniswap_v3_0.3_ethusdc,0.5k-1k,0x8ad599c3a0ff1de082011efddc58f1908eb6e6d8,275,211435.0781402096,105.66523242890494,19840033.42857143,0.3%,2000.9900445018195
2026-02-09 00:00:00,uniswap_v3_0.3_ethusdc,100k+,0x8ad599c3a0ff1de082011efddc58f1908eb6e6d8,5,705901.0759968349,350.39951416656965,19840033.42857143,0.3%,2014.5606584981458
2026-02-09 00:00:00,uniswap_v3_0.3_ethusdc,10k-100k,0x8ad599c3a0ff1de082011efddc58f1908eb6e6d8,698,13727291.1259257,6832.725232757152,19840033.42857143,0.3%,2009.0506581641716
2026-02-09 00:00:00,uniswap_v3_0.3_ethusdc,1k-10k,0x8ad599c3a0ff1de082011efddc58f1908eb6e6d8,1939,8214374.569579061,4096.468127548901,19840033.42857143,0.3%,2005.2333653805545
2026-02-09 00:00:00,uniswap_v3_0.3_ethusdt,0.5k-1k,0x4e68ccd3e89f51c3074ca5072bbac773960dfa36,158,118701.10935884046,59.199771622588635,63234972.85714286,0.3%,2005.0940418416772
2026-02-09 00:00:00,uniswap_v3_0.3_ethusdt,100k+,0x4e68ccd3e89f51c3074ca5072bbac773960dfa36,503,99505899.35765728,49530.650740063196,63234972.85714286,0.3%,2008.9762171683174
2026-02-09 00:00:00,uniswap_v3_0.3_ethusdt,10k-100k,0x4e68ccd3e89f51c3074ca5072bbac773960dfa36,1961,78592314.08160023,39189.36660656488,63234972.85714286,0.3%,2005.4499699016492
2026-02-09 00:00:00,uniswap_v3_0.3_ethusdt,1k-10k,0x4e68ccd3e89f51c3074ca5072bbac773960dfa36,1055,5286843.707713794,2632.6378750907566,63234972.85714286,0.3%,2008.1925272504625
2026-02-09 00:00:00,uniswap_v3_1.0_ethusdc,0.5k-1k,0x7bea39867e4169dbe237d55c8242a8f2fcdcc387,120,80594.74284213214,40.25244851095132,388278.14285714284,1%,2002.2320585095601
2026-02-09 00:00:00,uniswap_v3_1.0_ethusdc,1k-10k,0x7bea39867e4169dbe237d55c8242a8f2fcdcc387,36,50443.37580971852,25.150633532455576,388278.14285714284,1%,2005.650304777571
2026-02-16 00:00:00,curve_usdcwbtcweth,0.5k-1k,0x7f86bf177dd4f3494b841a37e810a34dd56c829b,4677,3385459.055008824,1164.9359804929659,259792.85714285713,,2906.1331366691925
2026-02-16 00:00:00,curve_usdcwbtcweth,10k-100k,0x7f86bf177dd4f3494b841a37e810a34dd56c829b,148,2760741.269751554,724.0572248888684,259792.85714285713,,3812.8771799429046
2026-02-16 00:00:00,curve_usdcwbtcweth,1k-10k,0x7f86bf177dd4f3494b841a37e810a34dd56c829b,6689,15727633.873190224,5178.235128059774,259792.85714285713,,3037.2575760350205
2026-02-16 00:00:00,curve_usdt,0.5k-1k,0xf5f5b97624542d72a9e06f04804bf81baa15e2b4,741,546866.7914743006,207.29080444934579,14291108.42857143,,2638.162329134743
2026-02-16 00:00:00,curve_usdt,10k-100k,0xf5f5b97624542d72a9e06f04804bf81baa15e2b4,309,5119263.817775107,1887.3109926191971,14291108.42857143,,2712.4643674493877
2026-02-16 00:00:00,curve_usdt,1k-10k,0xf5f5b97624542d72a9e06f04804bf81baa15e2b4,2268,7242010.725250556,2569.970586495055,14291108.42857143,,2817.9352570440365
2026-02-16 00:00:00,curve_usdtwbtcweth,0.5k-1k,0xd51a44d3fae010294c616388b506acda1bfaae46,3644,2677427.6766603556,973.1465588654515,10506767.57142857,,2751.3098127602175
2026-02-16 00:00:00,curve_usdtwbtcweth,10k-100k,0xd51a44d3fae010294c616388b506acda1bfaae46,139,2160271.12886745,762.7797583839491,10506767.57142857,,2832.1033760049863
2026-02-16 00:00:00,curve_usdtwbtcweth,1k-10k,0xd51a44d3fae010294c616388b506acda1bfaae46,6312,15169215.087925645,5396.55829083347,10506767.57142857,,2810.905445734162
2026-02-16 00:00:00,sushiv2_ethusdt,0.5k-1k,0x06da0fd433c1a5d7a4faa01111c044910a184553,161,106349.62957152117,54.17190072357884,1605655.0,,1963.1880763089318
2026-02-16 00:00:00,sushiv2_ethusdt,1k-10k,0x06da0fd433c1a5d7a4faa01111c044910a184553,37,49845.12928589994,25.438269022033353,1605655.0,,1959.4544441182923
2026-02-16 00:00:00,sushiv2_usdceth,0.5k-1k,0x397ff1542f962076d0bfe58ea045ffa2d347aca0,162,108422.47061144798,55.16882357669466,1596490.7142857143,,1965.2851661903048
2026-02-16 00:00:00,sushiv2_usdceth,1k-10k,0x397ff1542f962076d0bfe58ea045ffa2d347aca0,35,47454.55352779873,24.247959314667092,1596490.7142857143,,1957.0534951819407
2026-02-16 00:00:00,uniswap_v3_0.01_ethusdc,0.5k-1k,0xe0554a476a092703abdb3ef35c80e0d76d32939f,20588,14678826.900510369,7463.625389224986,2639849.0,0.01%,1966.7153876320956
2026-02-16 00:00:00,uniswap_v3_0.01_ethusdc,100k+,0xe0554a476a092703abdb3ef35c80e0d76d32939f,127,29300484.933181927,15102.005840037426,2639849.0,0.01%,1940.1717390084996
2026-02-16 00:00:00,uniswap_v3_0.01_ethusdc,10k-100k,0xe0554a476a092703abdb3ef35c80e0d76d32939f,564,16953651.728385836,8636.074397924504,2639849.0,0.01%,1963.1201570542612
2026-02-16 00:00:00,uniswap_v3_0.01_ethusdc,1k-10k,0xe0554a476a092703abdb3ef35c80e0d76d32939f,13424,23874674.124654897,12158.374767633817,2639849.0,0.01%,1963.6402546342326
2026-02-16 00:00:00,uniswap_v3_0.01_ethusdt,0.5k-1k,0xc7bbec68d12a0d1830360f8ec58fa599ba1b0e9b,21662,16357925.279573554,8304.311756397461,5858770.857142857,0.01%,1969.8110763931477
2026-02-16 00:00:00,uniswap_v3_0.01_ethusdt,100k+,0xc7bbec68d12a0d1830360f8ec58fa599ba1b0e9b,391,136647401.55052745,69525.27166912689,5858770.857142857,0.01%,1965.4349888891775
2026-02-16 00:00:00,uniswap_v3_0.01_ethusdt,10k-100k,0xc7bbec68d12a0d1830360f8ec58fa599ba1b0e9b,8481,152713370.8837,77910.89666538915,5858770.857142857,0.01%,1960.1028536428182
2026-02-16 00:00:00,uniswap_v3_0.01_ethusdt,1k-10k,0xc7bbec68d12a0d1830360f8ec58fa599ba1b0e9b,76292,271309052.4767052,138129.7437463919,5858770.857142857,0.01%,1964.1609773404946
2026-02-16 00:00:00,uniswap_v3_0.05_ethusdc,0.5k-1k,0x88e6a0c2ddd26feeb64f039a2c41296fcb3f5640,2022,1510892.1166118958,765.7325816156472,85387261.85714285,0.05%,1973.1328571967113
2026-02-16 00:00:00,uniswap_v3_0.05_ethusdc,100k+,0x88e6a0c2ddd26feeb64f039a2c41296fcb3f5640,3663,812635520.5671092,413716.57486493984,85387261.85714285,0.05%,1964.2324478597425
2026-02-16 00:00:00,uniswap_v3_0.05_ethusdc,10k-100k,0x88e6a0c2ddd26feeb64f039a2c41296fcb3f5640,10074,419047779.54726356,213082.05458473263,85387261.85714285,0.05%,1966.602867444326
2026-02-16 00:00:00,uniswap_v3_0.05_ethusdc,1k-10k,0x88e6a0c2ddd26feeb64f039a2c41296fcb3f5640,8079,34401673.947838426,17479.47630146751,85387261.85714285,0.05%,1968.1181148974233
2026-02-16 00:00:00,uniswap_v3_0.05_ethusdt,0.5k-1k,0x11b815efb8f581194ae79006d24e0d814b7697f6,3811,2771669.9187626857,1408.2568845541923,6294028.428571428,0.05%,1968.1564842057244
2026-02-16 00:00:00,uniswap_v3_0.05_ethusdt,10k-100k,0x11b815efb8f581194ae79006d24e0d814b7697f6,514,7040125.396943971,3578.34808152369,6294028.428571428,0.05%,1967.4233016331457
2026-02-16 00:00:00,uniswap_v3_0.05_ethusdt,1k-10k,0x11b815efb8f581194ae79006d24e0d814b7697f6,8866,24952217.88967549,12687.77612669051,6294028.428571428,0.05%,1966.6344708892689
2026-02-16 00:00:00,uniswap_v3_0.3_ethusdc,0.5k-1k,0x8ad599c3a0ff1de082011efddc58f1908eb6e6d8,177,135982.3385210449,68.97422797962786,20216928.14285714,0.3%,1971.494897502999
2026-02-16 00:00:00,uniswap_v3_0.3_ethusdc,100k+,0x8ad599c3a0ff1de082011efddc58f1908eb6e6d8,4,560306.1601079396,287.5864463354318,20216928.14285714,0.3%,1948.3051696199068
2026-02-16 00:00:00,uniswap_v3_0.3_ethusdc,10k-100k,0x8ad599c3a0ff1de082011efddc58f1908eb6e6d8,599,12594890.15760419,6416.9348476465775,20216928.14285714,0.3%,1962.7579921936388
2026-02-16 00:00:00,uniswap_v3_0.3_ethusdc,1k-10k,0x8ad599c3a0ff1de082011efddc58f1908eb6e6d8,1244,5244365.206031984,2667.6509241049134,20216928.14285714,0.3%,1965.9113411893068
2026-02-16 00:00:00,uniswap_v3_0.3_ethusdt,0.5k-1k,0x4e68ccd3e89f51c3074ca5072bbac773960dfa36,158,120425.84767256721,61.01741499452493,60060167.14285714,0.3%,1973.6307689103674
2026-02-16 00:00:00,uniswap_v3_0.3_ethusdt,100k+,0x4e68ccd3e89f51c3074ca5072bbac773960dfa36,196,34735414.94390916,17680.767095527193,60060167.14285714,0.3%,1964.5875518996222
2026-02-16 00:00:00,uniswap_v3_0.3_ethusdt,10k-100k,0x4e68ccd3e89f51c3074ca5072bbac773960dfa36,1330,50856701.75627043,25879.43263587981,60060167.14285714,0.3%,1965.1397490747765
2026-02-16 00:00:00,uniswap_v3_0.3_ethusdt,1k-10k,0x4e68ccd3e89f51c3074ca5072bbac773960dfa36,774,3577813.230319971,1817.7395968644869,60060167.14285714,0.3%,1968.2760041600714
2026-02-16 00:00:00,uniswap_v3_1.0_ethusdc,0.5k-1k,0x7bea39867e4169dbe237d55c8242a8f2fcdcc387,60,40990.826360022686,20.804585735264787,381647.0714285714,1%,1970.278422345187
2026-02-16 00:00:00,uniswap_v3_1.0_ethusdc,1k-10k,0x7bea39867e4169dbe237d55c8242a8f2fcdcc387,9,11867.62962544609,6.0766764279977,381647.0714285714,1%,1952.9803447764853
2026-02-23 00:00:00,curve_usdcwbtcweth,0.5k-1k,0x7f86bf177dd4f3494b841a37e810a34dd56c829b,5486,3946224.7119897134,1375.4712814922693,257399.0,,2868.998259060993
2026-02-23 00:00:00,curve_usdcwbtcweth,100k+,0x7f86bf177dd4f3494b841a37e810a34dd56c829b,2,271278.64082352264,133.21533219154816,257399.0,,2036.3920305618838
2026-02-23 00:00:00,curve_usdcwbtcweth,10k-100k,0x7f86bf177dd4f3494b841a37e810a34dd56c829b,261,4003415.563418544,1345.1377537520011,257399.0,,2976.2123263969
2026-02-23 00:00:00,curve_usdcwbtcweth,1k-10k,0x7f86bf177dd4f3494b841a37e810a34dd56c829b,8346,20044448.729740556,6786.6861243953135,257399.0,,2953.495765435372
2026-02-23 00:00:00,curve_usdt,0.5k-1k,0xf5f5b97624542d72a9e06f04804bf81baa15e2b4,614,453553.3727282168,167.9837624591438,14153211.857142856,,2699.9834155907056
2026-02-23 00:00:00,curve_usdt,10k-100k,0xf5f5b97624542d72a9e06f04804bf81baa15e2b4,213,3646745.3037233236,1425.4079273849327,14153211.857142856,,2558.38713512256
2026-02-23 00:00:00,curve_usdt,1k-10k,0xf5f5b97624542d72a9e06f04804bf81baa15e2b4,1767,5537372.750464134,1954.8290044224354,14153211.857142856,,2832.663490226952
2026-02-23 00:00:00,curve_usdtwbtcweth,0.5k-1k,0xd51a44d3fae010294c616388b506acda1bfaae46,3194,2325945.874710901,872.2793444407864,10398622.714285715,,2666.5149066461645
2026-02-23 00:00:00,curve_usdtwbtcweth,10k-100k,0xd51a44d3fae010294c616388b506acda1bfaae46,89,1363958.6488864014,605.2987044135614,10398622.714285715,,2253.3645602428
2026-02-23 00:00:00,curve_usdtwbtcweth,1k-10k,0xd51a44d3fae010294c616388b506acda1bfaae46,4980,11085989.051088136,3952.613017765954,10398622.714285715,,2804.7241157329436
2026-02-23 00:00:00,sushiv2_ethusdt,0.5k-1k,0x06da0fd433c1a5d7a4faa01111c044910a184553,323,217034.900302121,111.6720353671553,1548933.857142857,,1943.5026825521152
2026-02-23 00:00:00,sushiv2_ethusdt,10k-100k,0x06da0fd433c1a5d7a4faa01111c044910a184553,2,150962.09322524862,81.38242084942291,1548933.857142857,,1854.9717696966138
2026-02-23 00:00:00,sushiv2_ethusdt,1k-10k,0x06da0fd433c1a5d7a4faa01111c044910a184553,110,187010.8138162812,97.66373351765047,1548933.857142857,,1914.8439966457283
2026-02-23 00:00:00,sushiv2_usdceth,0.5k-1k,0x397ff1542f962076d0bfe58ea045ffa2d347aca0,337,224785.1819762797,115.99367733466802,1539559.4285714286,,1937.9089200502158
2026-02-23 00:00:00,sushiv2_usdceth,1k-10k,0x397ff1542f962076d0bfe58ea045ffa2d347aca0,103,167131.98527680335,86.0874734060955,1539559.4285714286,,1941.4204955046273
2026-02-23 00:00:00,uniswap_v3_0.01_ethusdc,0.5k-1k,0xe0554a476a092703abdb3ef35c80e0d76d32939f,23511,16734722.794046853,8631.904587429402,2548866.0,0.01%,1938.7057195253922
2026-02-23 00:00:00,uniswap_v3_0.01_ethusdc,100k+,0xe0554a476a092703abdb3ef35c80e0d76d32939f,164,38721525.11763136,21743.782480122136,2548866.0,0.01%,1780.8090728018476
2026-02-23 00:00:00,uniswap_v3_0.01_ethusdc,10k-100k,0xe0554a476a092703abdb3ef35c80e0d76d32939f,749,22911950.55828659,11868.824574723478,2548866.0,0.01%,1930.4313088493345
2026-02-23 00:00:00,uniswap_v3_0.01_ethusdc,1k-10k,0xe0554a476a092703abdb3ef35c80e0d76d32939f,19764,37383820.70298371,19207.41650044355,2548866.0,0.01%,1946.322177275659
2026-02-23 00:00:00,uniswap_v3_0.01_ethusdt,0.5k-1k,0xc7bbec68d12a0d1830360f8ec58fa599ba1b0e9b,26680,19777846.10945463,10216.079034160732,7012192.285714285,0.01%,1935.9527313092499
2026-02-23 00:00:00,uniswap_v3_0.01_ethusdt,100k+,0xc7bbec68d12a0d1830360f8ec58fa599ba1b0e9b,555,182343721.35448602,93560.88214657937,7012192.285714285,0.01%,1948.9311897338987
2026-02-23 00:00:00,uniswap_v3_0.01_ethusdt,10k-100k,0xc7bbec68d12a0d1830360f8ec58fa599ba1b0e9b,5755,118688867.27400377,60994.10610831158,7012192.285714285,0.01%,1945.9071514752507
2026-02-23 00:00:00,uniswap_v3_0.01_ethusdt,1k-10k,0xc7bbec68d12a0d1830360f8ec58fa599ba1b0e9b,80400,256499447.03319696,132164.57538039106,7012192.285714285,0.01%,1940.7579246931334
2026-02-23 00:00:00,uniswap_v3_0.05_ethusdc,0.5k-1k,0x88e6a0c2ddd26feeb64f039a2c41296fcb3f5640,2683,1957195.6332802684,1007.8697427740055,88138498.0,0.05%,1941.9132753141196
2026-02-23 00:00:00,uniswap_v3_0.05_ethusdc,100k+,0x88e6a0c2ddd26feeb64f039a2c41296fcb3f5640,5351,1323832631.3759265,673018.9788953755,88138498.0,0.05%,1967.0063889561181
2026-02-23 00:00:00,uniswap_v3_0.05_ethusdc,10k-100k,0x88e6a0c2ddd26feeb64f039a2c41296fcb3f5640,15035,580788971.8530092,298250.2812717664,88138498.0,0.05%,1947.3207850013487
2026-02-23 00:00:00,uniswap_v3_0.05_ethusdc,1k-10k,0x88e6a0c2ddd26feeb64f039a2c41296fcb3f5640,13526,58825239.13709858,30322.264602591164,88138498.0,0.05%,1940.0015107074726
2026-02-23 00:00:00,uniswap_v3_0.05_ethusdt,0.5k-1k,0x11b815efb8f581194ae79006d24e0d814b7697f6,5880,4243460.424592764,2187.728241064159,6228712.857142857,0.05%,1939.6652403813425
2026-02-23 00:00:00,uniswap_v3_0.05_ethusdt,100k+,0x11b815efb8f581194ae79006d24e0d814b7697f6,5,2986457.401414071,1865.2790746901933,6228712.857142857,0.05%,1601.0780595445729
2026-02-23 00:00:00,uniswap_v3_0.05_ethusdt,10k-100k,0x11b815efb8f581194ae79006d24e0d814b7697f6,1084,15717004.36914904,7981.804437915382,6228712.857142857,0.05%,1969.1041657810738
2026-02-23 00:00:00,uniswap_v3_0.05_ethusdt,1k-10k,0x11b815efb8f581194ae79006d24e0d814b7697f6,18016,53938241.44776775,27671.894654707015,6228712.857142857,0.05%,1949.206663324472
2026-02-23 00:00:00,uniswap_v3_0.3_ethusdc,0.5k-1k,0x8ad599c3a0ff1de082011efddc58f1908eb6e6d8,231,177519.57504776263,92.02941985402089,19751550.0,0.3%,1928.9437587387613
2026-02-23 00:00:00,uniswap_v3_0.3_ethusdc,100k+,0x8ad599c3a0ff1de082011efddc58f1908eb6e6d8,23,3035291.29338685,1558.082629927145,19751550.0,0.3%,1948.0939168988607
2026-02-23 00:00:00,uniswap_v3_0.3_ethusdc,10k-100k,0x8ad599c3a0ff1de082011efddc58f1908eb6e6d8,1141,26446622.64641556,13595.814039066216,19751550.0,0.3%,1945.2033229068763
2026-02-23 00:00:00,uniswap_v3_0.3_ethusdc,1k-10k,0x8ad599c3a0ff1de082011efddc58f1908eb6e6d8,1813,7742133.408261593,3985.5606435753966,19751550.0,0.3%,1942.5456292433232
2026-02-23 00:00:00,uniswap_v3_0.3_ethusdt,0.5k-1k,0x4e68ccd3e89f51c3074ca5072bbac773960dfa36,158,116141.89431723552,60.1573183400306,54138092.85714286,0.3%,1930.6361640118355
2026-02-23 00:00:00,uniswap_v3_0.3_ethusdt,100k+,0x4e68ccd3e89f51c3074ca5072bbac773960dfa36,360,64875472.32077546,33275.92032749733,54138092.85714286,0.3%,1949.6221797107155
2026-02-23 00:00:00,uniswap_v3_0.3_ethusdt,10k-100k,0x4e68ccd3e89f51c3074ca5072bbac773960dfa36,2127,81924050.81798603,42127.205700070765,54138092.85714286,0.3%,1944.6827639424566
2026-02-23 00:00:00,uniswap_v3_0.3_ethusdt,1k-10k,0x4e68ccd3e89f51c3074ca5072bbac773960dfa36,1102,5285696.531270607,2720.399380531466,54138092.85714286,0.3%,1942.9854929014052
2026-02-23 00:00:00,uniswap_v3_1.0_ethusdc,0.5k-1k,0x7bea39867e4169dbe237d55c8242a8f2fcdcc387,140,93076.29523802079,47.71995486378039,379654.4285714286,1%,1950.469054375951
2026-02-23 00:00:00,uniswap_v3_1.0_ethusdc,1k-10k,0x7bea39867e4169dbe237d55c8242a8f2fcdcc387,55,90135.65919944807,46.30983026944396,379654.4285714286,1%,1946.3612514883512
2026-03-02 00:00:00,curve_usdcwbtcweth,0.5k-1k,0x7f86bf177dd4f3494b841a37e810a34dd56c829b,3809,2755959.038662518,984.0311172585133,265609.8333333333,,2800.682814117253
2026-03-02 00:00:00,curve_usdcwbtcweth,10k-100k,0x7f86bf177dd4f3494b841a37e810a34dd56c829b,88,1263264.567282151,500.47198645250404,265609.8333333333,,2524.1464087461723
2026-03-02 00:00:00,curve_usdcwbtcweth,1k-10k,0x7f86bf177dd4f3494b841a37e810a34dd56c829b,5124,11579747.467808276,4190.0423839810965,265609.8333333333,,2763.6349245722854
2026-03-02 00:00:00,curve_usdt,0.5k-1k,0xf5f5b97624542d72a9e06f04804bf81baa15e2b4,558,418075.7668582044,145.35974787394508,14623133.666666666,,2876.1453770596563
2026-03-02 00:00:00,curve_usdt,10k-100k,0xf5f5b97624542d72a9e06f04804bf81baa15e2b4,293,5141558.047862266,1960.4578110137124,14623133.666666666,,2622.631315490371
2026-03-02 00:00:00,curve_usdt,1k-10k,0xf5f5b97624542d72a9e06f04804bf81baa15e2b4,2021,6382739.387672032,2250.282869073824,14623133.666666666,,2836.4164680767685
2026-03-02 00:00:00,curve_usdtwbtcweth,0.5k-1k,0xd51a44d3fae010294c616388b506acda1bfaae46,3055,2233533.308694166,835.5044685911138,10735369.833333334,,2673.275120192363
2026-03-02 00:00:00,curve_usdtwbtcweth,10k-100k,0xd51a44d3fae010294c616388b506acda1bfaae46,133,2121491.194452285,828.7085463035161,10735369.833333334,,2559.996761123403
2026-03-02 00:00:00,curve_usdtwbtcweth,1k-10k,0xd51a44d3fae010294c616388b506acda1bfaae46,5612,13063084.81214303,4867.193520844618,10735369.833333334,,2683.904955945979
2026-03-02 00:00:00,sushiv2_ethusdt,0.5k-1k,0x06da0fd433c1a5d7a4faa01111c044910a184553,104,72591.22780468433,36.17032031765128,557562.0,,2006.927977612061
2026-03-02 00:00:00,sushiv2_ethusdt,1k-10k,0x06da0fd433c1a5d7a4faa01111c044910a184553,17,31554.200992104194,15.84056383222227,557562.0,,1991.987237721794
2026-03-02 00:00:00,sushiv2_usdceth,0.5k-1k,0x397ff1542f962076d0bfe58ea045ffa2d347aca0,85,57248.18528118218,28.62745431216856,436319.5714285714,,1999.7651435198666
2026-03-02 00:00:00,sushiv2_usdceth,1k-10k,0x397ff1542f962076d0bfe58ea045ffa2d347aca0,12,16644.975883976218,8.315734236022838,436319.5714285714,,2001.6243198191723
2026-03-02 00:00:00,uniswap_v3_0.01_ethusdc,0.5k-1k,0xe0554a476a092703abdb3ef35c80e0d76d32939f,19634,13919150.575342918,6892.025273779842,2764094.714285714,0.01%,2019.602369755841
2026-03-02 00:00:00,uniswap_v3_0.01_ethusdc,100k+,0xe0554a476a092703abdb3ef35c80e0d76d32939f,178,48387406.18982015,24088.994875441338,2764094.714285714,0.01%,2008.6934486067316
2026-03-02 00:00:00,uniswap_v3_0.01_ethusdc,10k-100k,0xe0554a476a092703abdb3ef35c80e0d76d32939f,650,18379810.563218366,9034.260545109628,2764094.714285714,0.01%,2034.456552525222
2026-03-02 00:00:00,uniswap_v3_0.01_ethusdc,1k-10k,0xe0554a476a092703abdb3ef35c80e0d76d32939f,20315,39650530.84502287,19577.13071834339,2764094.714285714,0.01%,2025.3494455074103
2026-03-02 00:00:00,uniswap_v3_0.01_ethusdt,0.5k-1k,0xc7bbec68d12a0d1830360f8ec58fa599ba1b0e9b,20693,15237435.440696003,7571.999051663287,6116863.0,0.01%,2012.3398506433919
2026-03-02 00:00:00,uniswap_v3_0.01_ethusdt,100k+,0xc7bbec68d12a0d1830360f8ec58fa599ba1b0e9b,286,93484597.25631711,46158.566519561435,6116863.0,0.01%,2025.2924712620675
2026-03-02 00:00:00,uniswap_v3_0.01_ethusdt,10k-100k,0xc7bbec68d12a0d1830360f8ec58fa599ba1b0e9b,2843,69946232.66445807,34607.268678914676,6116863.0,0.01%,2021.1428215678436
2026-03-02 00:00:00,uniswap_v3_0.01_ethusdt,1k-10k,0xc7bbec68d12a0d1830360f8ec58fa599ba1b0e9b,54150,163759640.12122864,81102.4483922658,6116863.0,0.01%,2019.1701159153329
2026-03-02 00:00:00,uniswap_v3_0.05_ethusdc,0.5k-1k,0x88e6a0c2ddd26feeb64f039a2c41296fcb3f5640,2250,1661927.7497140316,822.9504689899668,93250948.71428572,0.05%,2019.4748193700748
2026-03-02 00:00:00,uniswap_v3_0.05_ethusdc,100k+,0x88e6a0c2ddd26feeb64f039a2c41296fcb3f5640,6188,1467538990.7390478,727409.1480158116,93250948.71428572,0.05%,2017.4876749105003
2026-03-02 00:00:00,uniswap_v3_0.05_ethusdc,10k-100k,0x88e6a0c2ddd26feeb64f039a2c41296fcb3f5640,13486,551762492.8127811,272767.8243281002,93250948.71428572,0.05%,2022.828367575681
2026-03-02 00:00:00,uniswap_v3_0.05_ethusdc,1k-10k,0x88e6a0c2ddd26feeb64f039a2c41296fcb3f5640,10290,44321767.910592005,21895.442393560723,93250948.71428572,0.05%,2024.24628440605
2026-03-02 00:00:00,uniswap_v3_0.05_ethusdt,0.5k-1k,0x11b815efb8f581194ae79006d24e0d814b7697f6,4382,3194911.7346961075,1584.5701972473876,6450720.571428572,0.05%,2016.2639309044816
2026-03-02 00:00:00,uniswap_v3_0.05_ethusdt,100k+,0x11b815efb8f581194ae79006d24e0d814b7697f6,2,304735.14328740083,147.41889152679207,6450720.571428572,0.05%,2067.1376655414474
2026-03-02 00:00:00,uniswap_v3_0.05_ethusdt,10k-100k,0x11b815efb8f581194ae79006d24e0d814b7697f6,946,15486980.687951546,7626.016500363054,6450720.571428572,0.05%,2030.8087042841114
2026-03-02 00:00:00,uniswap_v3_0.05_ethusdt,1k-10k,0x11b815efb8f581194ae79006d24e0d814b7697f6,17869,56920706.421606906,28149.67582364739,6450720.571428572,0.05%,2022.0732479551382
2026-03-02 00:00:00,uniswap_v3_0.3_ethusdc,0.5k-1k,0x8ad599c3a0ff1de082011efddc58f1908eb6e6d8,139,108873.58976904137,54.36501875068162,20487046.285714287,0.3%,2002.6405264079178
2026-03-02 00:00:00,uniswap_v3_0.3_ethusdc,100k+,0x8ad599c3a0ff1de082011efddc58f1908eb6e6d8,14,2100142.0870043384,1026.155352201565,20487046.285714287,0.3%,2046.6122234792117
2026-03-02 00:00:00,uniswap_v3_0.3_ethusdc,10k-100k,0x8ad599c3a0ff1de082011efddc58f1908eb6e6d8,1186,27919308.6117238,13793.48155408761,20487046.285714287,0.3%,2024.0943885157183
2026-03-02 00:00:00,uniswap_v3_0.3_ethusdc,1k-10k,0x8ad599c3a0ff1de082011efddc58f1908eb6e6d8,1749,7582691.1606667265,3749.804753450131,20487046.285714287,0.3%,2022.1562612533419
2026-03-02 00:00:00,uniswap_v3_0.3_ethusdt,0.5k-1k,0x4e68ccd3e89f51c3074ca5072bbac773960dfa36,119,85296.9065569526,42.36668791247,56211688.14285714,0.3%,2013.301269459082
2026-03-02 00:00:00,uniswap_v3_0.3_ethusdt,100k+,0x4e68ccd3e89f51c3074ca5072bbac773960dfa36,431,75493345.41919592,37260.29614427213,56211688.14285714,0.3%,2026.106961868611
2026-03-02 00:00:00,uniswap_v3_0.3_ethusdt,10k-100k,0x4e68ccd3e89f51c3074ca5072bbac773960dfa36,2122,83057901.17322376,41060.057416221054,56211688.14285714,0.3%,2022.839382109855
2026-03-02 00:00:00,uniswap_v3_0.3_ethusdt,1k-10k,0x4e68ccd3e89f51c3074ca5072bbac773960dfa36,1032,5110848.159144152,2529.0379160416614,56211688.14285714,0.3%,2020.8665622314695
2026-03-02 00:00:00,uniswap_v3_1.0_ethusdc,0.5k-1k,0x7bea39867e4169dbe237d55c8242a8f2fcdcc387,115,78235.48365908509,38.825338265956184,390209.85714285716,1%,2015.0625120936938
2026-03-02 00:00:00,uniswap_v3_1.0_ethusdc,1k-10k,0x7bea39867e4169dbe237d55c8242a8f2fcdcc387,39,53830.82769645193,26.451775983747513,390209.85714285716,1%,2035.0553297263157
2026-03-09 00:00:00,curve_usdcwbtcweth,0.5k-1k,0x7f86bf177dd4f3494b841a37e810a34dd56c829b,3704,2674003.8728395486,869.5816326903999,268954.1666666667,,3075.0464042880526
2026-03-09 00:00:00,curve_usdcwbtcweth,100k+,0x7f86bf177dd4f3494b841a37e810a34dd56c829b,1,170410.35811284394,82.83123583732424,268954.1666666667,,2057.32
2026-03-09 00:00:00,curve_usdcwbtcweth,10k-100k,0x7f86bf177dd4f3494b841a37e810a34dd56c829b,136,2348378.294607782,745.454192759391,268954.1666666667,,3150.2650564147593
2026-03-09 00:00:00,curve_usdcwbtcweth,1k-10k,0x7f86bf177dd4f3494b841a37e810a34dd56c829b,4883,11570050.662790183,3649.3386774309583,268954.1666666667,,3170.451329810585
2026-03-09 00:00:00,curve_usdt,0.5k-1k,0xf5f5b97624542d72a9e06f04804bf81baa15e2b4,594,449422.644300233,159.95626525428347,14806200.5,,2809.659525282008
2026-03-09 00:00:00,curve_usdt,100k+,0xf5f5b97624542d72a9e06f04804bf81baa15e2b4,1,101988.232313471,0.0,14806200.5,,inf
2026-03-09 00:00:00,curve_usdt,10k-100k,0xf5f5b97624542d72a9e06f04804bf81baa15e2b4,315,5595276.33272514,2006.653563519468,14806200.5,,2788.3618948711755
2026-03-09 00:00:00,curve_usdt,1k-10k,0xf5f5b97624542d72a9e06f04804bf81baa15e2b4,2237,7157098.817597825,2429.8374303163814,14806200.5,,2945.505212941724
2026-03-09 00:00:00,curve_usdtwbtcweth,0.5k-1k,0xd51a44d3fae010294c616388b506acda1bfaae46,2961,2135636.9541781377,735.8315596283587,10863661.0,,2902.3448725911794
2026-03-09 00:00:00,curve_usdtwbtcweth,10k-100k,0xd51a44d3fae010294c616388b506acda1bfaae46,105,1689961.8667818184,527.1729376930033,10863661.0,,3205.7067917358836
2026-03-09 00:00:00,curve_usdtwbtcweth,1k-10k,0xd51a44d3fae010294c616388b506acda1bfaae46,4221,9645416.250712773,3151.0618034186855,10863661.0,,3061.005100010466
2026-03-09 00:00:00,sushiv2_ethusdt,0.5k-1k,0x06da0fd433c1a5d7a4faa01111c044910a184553,26,16631.85374147026,8.020010774475761,565166.1428571428,,2073.79443858134
2026-03-09 00:00:00,sushiv2_ethusdt,1k-10k,0x06da0fd433c1a5d7a4faa01111c044910a184553,6,15351.355325970973,7.416422496543927,565166.1428571428,,2069.913807246654
2026-03-09 00:00:00,sushiv2_usdceth,0.5k-1k,0x397ff1542f962076d0bfe58ea045ffa2d347aca0,5,3419.6341350253874,1.6432881187125807,254045.0,,2080.970522506101
2026-03-09 00:00:00,sushiv2_usdceth,100k+,0x397ff1542f962076d0bfe58ea045ffa2d347aca0,1,199575.64675955416,102.97967851536069,254045.0,,1938.01
2026-03-09 00:00:00,sushiv2_usdceth,10k-100k,0x397ff1542f962076d0bfe58ea045ffa2d347aca0,1,75955.48600105882,102.78504627304609,254045.0,,738.9740896675264
2026-03-09 00:00:00,sushiv2_usdceth,1k-10k,0x397ff1542f962076d0bfe58ea045ffa2d347aca0,1,2095.804398671594,1.0187060829971,254045.0,,2057.32
2026-03-09 00:00:00,uniswap_v3_0.01_ethusdc,0.5k-1k,0xe0554a476a092703abdb3ef35c80e0d76d32939f,17571,12320178.77032638,5974.095582745274,2828760.0,0.01%,2062.26676484893
2026-03-09 00:00:00,uniswap_v3_0.01_ethusdc,100k+,0xe0554a476a092703abdb3ef35c80e0d76d32939f,119,29438019.41678012,14005.898364841756,2828760.0,0.01%,2101.830146838476
2026-03-09 00:00:00,uniswap_v3_0.01_ethusdc,10k-100k,0xe0554a476a092703abdb3ef35c80e0d76d32939f,710,19832893.279172555,9596.115540828087,2828760.0,0.01%,2066.7626598273637
2026-03-09 00:00:00,uniswap_v3_0.01_ethusdc,1k-10k,0xe0554a476a092703abdb3ef35c80e0d76d32939f,16230,30614428.205784235,14818.675689968988,2828760.0,0.01%,2065.935502354482
2026-03-09 00:00:00,uniswap_v3_0.01_ethusdt,0.5k-1k,0xc7bbec68d12a0d1830360f8ec58fa599ba1b0e9b,18143,13155668.068436798,6382.714438856512,5990351.428571428,0.01%,2061.140004689554
2026-03-09 00:00:00,uniswap_v3_0.01_ethusdt,100k+,0xc7bbec68d12a0d1830360f8ec58fa599ba1b0e9b,260,98152347.4873546,47969.32663782894,5990351.428571428,0.01%,2046.148119368242
2026-03-09 00:00:00,uniswap_v3_0.01_ethusdt,10k-100k,0xc7bbec68d12a0d1830360f8ec58fa599ba1b0e9b,2156,54462260.63484988,26393.776373005414,5990351.428571428,0.01%,2063.4508630054124
2026-03-09 00:00:00,uniswap_v3_0.01_ethusdt,1k-10k,0xc7bbec68d12a0d1830360f8ec58fa599ba1b0e9b,45169,130852977.51004517,63489.339397669406,5990351.428571428,0.01%,2061.0228229095196
2026-03-09 00:00:00,uniswap_v3_0.05_ethusdc,0.5k-1k,0x88e6a0c2ddd26feeb64f039a2c41296fcb3f5640,1828,1332926.12835094,644.1423406214856,95298318.28571428,0.05%,2069.3036993421324
2026-03-09 00:00:00,uniswap_v3_0.05_ethusdc,100k+,0x88e6a0c2ddd26feeb64f039a2c41296fcb3f5640,4302,1008460047.5110683,489549.42556415964,95298318.28571428,0.05%,2059.975959217832
2026-03-09 00:00:00,uniswap_v3_0.05_ethusdc,10k-100k,0x88e6a0c2ddd26feeb64f039a2c41296fcb3f5640,11190,455532681.44425124,220874.96629377716,95298318.28571428,0.05%,2062.4006834634442
2026-03-09 00:00:00,uniswap_v3_0.05_ethusdc,1k-10k,0x88e6a0c2ddd26feeb64f039a2c41296fcb3f5640,8507,34810798.606055565,16846.652246479574,95298318.28571428,0.05%,2066.3333044896167
2026-03-09 00:00:00,uniswap_v3_0.05_ethusdt,0.5k-1k,0x11b815efb8f581194ae79006d24e0d814b7697f6,3822,2795615.31580813,1353.8860771475643,6751195.285714285,0.05%,2064.882240090742
2026-03-09 00:00:00,uniswap_v3_0.05_ethusdt,100k+,0x11b815efb8f581194ae79006d24e0d814b7697f6,8,1596091.4358266299,754.8778461631437,6751195.285714285,0.05%,2114.370482508085
2026-03-09 00:00:00,uniswap_v3_0.05_ethusdt,10k-100k,0x11b815efb8f581194ae79006d24e0d814b7697f6,809,13850492.996702937,6678.310597061726,6751195.285714285,0.05%,2073.951607281754
2026-03-09 00:00:00,uniswap_v3_0.05_ethusdt,1k-10k,0x11b815efb8f581194ae79006d24e0d814b7697f6,17777,59006009.01833723,28447.86383170214,6751195.285714285,0.05%,2074.180661416878
2026-03-09 00:00:00,uniswap_v3_0.3_ethusdc,0.5k-1k,0x8ad599c3a0ff1de082011efddc58f1908eb6e6d8,148,108887.29317372832,52.5534426555199,21352795.285714287,0.3%,2071.9345426610494
2026-03-09 00:00:00,uniswap_v3_0.3_ethusdc,100k+,0x8ad599c3a0ff1de082011efddc58f1908eb6e6d8,22,9639997.487325307,4539.641016947723,21352795.285714287,0.3%,2123.515372985784
2026-03-09 00:00:00,uniswap_v3_0.3_ethusdc,10k-100k,0x8ad599c3a0ff1de082011efddc58f1908eb6e6d8,946,22704942.058821224,10988.265566857994,21352795.285714287,0.3%,2066.2898908543143
2026-03-09 00:00:00,uniswap_v3_0.3_ethusdc,1k-10k,0x8ad599c3a0ff1de082011efddc58f1908eb6e6d8,1347,5783720.501461322,2808.9751979529124,21352795.285714287,0.3%,2059.014442589705
2026-03-09 00:00:00,uniswap_v3_0.3_ethusdt,0.5k-1k,0x4e68ccd3e89f51c3074ca5072bbac773960dfa36,87,64329.465910233295,31.229649408562604,61080183.28571428,0.3%,2059.884344798162
2026-03-09 00:00:00,uniswap_v3_0.3_ethusdt,100k+,0x4e68ccd3e89f51c3074ca5072bbac773960dfa36,469,172689562.508008,76956.047356364,61080183.28571428,0.3%,2244.0024980535486
2026-03-09 00:00:00,uniswap_v3_0.3_ethusdt,10k-100k,0x4e68ccd3e89f51c3074ca5072bbac773960dfa36,1588,62981054.464933455,30584.234696534684,61080183.28571428,0.3%,2059.265340128634
2026-03-09 00:00:00,uniswap_v3_0.3_ethusdt,1k-10k,0x4e68ccd3e89f51c3074ca5072bbac773960dfa36,662,3318728.4382164883,1613.484775320348,61080183.28571428,0.3%,2056.870005208183
2026-03-09 00:00:00,uniswap_v3_1.0_ethusdc,0.5k-1k,0x7bea39867e4169dbe237d55c8242a8f2fcdcc387,103,69394.91006975443,33.45888399253984,479443.21428571426,1%,2074.0354067167054
2026-03-09 00:00:00,uniswap_v3_1.0_ethusdc,100k+,0x7bea39867e4169dbe237d55c8242a8f2fcdcc387,2,466209.6493096283,274.790665039637,479443.21428571426,1%,1696.5992976594753
2026-03-09 00:00:00,uniswap_v3_1.0_ethusdc,10k-100k,0x7bea39867e4169dbe237d55c8242a8f2fcdcc387,2,27449.013258423445,13.26037423312472,479443.21428571426,1%,2070.002910615839
2026-03-09 00:00:00,uniswap_v3_1.0_ethusdc,1k-10k,0x7bea39867e4169dbe237d55c8242a8f2fcdcc387,26,38920.72567334067,18.70206227834433,479443.21428571426,1%,2081.0927209031984
2026-03-16 00:00:00,curve_usdcwbtcweth,0.5k-1k,0x7f86bf177dd4f3494b841a37e810a34dd56c829b,3603,2610965.638390881,854.0163075672804,274839.4285714286,,3057.2784328069592
2026-03-16 00:00:00,curve_usdcwbtcweth,10k-100k,0x7f86bf177dd4f3494b841a37e810a34dd56c829b,109,1597106.7209993538,558.0665927754459,274839.4285714286,,2861.856885316186
2026-03-16 00:00:00,curve_usdcwbtcweth,1k-10k,0x7f86bf177dd4f3494b841a37e810a34dd56c829b,4821,11189373.850725982,3596.332126466286,274839.4285714286,,3111.329392627741
2026-03-16 00:00:00,curve_usdt,0.5k-1k,0xf5f5b97624542d72a9e06f04804bf81baa15e2b4,326,243165.3088477898,81.75122323287499,15127812.0,,2974.4546837557855
2026-03-16 00:00:00,curve_usdt,10k-100k,0xf5f5b97624542d72a9e06f04804bf81baa15e2b4,22,366341.617588775,143.86279030993163,15127812.0,,2546.465398033396
2026-03-16 00:00:00,curve_usdt,1k-10k,0xf5f5b97624542d72a9e06f04804bf81baa15e2b4,604,1544355.398995666,541.5332645914033,15127812.0,,2851.8200080671136
2026-03-16 00:00:00,curve_usdtwbtcweth,0.5k-1k,0xd51a44d3fae010294c616388b506acda1bfaae46,2475,1835756.6581700123,632.2088335372198,11104038.857142856,,2903.718772638656
2026-03-16 00:00:00,curve_usdtwbtcweth,10k-100k,0xd51a44d3fae010294c616388b506acda1bfaae46,103,1594879.3785012506,560.159518687999,11104038.857142856,,2847.187855053796
2026-03-16 00:00:00,curve_usdtwbtcweth,1k-10k,0xd51a44d3fae010294c616388b506acda1bfaae46,4364,9944775.123142628,3297.1611321657783,11104038.857142856,,3016.1629124295446
2026-03-16 00:00:00,sushiv2_ethusdt,0.5k-1k,0x06da0fd433c1a5d7a4faa01111c044910a184553,33,21378.69133896234,9.81335781416643,581695.8571428572,,2178.5296881868867
2026-03-16 00:00:00,sushiv2_ethusdt,1k-10k,0x06da0fd433c1a5d7a4faa01111c044910a184553,17,30211.142283436075,14.157367001147799,581695.8571428572,,2133.952046378873
2026-03-16 00:00:00,sushiv2_usdceth,0.5k-1k,0x397ff1542f962076d0bfe58ea045ffa2d347aca0,9,5616.758566785372,2.600548242367144,261508.7142857143,,2159.836328078547
2026-03-16 00:00:00,sushiv2_usdceth,1k-10k,0x397ff1542f962076d0bfe58ea045ffa2d347aca0,5,8320.519240128744,3.837366330173503,261508.7142857143,,2168.2890097575178
2026-03-16 00:00:00,uniswap_v3_0.01_ethusdc,0.5k-1k,0xe0554a476a092703abdb3ef35c80e0d76d32939f,19116,13635079.82882481,6187.90063539664,2957780.5714285714,0.01%,2203.506590074844
2026-03-16 00:00:00,uniswap_v3_0.01_ethusdc,100k+,0xe0554a476a092703abdb3ef35c80e0d76d32939f,181,56546717.72577573,25385.680105596948,2957780.5714285714,0.01%,2227.5045415587865
2026-03-16 00:00:00,uniswap_v3_0.01_ethusdc,10k-100k,0xe0554a476a092703abdb3ef35c80e0d76d32939f,976,26644276.820828557,12026.058137908127,2957780.5714285714,0.01%,2215.5453196123663
2026-03-16 00:00:00,uniswap_v3_0.01_ethusdc,1k-10k,0xe0554a476a092703abdb3ef35c80e0d76d32939f,22800,45355445.65786278,20501.144636027366,2957780.5714285714,0.01%,2212.3372359491627
2026-03-16 00:00:00,uniswap_v3_0.01_ethusdt,0.5k-1k,0xc7bbec68d12a0d1830360f8ec58fa599ba1b0e9b,18315,13321847.537520342,6052.512777521508,5781192.0,0.01%,2201.0440997326755
2026-03-16 00:00:00,uniswap_v3_0.01_ethusdt,100k+,0xc7bbec68d12a0d1830360f8ec58fa599ba1b0e9b,242,87800368.1837571,40044.96366725536,5781192.0,0.01%,2192.544583466589
2026-03-16 00:00:00,uniswap_v3_0.01_ethusdt,10k-100k,0xc7bbec68d12a0d1830360f8ec58fa599ba1b0e9b,2343,54471012.03389796,24810.005485370297,5781192.0,0.01%,2195.5259972037434
2026-03-16 00:00:00,uniswap_v3_0.01_ethusdt,1k-10k,0xc7bbec68d12a0d1830360f8ec58fa599ba1b0e9b,43255,114615066.04326296,52033.533757219484,5781192.0,0.01%,2202.7153984589886
2026-03-16 00:00:00,uniswap_v3_0.05_ethusdc,0.5k-1k,0x88e6a0c2ddd26feeb64f039a2c41296fcb3f5640,2177,1608251.1865091524,730.8137704323271,94430526.71428572,0.05%,2200.6306552731758
2026-03-16 00:00:00,uniswap_v3_0.05_ethusdc,100k+,0x88e6a0c2ddd26feeb64f039a2c41296fcb3f5640,2574,548495804.7897284,255828.88075639436,94430526.71428572,0.05%,2143.9948576877746
2026-03-16 00:00:00,uniswap_v3_0.05_ethusdc,10k-100k,0x88e6a0c2ddd26feeb64f039a2c41296fcb3f5640,12704,448233496.9232937,205060.37993067334,94430526.71428572,0.05%,2185.861047730586
2026-03-16 00:00:00,uniswap_v3_0.05_ethusdc,1k-10k,0x88e6a0c2ddd26feeb64f039a2c41296fcb3f5640,11030,46591363.858483225,20960.18228394088,94430526.71428572,0.05%,2222.851081508974
2026-03-16 00:00:00,uniswap_v3_0.05_ethusdt,0.5k-1k,0x11b815efb8f581194ae79006d24e0d814b7697f6,2885,2155548.6734588593,977.956160006604,7984314.428571428,0.05%,2204.1363014107947
2026-03-16 00:00:00,uniswap_v3_0.05_ethusdt,100k+,0x11b815efb8f581194ae79006d24e0d814b7697f6,26,6087019.110046683,2877.951700345494,7984314.428571428,0.05%,2115.0525595394615
2026-03-16 00:00:00,uniswap_v3_0.05_ethusdt,10k-100k,0x11b815efb8f581194ae79006d24e0d814b7697f6,2507,45256161.47597891,20687.38539782956,7984314.428571428,0.05%,2187.6211326699126
2026-03-16 00:00:00,uniswap_v3_0.05_ethusdt,1k-10k,0x11b815efb8f581194ae79006d24e0d814b7697f6,18454,68136905.71504901,30845.19407101321,7984314.428571428,0.05%,2208.9958506398475
2026-03-16 00:00:00,uniswap_v3_0.3_ethusdc,0.5k-1k,0x8ad599c3a0ff1de082011efddc58f1908eb6e6d8,99,76962.93560251345,35.250475995011456,23308139.85714286,0.3%,2183.316208649353
2026-03-16 00:00:00,uniswap_v3_0.3_ethusdc,100k+,0x8ad599c3a0ff1de082011efddc58f1908eb6e6d8,19,3529589.3213798497,1591.0498940252396,23308139.85714286,0.3%,2218.4026626910154
2026-03-16 00:00:00,uniswap_v3_0.3_ethusdc,10k-100k,0x8ad599c3a0ff1de082011efddc58f1908eb6e6d8,1019,26160261.881655015,11868.276424381234,23308139.85714286,0.3%,2204.2174403617255
2026-03-16 00:00:00,uniswap_v3_0.3_ethusdc,1k-10k,0x8ad599c3a0ff1de082011efddc58f1908eb6e6d8,1596,7321847.306929905,3313.0547530759036,23308139.85714286,0.3%,2209.998884000381
2026-03-16 00:00:00,uniswap_v3_0.3_ethusdt,0.5k-1k,0x4e68ccd3e89f51c3074ca5072bbac773960dfa36,122,90490.39110383298,40.325121860850736,66129412.28571428,0.3%,2244.0202763946195
2026-03-16 00:00:00,uniswap_v3_0.3_ethusdt,100k+,0x4e68ccd3e89f51c3074ca5072bbac773960dfa36,398,80830839.92294443,36483.3185478797,66129412.28571428,0.3%,2215.5561264763855
2026-03-16 00:00:00,uniswap_v3_0.3_ethusdt,10k-100k,0x4e68ccd3e89f51c3074ca5072bbac773960dfa36,1898,69587954.1641693,31530.91079260506,66129412.28571428,0.3%,2206.9757078025714
2026-03-16 00:00:00,uniswap_v3_0.3_ethusdt,1k-10k,0x4e68ccd3e89f51c3074ca5072bbac773960dfa36,860,4387804.239610857,1983.0641734353353,66129412.28571428,0.3%,2212.638551181983
2026-03-16 00:00:00,uniswap_v3_1.0_ethusdc,0.5k-1k,0x7bea39867e4169dbe237d55c8242a8f2fcdcc387,79,52050.453603863105,23.649102703837872,422890.5,1%,2200.9483512207908
2026-03-16 00:00:00,uniswap_v3_1.0_ethusdc,100k+,0x7bea39867e4169dbe237d55c8242a8f2fcdcc387,1,120095.74215657734,54.59145513731412,422890.5,1%,2199.9
2026-03-16 00:00:00,uniswap_v3_1.0_ethusdc,10k-100k,0x7bea39867e4169dbe237d55c8242a8f2fcdcc387,9,267516.2394812882,120.73203096392812,422890.5,1%,2215.785134611176
2026-03-16 00:00:00,uniswap_v3_1.0_ethusdc,1k-10k,0x7bea39867e4169dbe237d55c8242a8f2fcdcc387,29,45577.11998596166,21.036243551268242,422890.5,1%,2166.5997484239
2026-03-23 00:00:00,curve_usdcwbtcweth,0.5k-1k,0x7f86bf177dd4f3494b841a37e810a34dd56c829b,3272,2336330.047084063,768.0196086527736,266173.0,,3042.018746347311
2026-03-23 00:00:00,curve_usdcwbtcweth,10k-100k,0x7f86bf177dd4f3494b841a37e810a34dd56c829b,93,1300851.9062547022,445.8668581374734,266173.0,,2917.579278461672
2026-03-23 00:00:00,curve_usdcwbtcweth,1k-10k,0x7f86bf177dd4f3494b841a37e810a34dd56c829b,4011,9260050.175366959,3044.820325674528,266173.0,,3041.2468339377474
2026-03-23 00:00:00,curve_usdt,0.5k-1k,0xf5f5b97624542d72a9e06f04804bf81baa15e2b4,287,211349.9075891368,64.89268971855894,14627873.42857143,,3256.91396836479
2026-03-23 00:00:00,curve_usdt,10k-100k,0xf5f5b97624542d72a9e06f04804bf81baa15e2b4,116,1885355.4926125116,673.5891651178231,14627873.42857143,,2798.9694464321265
2026-03-23 00:00:00,curve_usdt,1k-10k,0xf5f5b97624542d72a9e06f04804bf81baa15e2b4,925,2698649.414962436,902.4915258092676,14627873.42857143,,2990.2213348125865
2026-03-23 00:00:00,curve_usdtwbtcweth,0.5k-1k,0xd51a44d3fae010294c616388b506acda1bfaae46,2350,1731326.7661421753,582.5624940006445,10751575.857142856,,2971.9159471674807
2026-03-23 00:00:00,curve_usdtwbtcweth,100k+,0xd51a44d3fae010294c616388b506acda1bfaae46,2,290414.8737393427,133.4479509493661,10751575.857142856,,2176.240786563552
2026-03-23 00:00:00,curve_usdtwbtcweth,10k-100k,0xd51a44d3fae010294c616388b506acda1bfaae46,104,1505673.3218957405,583.7751921673868,10751575.857142856,,2579.200593135202
2026-03-23 00:00:00,curve_usdtwbtcweth,1k-10k,0xd51a44d3fae010294c616388b506acda1bfaae46,3542,8166119.510327385,2797.9019735969464,10751575.857142856,,2918.6581900970345
2026-03-23 00:00:00,sushiv2_ethusdt,0.5k-1k,0x06da0fd433c1a5d7a4faa01111c044910a184553,28,19828.26764973462,9.644240826607158,565856.0,,2055.96977576826
2026-03-23 00:00:00,sushiv2_ethusdt,1k-10k,0x06da0fd433c1a5d7a4faa01111c044910a184553,6,9159.81117797089,4.4983673491074985,565856.0,,2036.252370493541
2026-03-23 00:00:00,sushiv2_usdceth,0.5k-1k,0x397ff1542f962076d0bfe58ea045ffa2d347aca0,7,3999.245523598129,1.9577028309609907,254856.2857142857,,2042.825632343287
2026-03-23 00:00:00,sushiv2_usdceth,1k-10k,0x397ff1542f962076d0bfe58ea045ffa2d347aca0,1,1471.998506018693,0.7178904660043859,254856.2857142857,,2050.45
2026-03-23 00:00:00,uniswap_v3_0.01_ethusdc,0.5k-1k,0xe0554a476a092703abdb3ef35c80e0d76d32939f,17712,12786878.939316139,6149.88880678849,3117830.8571428573,0.01%,2079.2048996400517
2026-03-23 00:00:00,uniswap_v3_0.01_ethusdc,100k+,0xe0554a476a092703abdb3ef35c80e0d76d32939f,184,60645015.0018404,28963.49505145562,3117830.8571428573,0.01%,2093.8431254273837
2026-03-23 00:00:00,uniswap_v3_0.01_ethusdc,10k-100k,0xe0554a476a092703abdb3ef35c80e0d76d32939f,672,20332686.621841762,9800.22436287734,3117830.8571428573,0.01%,2074.716442090934
2026-03-23 00:00:00,uniswap_v3_0.01_ethusdc,1k-10k,0xe0554a476a092703abdb3ef35c80e0d76d32939f,18329,35749227.79682495,17114.834780703968,3117830.8571428573,0.01%,2088.786030066164
2026-03-23 00:00:00,uniswap_v3_0.01_ethusdt,0.5k-1k,0xc7bbec68d12a0d1830360f8ec58fa599ba1b0e9b,16324,12017288.078121131,5777.100450854185,5452882.857142857,0.01%,2080.1591006340027
2026-03-23 00:00:00,uniswap_v3_0.01_ethusdt,100k+,0xc7bbec68d12a0d1830360f8ec58fa599ba1b0e9b,268,102910273.07512675,50017.21842472733,5452882.857142857,0.01%,2057.4969243841506
2026-03-23 00:00:00,uniswap_v3_0.01_ethusdt,10k-100k,0xc7bbec68d12a0d1830360f8ec58fa599ba1b0e9b,1042,30487734.414115515,14652.459386778595,5452882.857142857,0.01%,2080.724717218846
2026-03-23 00:00:00,uniswap_v3_0.01_ethusdt,1k-10k,0xc7bbec68d12a0d1830360f8ec58fa599ba1b0e9b,32034,81504564.54836933,39067.271271236954,5452882.857142857,0.01%,2086.2620269150098
2026-03-23 00:00:00,uniswap_v3_0.05_ethusdc,0.5k-1k,0x88e6a0c2ddd26feeb64f039a2c41296fcb3f5640,1588,1163666.2630216556,559.4649454069252,95232060.85714285,0.05%,2079.962779750689
2026-03-23 00:00:00,uniswap_v3_0.05_ethusdc,100k+,0x88e6a0c2ddd26feeb64f039a2c41296fcb3f5640,3417,802455963.572116,386236.0764813395,95232060.85714285,0.05%,2077.6307870631695
2026-03-23 00:00:00,uniswap_v3_0.05_ethusdc,10k-100k,0x88e6a0c2ddd26feeb64f039a2c41296fcb3f5640,10995,454688972.572507,218281.71876727126,95232060.85714285,0.05%,2083.0373479754835
2026-03-23 00:00:00,uniswap_v3_0.05_ethusdc,1k-10k,0x88e6a0c2ddd26feeb64f039a2c41296fcb3f5640,7244,30713187.702639133,14749.020408773322,95232060.85714285,0.05%,2082.3883113192837
2026-03-23 00:00:00,uniswap_v3_0.05_ethusdt,0.5k-1k,0x11b815efb8f581194ae79006d24e0d814b7697f6,2526,1930450.9689229229,932.4426534894511,8145932.285714285,0.05%,2070.31602608338
2026-03-23 00:00:00,uniswap_v3_0.05_ethusdt,100k+,0x11b815efb8f581194ae79006d24e0d814b7697f6,21,3776510.352587903,1840.2282354794188,8145932.285714285,0.05%,2052.196722002823
2026-03-23 00:00:00,uniswap_v3_0.05_ethusdt,10k-100k,0x11b815efb8f581194ae79006d24e0d814b7697f6,1721,33719018.5183008,16143.022116497978,8145932.285714285,0.05%,2088.767411390731
2026-03-23 00:00:00,uniswap_v3_0.05_ethusdt,1k-10k,0x11b815efb8f581194ae79006d24e0d814b7697f6,14958,53610436.80462089,25814.52525930003,8145932.285714285,0.05%,2076.754705582161
2026-03-23 00:00:00,uniswap_v3_0.3_ethusdc,0.5k-1k,0x8ad599c3a0ff1de082011efddc58f1908eb6e6d8,86,67103.08676544385,32.19853849415747,22972201.14285714,0.3%,2084.0413852206343
2026-03-23 00:00:00,uniswap_v3_0.3_ethusdc,100k+,0x8ad599c3a0ff1de082011efddc58f1908eb6e6d8,31,7161388.279594604,3475.840767085044,22972201.14285714,0.3%,2060.332667540574
2026-03-23 00:00:00,uniswap_v3_0.3_ethusdc,10k-100k,0x8ad599c3a0ff1de082011efddc58f1908eb6e6d8,581,15082747.830575358,7169.5056811609975,22972201.14285714,0.3%,2103.7360874415162
2026-03-23 00:00:00,uniswap_v3_0.3_ethusdc,1k-10k,0x8ad599c3a0ff1de082011efddc58f1908eb6e6d8,1132,4755619.846513017,2285.8533498207416,22972201.14285714,0.3%,2080.4571067019483
2026-03-23 00:00:00,uniswap_v3_0.3_ethusdt,0.5k-1k,0x4e68ccd3e89f51c3074ca5072bbac773960dfa36,67,50146.680402545986,24.20653261018007,65375807.71428572,0.3%,2071.6176583447054
2026-03-23 00:00:00,uniswap_v3_0.3_ethusdt,100k+,0x4e68ccd3e89f51c3074ca5072bbac773960dfa36,280,75162930.40084949,36380.79453578802,65375807.71428572,0.3%,2066.0057417633147
2026-03-23 00:00:00,uniswap_v3_0.3_ethusdt,10k-100k,0x4e68ccd3e89f51c3074ca5072bbac773960dfa36,1206,45619468.09535213,21845.584713334967,65375807.71428572,0.3%,2088.2694921644793
2026-03-23 00:00:00,uniswap_v3_0.3_ethusdt,1k-10k,0x4e68ccd3e89f51c3074ca5072bbac773960dfa36,583,3056980.688140029,1466.1134340532428,65375807.71428572,0.3%,2085.091519616355
2026-03-23 00:00:00,uniswap_v3_1.0_ethusdc,0.5k-1k,0x7bea39867e4169dbe237d55c8242a8f2fcdcc387,48,32833.55861167383,15.588931935410752,412198.0714285714,1%,2106.2096330725108
2026-03-23 00:00:00,uniswap_v3_1.0_ethusdc,1k-10k,0x7bea39867e4169dbe237d55c8242a8f2fcdcc387,31,58580.72030880918,28.56640692293498,412198.0714285714,1%,2050.685634593294
2026-03-30 00:00:00,curve_usdcwbtcweth,0.5k-1k,0x7f86bf177dd4f3494b841a37e810a34dd56c829b,2701,1948177.6255017542,661.0701162096465,264770.0,,2947.006040254775
2026-03-30 00:00:00,curve_usdcwbtcweth,10k-100k,0x7f86bf177dd4f3494b841a37e810a34dd56c829b,70,978378.0001040143,294.58457329251115,264770.0,,3321.2126119466634
2026-03-30 00:00:00,curve_usdcwbtcweth,1k-10k,0x7f86bf177dd4f3494b841a37e810a34dd56c829b,3631,8302976.116357585,2699.531687840855,264770.0,,3075.70981802347
2026-03-30 00:00:00,curve_usdt,0.5k-1k,0xf5f5b97624542d72a9e06f04804bf81baa15e2b4,310,234212.67671229626,89.0495181532888,14566058.857142856,,2630.1397421278048
2026-03-30 00:00:00,curve_usdt,10k-100k,0xf5f5b97624542d72a9e06f04804bf81baa15e2b4,169,2838286.969368235,1070.5878714367,14566058.857142856,,2651.14807022737
2026-03-30 00:00:00,curve_usdt,1k-10k,0xf5f5b97624542d72a9e06f04804bf81baa15e2b4,1280,3972848.651443144,1310.9003406618272,14566058.857142856,,3030.6259966622583
2026-03-30 00:00:00,curve_usdtwbtcweth,0.5k-1k,0xd51a44d3fae010294c616388b506acda1bfaae46,1600,1229949.856573741,443.6094099915836,10691006.142857144,,2772.596407720648
2026-03-30 00:00:00,curve_usdtwbtcweth,10k-100k,0xd51a44d3fae010294c616388b506acda1bfaae46,94,1342143.691973085,451.67290515041003,10691006.142857144,,2971.4948066812694
2026-03-30 00:00:00,curve_usdtwbtcweth,1k-10k,0xd51a44d3fae010294c616388b506acda1bfaae46,3629,8507726.820791468,2845.8142119124336,10691006.142857144,,2989.5580622159227
2026-03-30 00:00:00,sushiv2_ethusdt,0.5k-1k,0x06da0fd433c1a5d7a4faa01111c044910a184553,20,13955.037479817755,6.744206198748087,566960.5714285715,,2069.1890296011707
2026-03-30 00:00:00,sushiv2_ethusdt,1k-10k,0x06da0fd433c1a5d7a4faa01111c044910a184553,6,10452.606738513206,4.912913302291871,566960.5714285715,,2127.5780978339412
2026-03-30 00:00:00,sushiv2_usdceth,0.5k-1k,0x397ff1542f962076d0bfe58ea045ffa2d347aca0,1,542.8402847032909,0.26244961452710885,256506.14285714287,,2068.36
2026-03-30 00:00:00,uniswap_v3_0.01_ethusdc,0.5k-1k,0xe0554a476a092703abdb3ef35c80e0d76d32939f,15212,10954809.56043556,5301.675158050656,3175696.8571428573,0.01%,2066.292112182798
2026-03-30 00:00:00,uniswap_v3_0.01_ethusdc,100k+,0xe0554a476a092703abdb3ef35c80e0d76d32939f,124,35822815.448523775,17506.1205184169,3175696.8571428573,0.01%,2046.3023438480975
2026-03-30 00:00:00,uniswap_v3_0.01_ethusdc,10k-100k,0xe0554a476a092703abdb3ef35c80e0d76d32939f,875,21063406.79784495,10170.73048272074,3175696.8571428573,0.01%,2070.982692308089
2026-03-30 00:00:00,uniswap_v3_0.01_ethusdc,1k-10k,0xe0554a476a092703abdb3ef35c80e0d76d32939f,16316,31772559.15471377,15321.102449742331,3175696.8571428573,0.01%,2073.777605687123
2026-03-30 00:00:00,uniswap_v3_0.01_ethusdt,0.5k-1k,0xc7bbec68d12a0d1830360f8ec58fa599ba1b0e9b,11907,8880161.26860865,4295.60125977416,5745256.714285715,0.01%,2067.2685222826112
2026-03-30 00:00:00,uniswap_v3_0.01_ethusdt,100k+,0xc7bbec68d12a0d1830360f8ec58fa599ba1b0e9b,173,57281334.21338669,27568.872752549938,5745256.714285715,0.01%,2077.753948357883
2026-03-30 00:00:00,uniswap_v3_0.01_ethusdt,10k-100k,0xc7bbec68d12a0d1830360f8ec58fa599ba1b0e9b,1269,33060315.283141453,15918.876657771087,5745256.714285715,0.01%,2076.799512546161
2026-03-30 00:00:00,uniswap_v3_0.01_ethusdt,1k-10k,0xc7bbec68d12a0d1830360f8ec58fa599ba1b0e9b,33672,91452405.48620018,44199.076543943855,5745256.714285715,0.01%,2069.102176722535
2026-03-30 00:00:00,uniswap_v3_0.05_ethusdc,0.5k-1k,0x88e6a0c2ddd26feeb64f039a2c41296fcb3f5640,1328,959565.9291918094,461.61002108719276,99656834.14285715,0.05%,2078.7372140054963
2026-03-30 00:00:00,uniswap_v3_0.05_ethusdc,100k+,0x88e6a0c2ddd26feeb64f039a2c41296fcb3f5640,3468,812697248.3217456,390594.0685618746,99656834.14285715,0.05%,2080.6697124562324
2026-03-30 00:00:00,uniswap_v3_0.05_ethusdc,10k-100k,0x88e6a0c2ddd26feeb64f039a2c41296fcb3f5640,10039,419123141.4185541,202431.47326666545,99656834.14285715,0.05%,2070.444554174825
2026-03-30 00:00:00,uniswap_v3_0.05_ethusdc,1k-10k,0x88e6a0c2ddd26feeb64f039a2c41296fcb3f5640,5894,25227950.217240255,12161.717979753434,99656834.14285715,0.05%,2074.373888560745
2026-03-30 00:00:00,uniswap_v3_0.05_ethusdt,0.5k-1k,0x11b815efb8f581194ae79006d24e0d814b7697f6,1015,766543.1205103776,370.6444306773541,9419566.714285715,0.05%,2068.1360815526546
2026-03-30 00:00:00,uniswap_v3_0.05_ethusdt,100k+,0x11b815efb8f581194ae79006d24e0d814b7697f6,21,4010900.997679079,1905.585124694645,9419566.714285715,0.05%,2104.813343524496
2026-03-30 00:00:00,uniswap_v3_0.05_ethusdt,10k-100k,0x11b815efb8f581194ae79006d24e0d814b7697f6,2455,50434679.30721385,24264.76072668524,9419566.714285715,0.05%,2078.5154189362424
2026-03-30 00:00:00,uniswap_v3_0.05_ethusdt,1k-10k,0x11b815efb8f581194ae79006d24e0d814b7697f6,12058,46946239.74939015,22671.089377044693,9419566.714285715,0.05%,2070.753591440777
2026-03-30 00:00:00,uniswap_v3_0.3_ethusdc,0.5k-1k,0x8ad599c3a0ff1de082011efddc58f1908eb6e6d8,34,23313.69231623746,11.292076986058152,22849337.57142857,0.3%,2064.6062141643106
2026-03-30 00:00:00,uniswap_v3_0.3_ethusdc,100k+,0x8ad599c3a0ff1de082011efddc58f1908eb6e6d8,10,1486949.560489052,709.2268451710884,22849337.57142857,0.3%,2096.578225448237
2026-03-30 00:00:00,uniswap_v3_0.3_ethusdc,10k-100k,0x8ad599c3a0ff1de082011efddc58f1908eb6e6d8,626,15931181.33763543,7668.574395930947,22849337.57142857,0.3%,2077.4632304654615
2026-03-30 00:00:00,uniswap_v3_0.3_ethusdc,1k-10k,0x8ad599c3a0ff1de082011efddc58f1908eb6e6d8,1063,4658459.814633309,2251.6973458901257,22849337.57142857,0.3%,2068.865881614191
2026-03-30 00:00:00,uniswap_v3_0.3_ethusdt,0.5k-1k,0x4e68ccd3e89f51c3074ca5072bbac773960dfa36,77,56510.6466618335,27.36852594387887,68595641.42857143,0.3%,2064.8041760711794
2026-03-30 00:00:00,uniswap_v3_0.3_ethusdt,100k+,0x4e68ccd3e89f51c3074ca5072bbac773960dfa36,365,82862392.62672049,39813.32615964128,68595641.42857143,0.3%,2081.2727953063613
2026-03-30 00:00:00,uniswap_v3_0.3_ethusdt,10k-100k,0x4e68ccd3e89f51c3074ca5072bbac773960dfa36,1213,47296340.208310604,22856.19964076842,68595641.42857143,0.3%,2069.3002752718567
2026-03-30 00:00:00,uniswap_v3_0.3_ethusdt,1k-10k,0x4e68ccd3e89f51c3074ca5072bbac773960dfa36,419,2393680.6174877593,1156.7124198213298,68595641.42857143,0.3%,2069.382654210194
2026-03-30 00:00:00,uniswap_v3_1.0_ethusdc,0.5k-1k,0x7bea39867e4169dbe237d55c8242a8f2fcdcc387,58,39967.760786062856,19.433932278359503,404469.5714285714,1%,2056.596689418777
2026-03-30 00:00:00,uniswap_v3_1.0_ethusdc,1k-10k,0x7bea39867e4169dbe237d55c8242a8f2fcdcc387,23,32078.15975659691,15.528859892100888,404469.5714285714,1%,2065.7124849786433
2026-04-06 00:00:00,curve_usdcwbtcweth,0.5k-1k,0x7f86bf177dd4f3494b841a37e810a34dd56c829b,2637,1867350.4999176334,628.4804637041448,275570.28571428574,,2971.214871042806
2026-04-06 00:00:00,curve_usdcwbtcweth,10k-100k,0x7f86bf177dd4f3494b841a37e810a34dd56c829b,50,745827.0350193536,226.33517950125622,275570.28571428574,,3295.232480707729
2026-04-06 00:00:00,curve_usdcwbtcweth,1k-10k,0x7f86bf177dd4f3494b841a37e810a34dd56c829b,2379,4887707.356588859,1560.5028305468536,275570.28571428574,,3132.1361684913054
2026-04-06 00:00:00,curve_usdt,0.5k-1k,0xf5f5b97624542d72a9e06f04804bf81baa15e2b4,374,286101.0075959619,93.81344227040043,15164764.42857143,,3049.680308833856
2026-04-06 00:00:00,curve_usdt,10k-100k,0xf5f5b97624542d72a9e06f04804bf81baa15e2b4,130,2232600.320935408,803.706051499027,15164764.42857143,,2777.8816854387105
2026-04-06 00:00:00,curve_usdt,1k-10k,0xf5f5b97624542d72a9e06f04804bf81baa15e2b4,1146,3510891.971767735,1231.591723177904,15164764.42857143,,2850.6946788408914
2026-04-06 00:00:00,curve_usdtwbtcweth,0.5k-1k,0xd51a44d3fae010294c616388b506acda1bfaae46,1931,1438711.8405436892,498.8788940239069,11133123.857142856,,2883.8899736550975
2026-04-06 00:00:00,curve_usdtwbtcweth,10k-100k,0xd51a44d3fae010294c616388b506acda1bfaae46,46,647749.7203946846,219.29621853579042,11133123.857142856,,2953.7660280675022
2026-04-06 00:00:00,curve_usdtwbtcweth,1k-10k,0xd51a44d3fae010294c616388b506acda1bfaae46,2797,5896330.517246555,1918.5015128285872,11133123.857142856,,3073.40415309507
2026-04-06 00:00:00,sushiv2_ethusdt,0.5k-1k,0x06da0fd433c1a5d7a4faa01111c044910a184553,29,19574.89688818912,8.908593600065156,585221.7142857143,,2197.304958219887
2026-04-06 00:00:00,sushiv2_ethusdt,1k-10k,0x06da0fd433c1a5d7a4faa01111c044910a184553,1,1021.3356505967228,0.4820941075442157,585221.7142857143,,2118.54
2026-04-06 00:00:00,sushiv2_usdceth,0.5k-1k,0x397ff1542f962076d0bfe58ea045ffa2d347aca0,3,2150.3906984193827,0.9779603814306371,263071.14285714284,,2198.8525703603887
2026-04-06 00:00:00,sushiv2_usdceth,1k-10k,0x397ff1542f962076d0bfe58ea045ffa2d347aca0,4,5268.377410280777,2.4188944243972132,263071.14285714284,,2178.010481624742
2026-04-06 00:00:00,uniswap_v3_0.01_ethusdc,0.5k-1k,0xe0554a476a092703abdb3ef35c80e0d76d32939f,16626,12233425.620835954,5586.473816069728,3387343.0,0.01%,2189.8295818815063
2026-04-06 00:00:00,uniswap_v3_0.01_ethusdc,100k+,0xe0554a476a092703abdb3ef35c80e0d76d32939f,130,41016943.43298721,19018.952316614468,3387343.0,0.01%,2156.6352736031554
2026-04-06 00:00:00,uniswap_v3_0.01_ethusdc,10k-100k,0xe0554a476a092703abdb3ef35c80e0d76d32939f,980,29469391.94506225,13487.930443022291,3387343.0,0.01%,2184.8712869295414
2026-04-06 00:00:00,uniswap_v3_0.01_ethusdc,1k-10k,0xe0554a476a092703abdb3ef35c80e0d76d32939f,25968,54881919.63015979,25023.870120402386,3387343.0,0.01%,2193.18272377915
2026-04-06 00:00:00,uniswap_v3_0.01_ethusdt,0.5k-1k,0xc7bbec68d12a0d1830360f8ec58fa599ba1b0e9b,13754,10267603.224408718,4693.342948550699,6039787.571428572,0.01%,2187.695068731201
2026-04-06 00:00:00,uniswap_v3_0.01_ethusdt,100k+,0xc7bbec68d12a0d1830360f8ec58fa599ba1b0e9b,140,45699176.310899645,20843.090166090085,6039787.571428572,0.01%,2192.533638090204
2026-04-06 00:00:00,uniswap_v3_0.01_ethusdt,10k-100k,0xc7bbec68d12a0d1830360f8ec58fa599ba1b0e9b,1403,39651036.15269955,18141.342543101277,6039787.571428572,0.01%,2185.672645698314
2026-04-06 00:00:00,uniswap_v3_0.01_ethusdt,1k-10k,0xc7bbec68d12a0d1830360f8ec58fa599ba1b0e9b,37096,96396346.318038,43999.34433249335,6039787.571428572,0.01%,2190.858699838617
2026-04-06 00:00:00,uniswap_v3_0.05_ethusdc,0.5k-1k,0x88e6a0c2ddd26feeb64f039a2c41296fcb3f5640,1395,1028158.2387899047,469.99361763903084,100393276.42857143,0.05%,2187.6004273308263
2026-04-06 00:00:00,uniswap_v3_0.05_ethusdc,100k+,0x88e6a0c2ddd26feeb64f039a2c41296fcb3f5640,2106,446218961.01186395,206989.87270870118,100393276.42857143,0.05%,2155.75262293065
2026-04-06 00:00:00,uniswap_v3_0.05_ethusdc,10k-100k,0x88e6a0c2ddd26feeb64f039a2c41296fcb3f5640,10449,376317157.7432021,172466.16297864946,100393276.42857143,0.05%,2181.9767497801204
2026-04-06 00:00:00,uniswap_v3_0.05_ethusdc,1k-10k,0x88e6a0c2ddd26feeb64f039a2c41296fcb3f5640,7550,33481642.446761575,15210.861282065347,100393276.42857143,0.05%,2201.1667732608103
2026-04-06 00:00:00,uniswap_v3_0.05_ethusdt,0.5k-1k,0x11b815efb8f581194ae79006d24e0d814b7697f6,1477,1126434.7010548182,514.1165029074951,9229913.42857143,0.05%,2191.0105874533606
2026-04-06 00:00:00,uniswap_v3_0.05_ethusdt,100k+,0x11b815efb8f581194ae79006d24e0d814b7697f6,21,3907147.7637945474,1773.6415808682927,9229913.42857143,0.05%,2202.8958984383917
2026-04-06 00:00:00,uniswap_v3_0.05_ethusdt,10k-100k,0x11b815efb8f581194ae79006d24e0d814b7697f6,2365,46638534.55247866,21371.958976965063,9229913.42857143,0.05%,2182.23021121958
2026-04-06 00:00:00,uniswap_v3_0.05_ethusdt,1k-10k,0x11b815efb8f581194ae79006d24e0d814b7697f6,13788,52194830.84540328,23817.617612818416,9229913.42857143,0.05%,2191.4379386674054
2026-04-06 00:00:00,uniswap_v3_0.3_ethusdc,0.5k-1k,0x8ad599c3a0ff1de082011efddc58f1908eb6e6d8,51,35573.54124621221,16.234089958724912,23599873.714285713,0.3%,2191.286443321292
2026-04-06 00:00:00,uniswap_v3_0.3_ethusdc,100k+,0x8ad599c3a0ff1de082011efddc58f1908eb6e6d8,19,2923689.415132824,1322.8343761508531,23599873.714285713,0.3%,2210.1704248419173
2026-04-06 00:00:00,uniswap_v3_0.3_ethusdc,10k-100k,0x8ad599c3a0ff1de082011efddc58f1908eb6e6d8,800,20887477.41508736,9539.216937528912,23599873.714285713,0.3%,2189.642771715616
2026-04-06 00:00:00,uniswap_v3_0.3_ethusdc,1k-10k,0x8ad599c3a0ff1de082011efddc58f1908eb6e6d8,964,4695464.748624374,2152.469359672731,23599873.714285713,0.3%,2181.431632243206
2026-04-06 00:00:00,uniswap_v3_0.3_ethusdt,0.5k-1k,0x4e68ccd3e89f51c3074ca5072bbac773960dfa36,74,52522.943418763905,23.885544993058208,72129911.71428572,0.3%,2198.942642256164
2026-04-06 00:00:00,uniswap_v3_0.3_ethusdt,100k+,0x4e68ccd3e89f51c3074ca5072bbac773960dfa36,407,93839523.18432273,42823.39902903509,72129911.71428572,0.3%,2191.3142186751156
2026-04-06 00:00:00,uniswap_v3_0.3_ethusdt,10k-100k,0x4e68ccd3e89f51c3074ca5072bbac773960dfa36,1277,51764734.88004399,23706.844927634538,72129911.71428572,0.3%,2183.535389802251
2026-04-06 00:00:00,uniswap_v3_0.3_ethusdt,1k-10k,0x4e68ccd3e89f51c3074ca5072bbac773960dfa36,429,2229497.4138327315,1021.1970695476745,72129911.71428572,0.3%,2183.2195570442223
2026-04-06 00:00:00,uniswap_v3_1.0_ethusdc,0.5k-1k,0x7bea39867e4169dbe237d55c8242a8f2fcdcc387,81,54384.493673240286,24.90927314528185,420100.35714285716,1%,2183.303115913739
2026-04-06 00:00:00,uniswap_v3_1.0_ethusdc,1k-10k,0x7bea39867e4169dbe237d55c8242a8f2fcdcc387,18,29411.434166984247,13.385172819000212,420100.35714285716,1%,2197.314488553693
2026-04-13 00:00:00,curve_usdcwbtcweth,0.5k-1k,0x7f86bf177dd4f3494b841a37e810a34dd56c829b,2375,1768794.6302449876,539.3777365275063,285877.4285714286,,3279.3245075935492
2026-04-13 00:00:00,curve_usdcwbtcweth,10k-100k,0x7f86bf177dd4f3494b841a37e810a34dd56c829b,106,1590709.0866540284,387.5999545451545,285877.4285714286,,4103.997092880759
2026-04-13 00:00:00,curve_usdcwbtcweth,1k-10k,0x7f86bf177dd4f3494b841a37e810a34dd56c829b,4375,10168063.723616112,3075.0797769778105,285877.4285714286,,3306.6016042059528
2026-04-13 00:00:00,curve_usdt,0.5k-1k,0xf5f5b97624542d72a9e06f04804bf81baa15e2b4,224,176389.46874548917,51.17288846692721,15743089.285714285,,3446.932038231315
2026-04-13 00:00:00,curve_usdt,10k-100k,0xf5f5b97624542d72a9e06f04804bf81baa15e2b4,96,1621286.3477567674,524.6488707077498,15743089.285714285,,3090.2312732888513
2026-04-13 00:00:00,curve_usdt,1k-10k,0xf5f5b97624542d72a9e06f04804bf81baa15e2b4,1016,3050899.51812105,922.9099102978221,15743089.285714285,,3305.739253722531
2026-04-13 00:00:00,curve_usdtwbtcweth,0.5k-1k,0xd51a44d3fae010294c616388b506acda1bfaae46,1446,1108990.0316717173,367.69311934786526,11550544.714285715,,3016.0750183158298
2026-04-13 00:00:00,curve_usdtwbtcweth,10k-100k,0xd51a44d3fae010294c616388b506acda1bfaae46,140,2075155.728511881,669.0151154006526,11550544.714285715,,3101.8069408927095
2026-04-13 00:00:00,curve_usdtwbtcweth,1k-10k,0xd51a44d3fae010294c616388b506acda1bfaae46,5016,12506919.33526054,3907.597246500104,11550544.714285715,,3200.6674552917507
2026-04-13 00:00:00,sushiv2_ethusdt,0.5k-1k,0x06da0fd433c1a5d7a4faa01111c044910a184553,29,18576.827635787668,7.938520647123538,603938.2857142857,,2340.086832490489
2026-04-13 00:00:00,sushiv2_ethusdt,1k-10k,0x06da0fd433c1a5d7a4faa01111c044910a184553,6,25943.860581313245,11.39871632073307,603938.2857142857,,2276.0335331904066
2026-04-13 00:00:00,sushiv2_usdceth,0.5k-1k,0x397ff1542f962076d0bfe58ea045ffa2d347aca0,10,5790.919182777669,2.4741723353735803,271516.14285714284,,2340.5480289243014
2026-04-13 00:00:00,sushiv2_usdceth,1k-10k,0x397ff1542f962076d0bfe58ea045ffa2d347aca0,25,34217.60105621253,14.671621255171146,271516.14285714284,,2332.230396429585
2026-04-13 00:00:00,uniswap_v3_0.01_ethusdc,0.5k-1k,0xe0554a476a092703abdb3ef35c80e0d76d32939f,16459,12022215.465950757,5149.632444963837,3790987.8571428573,0.01%,2334.57738866549
2026-04-13 00:00:00,uniswap_v3_0.01_ethusdc,100k+,0xe0554a476a092703abdb3ef35c80e0d76d32939f,435,124662204.83973639,53311.5231854547,3790987.8571428573,0.01%,2338.3725954719807
2026-04-13 00:00:00,uniswap_v3_0.01_ethusdc,10k-100k,0xe0554a476a092703abdb3ef35c80e0d76d32939f,1865,57749243.304988496,24641.965816520253,3790987.8571428573,0.01%,2343.532319417177
2026-04-13 00:00:00,uniswap_v3_0.01_ethusdc,1k-10k,0xe0554a476a092703abdb3ef35c80e0d76d32939f,40025,105857268.91512334,45292.03770327442,3790987.8571428573,0.01%,2337.2158613978704
2026-04-13 00:00:00,uniswap_v3_0.01_ethusdt,0.5k-1k,0xc7bbec68d12a0d1830360f8ec58fa599ba1b0e9b,12662,9320346.738130776,3995.08402324914,6241341.285714285,0.01%,2332.9538712807052
2026-04-13 00:00:00,uniswap_v3_0.01_ethusdt,100k+,0xc7bbec68d12a0d1830360f8ec58fa599ba1b0e9b,305,76718496.52719685,32922.89650065216,6241341.285714285,0.01%,2330.2474776384624
2026-04-13 00:00:00,uniswap_v3_0.01_ethusdt,10k-100k,0xc7bbec68d12a0d1830360f8ec58fa599ba1b0e9b,1649,47068266.22679317,20112.33901899932,6241341.285714285,0.01%,2340.26813998758
2026-04-13 00:00:00,uniswap_v3_0.01_ethusdt,1k-10k,0xc7bbec68d12a0d1830360f8ec58fa599ba1b0e9b,38809,105663069.37414414,45240.99260773354,6241341.285714285,0.01%,2335.5603686750674
2026-04-13 00:00:00,uniswap_v3_0.05_ethusdc,0.5k-1k,0x88e6a0c2ddd26feeb64f039a2c41296fcb3f5640,2187,1607140.2432290756,686.4260954119252,100540677.42857143,0.05%,2341.3157716048495
2026-04-13 00:00:00,uniswap_v3_0.05_ethusdc,100k+,0x88e6a0c2ddd26feeb64f039a2c41296fcb3f5640,624,120882709.24577487,52327.98066314725,100540677.42857143,0.05%,2310.096963686357
2026-04-13 00:00:00,uniswap_v3_0.05_ethusdc,10k-100k,0x88e6a0c2ddd26feeb64f039a2c41296fcb3f5640,10896,321764942.86578107,138230.10927704815,100540677.42857143,0.05%,2327.748596515124
2026-04-13 00:00:00,uniswap_v3_0.05_ethusdc,1k-10k,0x88e6a0c2ddd26feeb64f039a2c41296fcb3f5640,11077,47411039.49920815,20279.766226167456,100540677.42857143,0.05%,2337.849409626457
2026-04-13 00:00:00,uniswap_v3_0.05_ethusdt,0.5k-1k,0x11b815efb8f581194ae79006d24e0d814b7697f6,1572,1163637.5027177343,498.16948760683704,7462064.571428572,0.05%,2335.8265242372586
2026-04-13 00:00:00,uniswap_v3_0.05_ethusdt,100k+,0x11b815efb8f581194ae79006d24e0d814b7697f6,52,20578492.4153897,8566.711071591833,7462064.571428572,0.05%,2402.1461962958306
2026-04-13 00:00:00,uniswap_v3_0.05_ethusdt,10k-100k,0x11b815efb8f581194ae79006d24e0d814b7697f6,1661,32337115.577513486,13915.562841804518,7462064.571428572,0.05%,2323.809388461655
2026-04-13 00:00:00,uniswap_v3_0.05_ethusdt,1k-10k,0x11b815efb8f581194ae79006d24e0d814b7697f6,14116,54328455.36046316,23372.63827802226,7462064.571428572,0.05%,2324.446847386897
2026-04-13 00:00:00,uniswap_v3_0.3_ethusdc,0.5k-1k,0x8ad599c3a0ff1de082011efddc58f1908eb6e6d8,68,48930.894261289905,20.987065094251673,24078005.85714286,0.3%,2331.4786532344633
2026-04-13 00:00:00,uniswap_v3_0.3_ethusdc,100k+,0x8ad599c3a0ff1de082011efddc58f1908eb6e6d8,22,3064868.2298660013,1325.0919098746483,24078005.85714286,0.3%,2312.947658216352
2026-04-13 00:00:00,uniswap_v3_0.3_ethusdc,10k-100k,0x8ad599c3a0ff1de082011efddc58f1908eb6e6d8,854,20835234.471632056,8936.45872365296,24078005.85714286,0.3%,2331.4866790002056
2026-04-13 00:00:00,uniswap_v3_0.3_ethusdc,1k-10k,0x8ad599c3a0ff1de082011efddc58f1908eb6e6d8,1108,5344295.202621066,2296.8649782213624,24078005.85714286,0.3%,2326.7781316251167
2026-04-13 00:00:00,uniswap_v3_0.3_ethusdt,0.5k-1k,0x4e68ccd3e89f51c3074ca5072bbac773960dfa36,221,165130.76077532198,70.48764449044899,76588091.14285715,0.3%,2342.690864037839
2026-04-13 00:00:00,uniswap_v3_0.3_ethusdt,100k+,0x4e68ccd3e89f51c3074ca5072bbac773960dfa36,384,89537009.50279047,38557.35529199097,76588091.14285715,0.3%,2322.1771520566103
2026-04-13 00:00:00,uniswap_v3_0.3_ethusdt,10k-100k,0x4e68ccd3e89f51c3074ca5072bbac773960dfa36,1484,59887924.48687447,25712.202486597333,76588091.14285715,0.3%,2329.1635369662117
2026-04-13 00:00:00,uniswap_v3_0.3_ethusdt,1k-10k,0x4e68ccd3e89f51c3074ca5072bbac773960dfa36,725,3874478.9628070365,1661.7559268799998,76588091.14285715,0.3%,2331.557180049597
2026-04-13 00:00:00,uniswap_v3_1.0_ethusdc,0.5k-1k,0x7bea39867e4169dbe237d55c8242a8f2fcdcc387,67,45647.73514967132,19.490162568854284,435641.5714285714,1%,2342.091041488665
2026-04-13 00:00:00,uniswap_v3_1.0_ethusdc,1k-10k,0x7bea39867e4169dbe237d55c8242a8f2fcdcc387,19,26244.11119478857,11.272679612027188,435641.5714285714,1%,2328.116481443141
2026-04-20 00:00:00,curve_usdcwbtcweth,0.5k-1k,0x7f86bf177dd4f3494b841a37e810a34dd56c829b,907,691183.2819111488,226.46184152186427,288391.5714285714,,3052.096005518073
2026-04-20 00:00:00,curve_usdcwbtcweth,10k-100k,0x7f86bf177dd4f3494b841a37e810a34dd56c829b,162,2489987.2464701463,691.768605493724,288391.5714285714,,3599.451068891759
2026-04-20 00:00:00,curve_usdcwbtcweth,1k-10k,0x7f86bf177dd4f3494b841a37e810a34dd56c829b,3883,11182194.058935354,3409.556190610672,288391.5714285714,,3279.6626404718545
2026-04-20 00:00:00,curve_usdt,0.5k-1k,0xf5f5b97624542d72a9e06f04804bf81baa15e2b4,107,79294.26048385332,26.975478734691535,15885938.285714285,,2939.4940962392543
2026-04-20 00:00:00,curve_usdt,10k-100k,0xf5f5b97624542d72a9e06f04804bf81baa15e2b4,298,4986192.9114202615,1470.1190499112836,15885938.285714285,,3391.693286146561
2026-04-20 00:00:00,curve_usdt,1k-10k,0xf5f5b97624542d72a9e06f04804bf81baa15e2b4,1715,6627900.544460873,1986.389554333625,15885938.285714285,,3336.656966404728
2026-04-20 00:00:00,curve_usdtwbtcweth,0.5k-1k,0xd51a44d3fae010294c616388b506acda1bfaae46,472,349060.7526194463,120.25690013777078,11652614.857142856,,2902.6255642674087
2026-04-20 00:00:00,curve_usdtwbtcweth,10k-100k,0xd51a44d3fae010294c616388b506acda1bfaae46,146,2182403.607190424,679.0060098736662,11652614.857142856,,3214.115303039034
2026-04-20 00:00:00,curve_usdtwbtcweth,1k-10k,0xd51a44d3fae010294c616388b506acda1bfaae46,3078,9400590.045418859,2842.246250761232,11652614.857142856,,3307.4509440908296
2026-04-20 00:00:00,sushiv2_ethusdt,0.5k-1k,0x06da0fd433c1a5d7a4faa01111c044910a184553,26,17955.977668181386,7.646015636375245,602732.5714285715,,2348.409749877754
2026-04-20 00:00:00,sushiv2_ethusdt,1k-10k,0x06da0fd433c1a5d7a4faa01111c044910a184553,3,5565.603852489249,2.3572600030383977,602732.5714285715,,2361.0479307821142
2026-04-20 00:00:00,sushiv2_usdceth,0.5k-1k,0x397ff1542f962076d0bfe58ea045ffa2d347aca0,1,748.5339551730301,0.31173521174429697,271052.14285714284,,2401.18513075456
2026-04-20 00:00:00,uniswap_v3_0.01_ethusdc,0.5k-1k,0xe0554a476a092703abdb3ef35c80e0d76d32939f,15585,11178707.779287923,4798.970720889265,4900270.571428572,0.01%,2329.3969539402547
2026-04-20 00:00:00,uniswap_v3_0.01_ethusdc,100k+,0xe0554a476a092703abdb3ef35c80e0d76d32939f,641,226221481.91468954,95747.21503511822,4900270.571428572,0.01%,2362.6951638407018
2026-04-20 00:00:00,uniswap_v3_0.01_ethusdc,10k-100k,0xe0554a476a092703abdb3ef35c80e0d76d32939f,3607,86919768.493219,37277.37739259215,4900270.571428572,0.01%,2331.7028871910907
2026-04-20 00:00:00,uniswap_v3_0.01_ethusdc,1k-10k,0xe0554a476a092703abdb3ef35c80e0d76d32939f,41229,137049952.4412627,58841.80693932247,4900270.571428572,0.01%,2329.125490360761
2026-04-20 00:00:00,uniswap_v3_0.01_ethusdt,0.5k-1k,0xc7bbec68d12a0d1830360f8ec58fa599ba1b0e9b,7861,5719134.741782234,2457.8852720773198,5863056.571428572,0.01%,2326.8517887120984
2026-04-20 00:00:00,uniswap_v3_0.01_ethusdt,100k+,0xc7bbec68d12a0d1830360f8ec58fa599ba1b0e9b,224,63865974.33427862,27402.80449680463,5863056.571428572,0.01%,2330.636425980628
2026-04-20 00:00:00,uniswap_v3_0.01_ethusdt,10k-100k,0xc7bbec68d12a0d1830360f8ec58fa599ba1b0e9b,1171,33797846.177503556,14531.106371437987,5863056.571428572,0.01%,2325.896274762384
2026-04-20 00:00:00,uniswap_v3_0.01_ethusdt,1k-10k,0xc7bbec68d12a0d1830360f8ec58fa599ba1b0e9b,24930,70397810.31139652,30249.52111024428,5863056.571428572,0.01%,2327.2371835187714
2026-04-20 00:00:00,uniswap_v3_0.05_ethusdc,0.5k-1k,0x88e6a0c2ddd26feeb64f039a2c41296fcb3f5640,3237,2315244.3925429727,992.7862387927615,101795353.57142857,0.05%,2332.067369666943
2026-04-20 00:00:00,uniswap_v3_0.05_ethusdc,100k+,0x88e6a0c2ddd26feeb64f039a2c41296fcb3f5640,385,75083315.43619117,32240.69270171078,101795353.57142857,0.05%,2328.8369183273485
2026-04-20 00:00:00,uniswap_v3_0.05_ethusdc,10k-100k,0x88e6a0c2ddd26feeb64f039a2c41296fcb3f5640,8425,243365848.9356938,104364.65232355833,101795353.57142857,0.05%,2331.8800333008785
2026-04-20 00:00:00,uniswap_v3_0.05_ethusdc,1k-10k,0x88e6a0c2ddd26feeb64f039a2c41296fcb3f5640,9734,37996574.204738244,16325.820524189898,101795353.57142857,0.05%,2327.391395025989
2026-04-20 00:00:00,uniswap_v3_0.05_ethusdt,0.5k-1k,0x11b815efb8f581194ae79006d24e0d814b7697f6,864,626079.3340528401,268.5832826164802,10533062.0,0.05%,2331.043570373073
2026-04-20 00:00:00,uniswap_v3_0.05_ethusdt,100k+,0x11b815efb8f581194ae79006d24e0d814b7697f6,5,638583.0790955639,276.22852717385723,10533062.0,0.05%,2311.7926509221184
2026-04-20 00:00:00,uniswap_v3_0.05_ethusdt,10k-100k,0x11b815efb8f581194ae79006d24e0d814b7697f6,1965,36983077.98485176,15906.119905977252,10533062.0,0.05%,2325.0848229148673
2026-04-20 00:00:00,uniswap_v3_0.05_ethusdt,1k-10k,0x11b815efb8f581194ae79006d24e0d814b7697f6,7982,34969060.61845673,15019.41992358542,10533062.0,0.05%,2328.2564038005107
2026-04-20 00:00:00,uniswap_v3_0.3_ethusdc,0.5k-1k,0x8ad599c3a0ff1de082011efddc58f1908eb6e6d8,98,70868.46123891269,30.428903633593876,24315454.42857143,0.3%,2328.9850364727913
2026-04-20 00:00:00,uniswap_v3_0.3_ethusdc,100k+,0x8ad599c3a0ff1de082011efddc58f1908eb6e6d8,12,1505910.060979926,647.6054034642212,24315454.42857143,0.3%,2325.3512909626675
2026-04-20 00:00:00,uniswap_v3_0.3_ethusdc,10k-100k,0x8ad599c3a0ff1de082011efddc58f1908eb6e6d8,669,16102094.119059186,6918.421919494896,24315454.42857143,0.3%,2327.422973971321
2026-04-20 00:00:00,uniswap_v3_0.3_ethusdc,1k-10k,0x8ad599c3a0ff1de082011efddc58f1908eb6e6d8,767,3242858.8664235733,1395.795023929769,24315454.42857143,0.3%,2323.305937352834
2026-04-20 00:00:00,uniswap_v3_0.3_ethusdt,0.5k-1k,0x4e68ccd3e89f51c3074ca5072bbac773960dfa36,348,260355.88576926157,112.0387133129626,69881530.0,0.3%,2323.8028898278953
2026-04-20 00:00:00,uniswap_v3_0.3_ethusdt,100k+,0x4e68ccd3e89f51c3074ca5072bbac773960dfa36,284,58567103.646891944,25267.836534313778,69881530.0,0.3%,2317.8519287695126
2026-04-20 00:00:00,uniswap_v3_0.3_ethusdt,10k-100k,0x4e68ccd3e89f51c3074ca5072bbac773960dfa36,1057,43867863.844826855,18847.150168760832,69881530.0,0.3%,2327.5595223694813
2026-04-20 00:00:00,uniswap_v3_0.3_ethusdt,1k-10k,0x4e68ccd3e89f51c3074ca5072bbac773960dfa36,599,2455194.7301900405,1059.9030285573924,69881530.0,0.3%,2316.433356673907
2026-04-20 00:00:00,uniswap_v3_1.0_ethusdc,0.5k-1k,0x7bea39867e4169dbe237d55c8242a8f2fcdcc387,29,21189.051933890452,9.057213546495081,435512.21428571426,1%,2339.466970179818
2026-04-20 00:00:00,uniswap_v3_1.0_ethusdc,1k-10k,0x7bea39867e4169dbe237d55c8242a8f2fcdcc387,10,13860.847628660777,5.929176011049462,435512.21428571426,1%,2337.735901722272
2026-04-27 00:00:00,curve_usdcwbtcweth,0.5k-1k,0x7f86bf177dd4f3494b841a37e810a34dd56c829b,690,541779.2852250127,182.35180825798247,286462.28571428574,,2971.0661517462427
2026-04-27 00:00:00,curve_usdcwbtcweth,10k-100k,0x7f86bf177dd4f3494b841a37e810a34dd56c829b,72,1052961.4417951067,304.0573496379482,286462.28571428574,,3463.0356511654954
2026-04-27 00:00:00,curve_usdcwbtcweth,1k-10k,0x7f86bf177dd4f3494b841a37e810a34dd56c829b,2383,5826445.0316908695,1796.950051721438,286462.28571428574,,3242.4078933686915
2026-04-27 00:00:00,curve_usdt,0.5k-1k,0xf5f5b97624542d72a9e06f04804bf81baa15e2b4,23,18365.036297528386,3.770184018704189,15749810.0,,4871.12464707769
2026-04-27 00:00:00,curve_usdt,10k-100k,0xf5f5b97624542d72a9e06f04804bf81baa15e2b4,16,250199.17333821225,93.40158027324296,15749810.0,,2678.746682939021
2026-04-27 00:00:00,curve_usdt,1k-10k,0xf5f5b97624542d72a9e06f04804bf81baa15e2b4,326,1037100.2869806495,315.28672665014255,15749810.0,,3289.3877201860964
2026-04-27 00:00:00,curve_usdtwbtcweth,0.5k-1k,0xd51a44d3fae010294c616388b506acda1bfaae46,369,291886.2725481527,95.0692370526321,11568744.0,,3070.2494476373995
2026-04-27 00:00:00,curve_usdtwbtcweth,10k-100k,0xd51a44d3fae010294c616388b506acda1bfaae46,44,637674.2447620805,214.32284378276142,11568744.0,,2975.297609471951
2026-04-27 00:00:00,curve_usdtwbtcweth,1k-10k,0xd51a44d3fae010294c616388b506acda1bfaae46,1572,3901559.9989182837,1302.2700599142916,11568744.0,,2995.9684392767685
2026-04-27 00:00:00,sushiv2_ethusdt,0.5k-1k,0x06da0fd433c1a5d7a4faa01111c044910a184553,14,9250.808208097884,4.066514211539364,597258.8571428572,,2274.874186311038
2026-04-27 00:00:00,sushiv2_ethusdt,1k-10k,0x06da0fd433c1a5d7a4faa01111c044910a184553,1,1129.04167010954,0.5013484214072954,597258.8571428572,,2252.0100231697083
2026-04-27 00:00:00,sushiv2_usdceth,0.5k-1k,0x397ff1542f962076d0bfe58ea045ffa2d347aca0,1,641.479299475782,0.2845653386338108,268682.0,,2254.2425671218566
2026-04-27 00:00:00,uniswap_v3_0.01_ethusdc,0.5k-1k,0xe0554a476a092703abdb3ef35c80e0d76d32939f,11189,8014031.32534678,3488.9102704409447,7004266.571428572,0.01%,2297.0012709251846
2026-04-27 00:00:00,uniswap_v3_0.01_ethusdc,100k+,0xe0554a476a092703abdb3ef35c80e0d76d32939f,416,142300595.55569613,61770.27170493996,7004266.571428572,0.01%,2303.7068095705968
2026-04-27 00:00:00,uniswap_v3_0.01_ethusdc,10k-100k,0xe0554a476a092703abdb3ef35c80e0d76d32939f,6648,122057192.82757878,53245.126047611055,7004266.571428572,0.01%,2292.363675098392
2026-04-27 00:00:00,uniswap_v3_0.01_ethusdc,1k-10k,0xe0554a476a092703abdb3ef35c80e0d76d32939f,32776,124390772.13167949,54184.70121157868,7004266.571428572,0.01%,2295.680687542456
2026-04-27 00:00:00,uniswap_v3_0.01_ethusdt,0.5k-1k,0xc7bbec68d12a0d1830360f8ec58fa599ba1b0e9b,6441,4692176.553323559,2041.450060461055,5447455.285714285,0.01%,2298.4527734486173
2026-04-27 00:00:00,uniswap_v3_0.01_ethusdt,100k+,0xc7bbec68d12a0d1830360f8ec58fa599ba1b0e9b,145,31024956.407555096,13545.07114982134,5447455.285714285,0.01%,2290.4978544881483
2026-04-27 00:00:00,uniswap_v3_0.01_ethusdt,10k-100k,0xc7bbec68d12a0d1830360f8ec58fa599ba1b0e9b,626,18257968.80200037,7945.199662031539,5447455.285714285,0.01%,2297.987411096969
2026-04-27 00:00:00,uniswap_v3_0.01_ethusdt,1k-10k,0xc7bbec68d12a0d1830360f8ec58fa599ba1b0e9b,18186,45814370.820027076,19949.762775877683,5447455.285714285,0.01%,2296.4869976009772
2026-04-27 00:00:00,uniswap_v3_0.05_ethusdc,0.5k-1k,0x88e6a0c2ddd26feeb64f039a2c41296fcb3f5640,1793,1296633.80578152,564.7248065722617,101857431.71428572,0.05%,2296.04542016095
2026-04-27 00:00:00,uniswap_v3_0.05_ethusdc,100k+,0x88e6a0c2ddd26feeb64f039a2c41296fcb3f5640,271,46390743.0608828,20257.682529961898,101857431.71428572,0.05%,2290.0320899130043
2026-04-27 00:00:00,uniswap_v3_0.05_ethusdc,10k-100k,0x88e6a0c2ddd26feeb64f039a2c41296fcb3f5640,6047,169630656.04957637,73975.91616967593,101857431.71428572,0.05%,2293.0524531862584
2026-04-27 00:00:00,uniswap_v3_0.05_ethusdc,1k-10k,0x88e6a0c2ddd26feeb64f039a2c41296fcb3f5640,5897,24990560.55089019,10880.509563501717,101857431.71428572,0.05%,2296.818949980076
2026-04-27 00:00:00,uniswap_v3_0.05_ethusdt,0.5k-1k,0x11b815efb8f581194ae79006d24e0d814b7697f6,841,609089.5302119281,264.78934394616715,11315058.0,0.05%,2300.2796152391943
2026-04-27 00:00:00,uniswap_v3_0.05_ethusdt,100k+,0x11b815efb8f581194ae79006d24e0d814b7697f6,14,2096979.8015074236,921.958095376473,11315058.0,0.05%,2274.484938115481
2026-04-27 00:00:00,uniswap_v3_0.05_ethusdt,10k-100k,0x11b815efb8f581194ae79006d24e0d814b7697f6,2423,45928519.01395613,20090.753269969155,11315058.0,0.05%,2286.052613199338
2026-04-27 00:00:00,uniswap_v3_0.05_ethusdt,1k-10k,0x11b815efb8f581194ae79006d24e0d814b7697f6,6619,30837692.016867053,13429.894131391029,11315058.0,0.05%,2296.1977000836546
2026-04-27 00:00:00,uniswap_v3_0.3_ethusdc,0.5k-1k,0x8ad599c3a0ff1de082011efddc58f1908eb6e6d8,108,80167.73224131826,34.86779497662707,25332028.14285714,0.3%,2299.1913396031237
2026-04-27 00:00:00,uniswap_v3_0.3_ethusdc,100k+,0x8ad599c3a0ff1de082011efddc58f1908eb6e6d8,12,1506211.5313084747,655.4083466597674,25332028.14285714,0.3%,2298.126868516022
2026-04-27 00:00:00,uniswap_v3_0.3_ethusdc,10k-100k,0x8ad599c3a0ff1de082011efddc58f1908eb6e6d8,589,15297054.094754482,6667.858165944158,25332028.14285714,0.3%,2294.14809284391
2026-04-27 00:00:00,uniswap_v3_0.3_ethusdc,1k-10k,0x8ad599c3a0ff1de082011efddc58f1908eb6e6d8,560,2802660.676609374,1220.8863320774394,25332028.14285714,0.3%,2295.5950959336355
2026-04-27 00:00:00,uniswap_v3_0.3_ethusdt,0.5k-1k,0x4e68ccd3e89f51c3074ca5072bbac773960dfa36,418,335199.90226759756,146.75415776222766,78508530.85714285,0.3%,2284.091349634477
2026-04-27 00:00:00,uniswap_v3_0.3_ethusdt,100k+,0x4e68ccd3e89f51c3074ca5072bbac773960dfa36,250,56854225.20750312,24828.52945650376,78508530.85714285,0.3%,2289.8748517146
2026-04-27 00:00:00,uniswap_v3_0.3_ethusdt,10k-100k,0x4e68ccd3e89f51c3074ca5072bbac773960dfa36,908,38498609.04273484,16775.375930114613,78508530.85714285,0.3%,2294.947618647602
2026-04-27 00:00:00,uniswap_v3_0.3_ethusdt,1k-10k,0x4e68ccd3e89f51c3074ca5072bbac773960dfa36,621,2040185.3973862696,889.8928867921305,78508530.85714285,0.3%,2292.6190642344523
2026-04-27 00:00:00,uniswap_v3_1.0_ethusdc,0.5k-1k,0x7bea39867e4169dbe237d55c8242a8f2fcdcc387,45,32359.2383327106,14.092069751630957,493483.0,1%,2296.272932438862
2026-04-27 00:00:00,uniswap_v3_1.0_ethusdc,1k-10k,0x7bea39867e4169dbe237d55c8242a8f2fcdcc387,9,13076.92356886157,5.681161333350079,493483.0,1%,2301.804649006569
2026-05-04 00:00:00,curve_usdcwbtcweth,0.5k-1k,0x7f86bf177dd4f3494b841a37e810a34dd56c829b,1417,1085682.6992046228,330.7445269355957,292446.0,,3282.541692416373
2026-05-04 00:00:00,curve_usdcwbtcweth,10k-100k,0x7f86bf177dd4f3494b841a37e810a34dd56c829b,41,564400.2664438467,188.99817378083708,292446.0,,2986.2736509736183
2026-05-04 00:00:00,curve_usdcwbtcweth,1k-10k,0x7f86bf177dd4f3494b841a37e810a34dd56c829b,2708,6031417.032052703,1776.4976324806335,292446.0,,3395.1168421376747
2026-05-04 00:00:00,curve_usdt,0.5k-1k,0xf5f5b97624542d72a9e06f04804bf81baa15e2b4,156,122888.71259543311,38.80597152997088,15580976.714285715,,3166.7474811324564
2026-05-04 00:00:00,curve_usdt,10k-100k,0xf5f5b97624542d72a9e06f04804bf81baa15e2b4,122,2200396.0598613666,723.0025801601641,15580976.714285715,,3043.41384144704
2026-05-04 00:00:00,curve_usdt,1k-10k,0xf5f5b97624542d72a9e06f04804bf81baa15e2b4,1080,3501119.426386944,993.8717943300115,15580976.714285715,,3522.7073012441383
2026-05-04 00:00:00,curve_usdtwbtcweth,0.5k-1k,0xd51a44d3fae010294c616388b506acda1bfaae46,788,617394.6389269364,201.38039736155181,11812215.42857143,,3065.8129937964427
2026-05-04 00:00:00,curve_usdtwbtcweth,10k-100k,0xd51a44d3fae010294c616388b506acda1bfaae46,105,1438581.023357196,497.767192982903,11812215.42857143,,2890.0679748225343
2026-05-04 00:00:00,curve_usdtwbtcweth,1k-10k,0xd51a44d3fae010294c616388b506acda1bfaae46,3189,7954792.989032203,2454.744587813521,11812215.42857143,,3240.5786852625924
2026-05-04 00:00:00,sushiv2_ethusdt,0.5k-1k,0x06da0fd433c1a5d7a4faa01111c044910a184553,14,8529.803982210122,3.6626682221667153,603578.2857142857,,2328.84975237101
2026-05-04 00:00:00,sushiv2_ethusdt,1k-10k,0x06da0fd433c1a5d7a4faa01111c044910a184553,1,1001.73818842405,0.42510814196621227,603578.2857142857,,2356.43143363664
2026-05-04 00:00:00,sushiv2_usdceth,0.5k-1k,0x397ff1542f962076d0bfe58ea045ffa2d347aca0,3,2401.9431135812147,1.0417952284281924,271530.0,,2305.580835885709
2026-05-04 00:00:00,uniswap_v3_0.01_ethusdc,0.5k-1k,0xe0554a476a092703abdb3ef35c80e0d76d32939f,12954,9311573.984236421,3985.246845230044,7271399.571428572,0.01%,2336.511223986408
2026-05-04 00:00:00,uniswap_v3_0.01_ethusdc,100k+,0xe0554a476a092703abdb3ef35c80e0d76d32939f,355,128785505.53209026,54518.46508826304,7271399.571428572,0.01%,2362.2364518808827
2026-05-04 00:00:00,uniswap_v3_0.01_ethusdc,10k-100k,0xe0554a476a092703abdb3ef35c80e0d76d32939f,8670,163881666.8569685,70111.11976779815,7271399.571428572,0.01%,2337.4561324898264
2026-05-04 00:00:00,uniswap_v3_0.01_ethusdc,1k-10k,0xe0554a476a092703abdb3ef35c80e0d76d32939f,39088,149122884.5758065,63698.996488328696,7271399.571428572,0.01%,2341.0554764882313
2026-05-04 00:00:00,uniswap_v3_0.01_ethusdt,0.5k-1k,0xc7bbec68d12a0d1830360f8ec58fa599ba1b0e9b,9819,7111989.598402502,3040.9173487674857,6692476.142857143,0.01%,2338.7645183073005
2026-05-04 00:00:00,uniswap_v3_0.01_ethusdt,100k+,0xc7bbec68d12a0d1830360f8ec58fa599ba1b0e9b,223,62266095.6510628,26569.07703288337,6692476.142857143,0.01%,2343.5550875176737
2026-05-04 00:00:00,uniswap_v3_0.01_ethusdt,10k-100k,0xc7bbec68d12a0d1830360f8ec58fa599ba1b0e9b,1793,43039959.7508014,18402.89979358277,6692476.142857143,0.01%,2338.7596647029377
2026-05-04 00:00:00,uniswap_v3_0.01_ethusdt,1k-10k,0xc7bbec68d12a0d1830360f8ec58fa599ba1b0e9b,31087,93344806.93415894,39907.33643722203,6692476.142857143,0.01%,2339.038764989967
2026-05-04 00:00:00,uniswap_v3_0.05_ethusdc,0.5k-1k,0x88e6a0c2ddd26feeb64f039a2c41296fcb3f5640,2908,2091969.9844411456,897.5141764087592,102658043.71428572,0.05%,2330.848959747673
2026-05-04 00:00:00,uniswap_v3_0.05_ethusdc,100k+,0x88e6a0c2ddd26feeb64f039a2c41296fcb3f5640,382,62902195.26843488,26844.478039123405,102658043.71428572,0.05%,2343.2079840315987
2026-05-04 00:00:00,uniswap_v3_0.05_ethusdc,10k-100k,0x88e6a0c2ddd26feeb64f039a2c41296fcb3f5640,7022,203397374.2665178,86782.23812755093,102658043.71428572,0.05%,2343.7673267606683
2026-05-04 00:00:00,uniswap_v3_0.05_ethusdc,1k-10k,0x88e6a0c2ddd26feeb64f039a2c41296fcb3f5640,8162,32142386.864812262,13745.145475506042,102658043.71428572,0.05%,2338.4537415111577
2026-05-04 00:00:00,uniswap_v3_0.05_ethusdt,0.5k-1k,0x11b815efb8f581194ae79006d24e0d814b7697f6,1644,1248495.352110427,533.763999797215,11156069.42857143,0.05%,2339.040011287291
2026-05-04 00:00:00,uniswap_v3_0.05_ethusdt,100k+,0x11b815efb8f581194ae79006d24e0d814b7697f6,17,2562132.45016532,1094.3559340648549,11156069.42857143,0.05%,2341.2240665142504
2026-05-04 00:00:00,uniswap_v3_0.05_ethusdt,10k-100k,0x11b815efb8f581194ae79006d24e0d814b7697f6,2376,45708594.20712373,19530.213727347837,11156069.42857143,0.05%,2340.4041986042753
2026-05-04 00:00:00,uniswap_v3_0.05_ethusdt,1k-10k,0x11b815efb8f581194ae79006d24e0d814b7697f6,8884,38220786.383337155,16331.728328549063,11156069.42857143,0.05%,2340.27811474946
2026-05-04 00:00:00,uniswap_v3_0.3_ethusdc,0.5k-1k,0x8ad599c3a0ff1de082011efddc58f1908eb6e6d8,106,83082.06257159606,35.84883060623222,25925323.85714286,0.3%,2317.566882004583
2026-05-04 00:00:00,uniswap_v3_0.3_ethusdc,100k+,0x8ad599c3a0ff1de082011efddc58f1908eb6e6d8,11,1526531.7723268033,650.86746729428,25925323.85714286,0.3%,2345.380356269374
2026-05-04 00:00:00,uniswap_v3_0.3_ethusdc,10k-100k,0x8ad599c3a0ff1de082011efddc58f1908eb6e6d8,607,15640069.335312778,6677.0592170626305,25925323.85714286,0.3%,2342.358937800937
2026-05-04 00:00:00,uniswap_v3_0.3_ethusdc,1k-10k,0x8ad599c3a0ff1de082011efddc58f1908eb6e6d8,724,3484623.0222709663,1488.008818647305,25925323.85714286,0.3%,2341.80266850751
2026-05-04 00:00:00,uniswap_v3_0.3_ethusdt,0.5k-1k,0x4e68ccd3e89f51c3074ca5072bbac773960dfa36,622,448380.6119583411,192.44306468503518,84988547.71428572,0.3%,2329.939053362042
2026-05-04 00:00:00,uniswap_v3_0.3_ethusdt,100k+,0x4e68ccd3e89f51c3074ca5072bbac773960dfa36,333,73625975.32980566,31460.102845727102,84988547.71428572,0.3%,2340.2967145673365
2026-05-04 00:00:00,uniswap_v3_0.3_ethusdt,10k-100k,0x4e68ccd3e89f51c3074ca5072bbac773960dfa36,959,39314951.76192655,16798.543537782127,84988547.71428572,0.3%,2340.3785973172057
2026-05-04 00:00:00,uniswap_v3_0.3_ethusdt,1k-10k,0x4e68ccd3e89f51c3074ca5072bbac773960dfa36,1444,4520695.651366274,1941.74961898139,84988547.71428572,0.3%,2328.1558071002773
2026-05-04 00:00:00,uniswap_v3_1.0_ethusdc,0.5k-1k,0x7bea39867e4169dbe237d55c8242a8f2fcdcc387,35,23773.23933468374,10.15838156858375,583226.2,1%,2340.2585514414905
2026-05-04 00:00:00,uniswap_v3_1.0_ethusdc,1k-10k,0x7bea39867e4169dbe237d55c8242a8f2fcdcc387,7,8464.395681782811,3.6210703672620412,583226.2,1%,2337.5396839313285
2026-05-11 00:00:00,curve_usdcwbtcweth,0.5k-1k,0x7f86bf177dd4f3494b841a37e810a34dd56c829b,1236,908754.2286823859,283.1267145902747,287773.85714285716,,3209.7085221982134
2026-05-11 00:00:00,curve_usdcwbtcweth,10k-100k,0x7f86bf177dd4f3494b841a37e810a34dd56c829b,15,203062.39666133586,80.2846105445793,287773.85714285716,,2529.2817052227247
2026-05-11 00:00:00,curve_usdcwbtcweth,1k-10k,0x7f86bf177dd4f3494b841a37e810a34dd56c829b,1457,2843445.2297719847,848.5526606363303,287773.85714285716,,3350.9354948456385
2026-05-11 00:00:00,curve_usdt,0.5k-1k,0xf5f5b97624542d72a9e06f04804bf81baa15e2b4,106,83126.75153049838,24.031310934714103,14429673.857142856,,3459.101825794229
2026-05-11 00:00:00,curve_usdt,10k-100k,0xf5f5b97624542d72a9e06f04804bf81baa15e2b4,50,904278.5320387544,283.56100858454914,14429673.857142856,,3189.0087306172295
2026-05-11 00:00:00,curve_usdt,1k-10k,0xf5f5b97624542d72a9e06f04804bf81baa15e2b4,575,1743562.4015186618,516.1007504507305,14429673.857142856,,3378.3372723173566
2026-05-11 00:00:00,curve_usdtwbtcweth,0.5k-1k,0xd51a44d3fae010294c616388b506acda1bfaae46,811,637569.9958129119,229.08084861278064,11618351.857142856,,2783.165854648145
2026-05-11 00:00:00,curve_usdtwbtcweth,10k-100k,0xd51a44d3fae010294c616388b506acda1bfaae46,24,390915.90634263324,112.88197865381242,11618351.857142856,,3463.0497357022596
2026-05-11 00:00:00,curve_usdtwbtcweth,1k-10k,0xd51a44d3fae010294c616388b506acda1bfaae46,1979,4235087.791448432,1288.4599159008703,11618351.857142856,,3286.9379475319784
2026-05-11 00:00:00,sushiv2_ethusdt,0.5k-1k,0x06da0fd433c1a5d7a4faa01111c044910a184553,7,4417.360213221964,1.9632933793919285,592058.1428571428,,2249.9745884082336
2026-05-11 00:00:00,sushiv2_ethusdt,1k-10k,0x06da0fd433c1a5d7a4faa01111c044910a184553,5,8246.204964098433,3.831640518672079,592058.1428571428,,2152.1342944134794
2026-05-11 00:00:00,sushiv2_usdceth,0.5k-1k,0x397ff1542f962076d0bfe58ea045ffa2d347aca0,4,2248.6722986697237,1.0159952093671405,266356.71428571426,,2213.270572476826
2026-05-11 00:00:00,sushiv2_usdceth,1k-10k,0x397ff1542f962076d0bfe58ea045ffa2d347aca0,1,1302.394381433082,0.6152064094905284,266356.71428571426,,2117.0039215157644
2026-05-11 00:00:00,uniswap_v3_0.01_ethusdc,0.5k-1k,0xe0554a476a092703abdb3ef35c80e0d76d32939f,9206,6727974.764270011,2969.727340115283,6067386.571428572,0.01%,2265.5193537090295
2026-05-11 00:00:00,uniswap_v3_0.01_ethusdc,100k+,0xe0554a476a092703abdb3ef35c80e0d76d32939f,266,100501303.85913365,44220.4166356811,6067386.571428572,0.01%,2272.7353450134606
2026-05-11 00:00:00,uniswap_v3_0.01_ethusdc,10k-100k,0xe0554a476a092703abdb3ef35c80e0d76d32939f,5635,103256379.7735939,45391.2773866769,6067386.571428572,0.01%,2274.80665269626
2026-05-11 00:00:00,uniswap_v3_0.01_ethusdc,1k-10k,0xe0554a476a092703abdb3ef35c80e0d76d32939f,31877,119110670.53325044,52617.945747872946,6067386.571428572,0.01%,2263.6891053099584
2026-05-11 00:00:00,uniswap_v3_0.01_ethusdt,0.5k-1k,0xc7bbec68d12a0d1830360f8ec58fa599ba1b0e9b,7312,5405206.949839613,2393.6888748376023,6389803.714285715,0.01%,2258.107562206189
2026-05-11 00:00:00,uniswap_v3_0.01_ethusdt,100k+,0xc7bbec68d12a0d1830360f8ec58fa599ba1b0e9b,167,52296177.65084221,22981.608996866995,6389803.714285715,0.01%,2275.5664173892947
2026-05-11 00:00:00,uniswap_v3_0.01_ethusdt,10k-100k,0xc7bbec68d12a0d1830360f8ec58fa599ba1b0e9b,2887,55701553.33796144,24269.10157897429,6389803.714285715,0.01%,2295.1633852906566
2026-05-11 00:00:00,uniswap_v3_0.01_ethusdt,1k-10k,0xc7bbec68d12a0d1830360f8ec58fa599ba1b0e9b,24500,80388312.41866276,35337.94103884815,6389803.714285715,0.01%,2274.8442624398876
2026-05-11 00:00:00,uniswap_v3_0.05_ethusdc,0.5k-1k,0x88e6a0c2ddd26feeb64f039a2c41296fcb3f5640,1617,1170128.1163770694,515.8008305796626,102122841.28571428,0.05%,2268.5657854836463
2026-05-11 00:00:00,uniswap_v3_0.05_ethusdc,100k+,0x88e6a0c2ddd26feeb64f039a2c41296fcb3f5640,563,122211562.35199477,55429.32355317471,102122841.28571428,0.05%,2204.817856648642
2026-05-11 00:00:00,uniswap_v3_0.05_ethusdc,10k-100k,0x88e6a0c2ddd26feeb64f039a2c41296fcb3f5640,6664,209492211.07999396,93043.24153519912,102122841.28571428,0.05%,2251.5575298474646
2026-05-11 00:00:00,uniswap_v3_0.05_ethusdc,1k-10k,0x88e6a0c2ddd26feeb64f039a2c41296fcb3f5640,6144,25419210.877009004,11216.143277506128,102122841.28571428,0.05%,2266.305827956656
2026-05-11 00:00:00,uniswap_v3_0.05_ethusdt,0.5k-1k,0x11b815efb8f581194ae79006d24e0d814b7697f6,715,525020.6568784573,232.24258006876883,11223984.857142856,0.05%,2260.6563220361854
2026-05-11 00:00:00,uniswap_v3_0.05_ethusdt,100k+,0x11b815efb8f581194ae79006d24e0d814b7697f6,16,3080241.803984702,1386.3182511313971,11223984.857142856,0.05%,2221.8864979025316
2026-05-11 00:00:00,uniswap_v3_0.05_ethusdt,10k-100k,0x11b815efb8f581194ae79006d24e0d814b7697f6,2515,46907160.654970534,20724.925493091163,11223984.857142856,0.05%,2263.3210754174943
2026-05-11 00:00:00,uniswap_v3_0.05_ethusdt,1k-10k,0x11b815efb8f581194ae79006d24e0d814b7697f6,6806,31191802.21730963,13810.794668589819,11223984.857142856,0.05%,2258.5088668539693
2026-05-11 00:00:00,uniswap_v3_0.3_ethusdc,0.5k-1k,0x8ad599c3a0ff1de082011efddc58f1908eb6e6d8,76,62556.59843490356,27.520677467415094,25018468.714285713,0.3%,2273.076253626806
2026-05-11 00:00:00,uniswap_v3_0.3_ethusdc,100k+,0x8ad599c3a0ff1de082011efddc58f1908eb6e6d8,13,2137541.0807864494,968.6975152636131,25018468.714285713,0.3%,2206.6135683281454
2026-05-11 00:00:00,uniswap_v3_0.3_ethusdc,10k-100k,0x8ad599c3a0ff1de082011efddc58f1908eb6e6d8,548,12858490.421284636,5670.146568453705,25018468.714285713,0.3%,2267.7527407887183
2026-05-11 00:00:00,uniswap_v3_0.3_ethusdc,1k-10k,0x8ad599c3a0ff1de082011efddc58f1908eb6e6d8,602,3066957.2843064354,1351.126898584118,25018468.714285713,0.3%,2269.925413756755
2026-05-11 00:00:00,uniswap_v3_0.3_ethusdt,0.5k-1k,0x4e68ccd3e89f51c3074ca5072bbac773960dfa36,250,189969.9500480734,84.03648806422237,87941259.71428572,0.3%,2260.565076242769
2026-05-11 00:00:00,uniswap_v3_0.3_ethusdt,100k+,0x4e68ccd3e89f51c3074ca5072bbac773960dfa36,351,76045558.28244285,33758.36277406553,87941259.71428572,0.3%,2252.643553580862
2026-05-11 00:00:00,uniswap_v3_0.3_ethusdt,10k-100k,0x4e68ccd3e89f51c3074ca5072bbac773960dfa36,895,38190314.917596325,16833.515146518264,87941259.71428572,0.3%,2268.7070754497386
2026-05-11 00:00:00,uniswap_v3_0.3_ethusdt,1k-10k,0x4e68ccd3e89f51c3074ca5072bbac773960dfa36,538,1926572.5075337118,856.0406400688597,87941259.71428572,0.3%,2250.561967920984
2026-05-11 00:00:00,uniswap_v3_1.0_ethusdc,0.5k-1k,0x7bea39867e4169dbe237d55c8242a8f2fcdcc387,24,16086.34443816319,7.098968092131435,501077.71428571426,1%,2266.011655411362
2026-05-11 00:00:00,uniswap_v3_1.0_ethusdc,1k-10k,0x7bea39867e4169dbe237d55c8242a8f2fcdcc387,9,19000.314582960775,8.685451203010947,501077.71428571426,1%,2187.60247900236
2026-05-18 00:00:00,curve_usdcwbtcweth,0.5k-1k,0x7f86bf177dd4f3494b841a37e810a34dd56c829b,2663,1952165.8848179432,652.2287663142608,278370.4285714286,,2993.0692812732195
2026-05-18 00:00:00,curve_usdcwbtcweth,10k-100k,0x7f86bf177dd4f3494b841a37e810a34dd56c829b,48,674433.4473412042,234.98269028777688,278370.4285714286,,2870.1409730020705
2026-05-18 00:00:00,curve_usdcwbtcweth,1k-10k,0x7f86bf177dd4f3494b841a37e810a34dd56c829b,3638,8206832.844234346,2609.585685540164,278370.4285714286,,3144.879621967882
2026-05-18 00:00:00,curve_usdt,0.5k-1k,0xf5f5b97624542d72a9e06f04804bf81baa15e2b4,185,143653.7368845828,51.00438631921556,13682546.714285715,,2816.497702482153
2026-05-18 00:00:00,curve_usdt,10k-100k,0xf5f5b97624542d72a9e06f04804bf81baa15e2b4,50,825379.7155592818,281.29820168336755,13682546.714285715,,2934.18056219335
2026-05-18 00:00:00,curve_usdt,1k-10k,0xf5f5b97624542d72a9e06f04804bf81baa15e2b4,611,1674173.8763606558,660.13351786039,13682546.714285715,,2536.114030063116
2026-05-18 00:00:00,curve_usdtwbtcweth,0.5k-1k,0xd51a44d3fae010294c616388b506acda1bfaae46,1524,1176686.5790326209,444.6335702319396,11239924.142857144,,2646.418664292063
2026-05-18 00:00:00,curve_usdtwbtcweth,10k-100k,0xd51a44d3fae010294c616388b506acda1bfaae46,126,1917373.202060262,725.1066150060332,11239924.142857144,,2644.263839800039
2026-05-18 00:00:00,curve_usdtwbtcweth,1k-10k,0xd51a44d3fae010294c616388b506acda1bfaae46,4320,10899239.68625487,3803.6543070509556,11239924.142857144,,2865.465367357544
2026-05-18 00:00:00,sushiv2_ethusdt,0.5k-1k,0x06da0fd433c1a5d7a4faa01111c044910a184553,17,10884.882876720238,5.202961817099776,572974.7142857143,,2092.0551138673677
2026-05-18 00:00:00,sushiv2_ethusdt,1k-10k,0x06da0fd433c1a5d7a4faa01111c044910a184553,4,9001.887859829592,4.247143659117295,572974.7142857143,,2119.5157457189707
2026-05-18 00:00:00,sushiv2_usdceth,0.5k-1k,0x397ff1542f962076d0bfe58ea045ffa2d347aca0,2,1119.2821494535904,0.5382421035534644,257812.85714285713,,2079.5142967525403
2026-05-18 00:00:00,uniswap_v3_0.01_ethusdc,0.5k-1k,0xe0554a476a092703abdb3ef35c80e0d76d32939f,10685,7914936.363151634,3752.730623934781,5133411.0,0.01%,2109.1139109933592
2026-05-18 00:00:00,uniswap_v3_0.01_ethusdc,100k+,0xe0554a476a092703abdb3ef35c80e0d76d32939f,171,52641110.460161515,25121.777779510714,5133411.0,0.01%,2095.4373102963887
2026-05-18 00:00:00,uniswap_v3_0.01_ethusdc,10k-100k,0xe0554a476a092703abdb3ef35c80e0d76d32939f,1749,35538402.03529935,16849.726501099893,5133411.0,0.01%,2109.1382125982595
2026-05-18 00:00:00,uniswap_v3_0.01_ethusdc,1k-10k,0xe0554a476a092703abdb3ef35c80e0d76d32939f,36267,110770372.04951744,52469.2898853939,5133411.0,0.01%,2111.1467735025144
2026-05-18 00:00:00,uniswap_v3_0.01_ethusdt,0.5k-1k,0xc7bbec68d12a0d1830360f8ec58fa599ba1b0e9b,10083,7517471.420375564,3564.338408822834,5876358.285714285,0.01%,2109.079037435814
2026-05-18 00:00:00,uniswap_v3_0.01_ethusdt,100k+,0xc7bbec68d12a0d1830360f8ec58fa599ba1b0e9b,138,41109064.47213185,19369.94254844617,5876358.285714285,0.01%,2122.3121529304462
2026-05-18 00:00:00,uniswap_v3_0.01_ethusdt,10k-100k,0xc7bbec68d12a0d1830360f8ec58fa599ba1b0e9b,2034,42131898.97599857,19975.304502423525,5876358.285714285,0.01%,2109.199335153408
2026-05-18 00:00:00,uniswap_v3_0.01_ethusdt,1k-10k,0xc7bbec68d12a0d1830360f8ec58fa599ba1b0e9b,32914,93831651.28716452,44457.32162939728,5876358.285714285,0.01%,2110.6006355794184
2026-05-18 00:00:00,uniswap_v3_0.05_ethusdc,0.5k-1k,0x88e6a0c2ddd26feeb64f039a2c41296fcb3f5640,1491,1094046.5916379245,518.6849285063616,100109927.14285715,0.05%,2109.270062633999
2026-05-18 00:00:00,uniswap_v3_0.05_ethusdc,100k+,0x88e6a0c2ddd26feeb64f039a2c41296fcb3f5640,2292,481840047.3401748,228888.11088986887,100109927.14285715,0.05%,2105.133575819565
2026-05-18 00:00:00,uniswap_v3_0.05_ethusdc,10k-100k,0x88e6a0c2ddd26feeb64f039a2c41296fcb3f5640,8290,340694568.8273773,161418.67036695348,100109927.14285715,0.05%,2110.6267822233667
2026-05-18 00:00:00,uniswap_v3_0.05_ethusdc,1k-10k,0x88e6a0c2ddd26feeb64f039a2c41296fcb3f5640,5994,23042862.12015823,10929.598829960787,100109927.14285715,0.05%,2108.2989850452636
2026-05-18 00:00:00,uniswap_v3_0.05_ethusdt,0.5k-1k,0x11b815efb8f581194ae79006d24e0d814b7697f6,1123,815098.3838901223,387.13597630630665,11964076.714285715,0.05%,2105.457600884932
2026-05-18 00:00:00,uniswap_v3_0.05_ethusdt,100k+,0x11b815efb8f581194ae79006d24e0d814b7697f6,41,7100814.55205577,3412.253787288245,11964076.714285715,0.05%,2080.97492000994
2026-05-18 00:00:00,uniswap_v3_0.05_ethusdt,10k-100k,0x11b815efb8f581194ae79006d24e0d814b7697f6,3175,56992300.15239025,27109.438317041808,11964076.714285715,0.05%,2102.304720808737
2026-05-18 00:00:00,uniswap_v3_0.05_ethusdt,1k-10k,0x11b815efb8f581194ae79006d24e0d814b7697f6,10525,44049094.54957212,20865.179675161235,11964076.714285715,0.05%,2111.12941442867
2026-05-18 00:00:00,uniswap_v3_0.3_ethusdc,0.5k-1k,0x8ad599c3a0ff1de082011efddc58f1908eb6e6d8,36,25470.562993519554,12.040004307841713,23929738.714285713,0.3%,2115.4945083309026
2026-05-18 00:00:00,uniswap_v3_0.3_ethusdc,100k+,0x8ad599c3a0ff1de082011efddc58f1908eb6e6d8,9,1351117.0853522967,648.2118929367405,23929738.714285713,0.3%,2084.3756494979234
2026-05-18 00:00:00,uniswap_v3_0.3_ethusdc,10k-100k,0x8ad599c3a0ff1de082011efddc58f1908eb6e6d8,431,10638868.80670144,5045.731778677395,23929738.714285713,0.3%,2108.4887729585457
2026-05-18 00:00:00,uniswap_v3_0.3_ethusdc,1k-10k,0x8ad599c3a0ff1de082011efddc58f1908eb6e6d8,685,3286390.1461680736,1556.796535418564,23929738.714285713,0.3%,2110.9952851253533
2026-05-18 00:00:00,uniswap_v3_0.3_ethusdt,0.5k-1k,0x4e68ccd3e89f51c3074ca5072bbac773960dfa36,193,142925.49396993348,67.7955756821205,89118661.42857143,0.3%,2108.1832041678017
2026-05-18 00:00:00,uniswap_v3_0.3_ethusdt,100k+,0x4e68ccd3e89f51c3074ca5072bbac773960dfa36,346,85206600.82755028,40571.81386965547,89118661.42857143,0.3%,2100.1427518447267
2026-05-18 00:00:00,uniswap_v3_0.3_ethusdt,10k-100k,0x4e68ccd3e89f51c3074ca5072bbac773960dfa36,834,35140813.96998437,16644.523287395346,89118661.42857143,0.3%,2111.2538558912042
2026-05-18 00:00:00,uniswap_v3_0.3_ethusdt,1k-10k,0x4e68ccd3e89f51c3074ca5072bbac773960dfa36,587,2488693.8059085365,1182.1587149189725,89118661.42857143,0.3%,2105.211233061135
2026-05-18 00:00:00,uniswap_v3_1.0_ethusdc,0.5k-1k,0x7bea39867e4169dbe237d55c8242a8f2fcdcc387,34,22820.961418769424,10.885946632112535,468027.5833333333,1%,2096.369033396664
2026-05-18 00:00:00,uniswap_v3_1.0_ethusdc,1k-10k,0x7bea39867e4169dbe237d55c8242a8f2fcdcc387,17,27407.12529108178,13.183870921084756,468027.5833333333,1%,2078.8375019092455
2026-05-25 00:00:00,curve_usdcwbtcweth,0.5k-1k,0x7f86bf177dd4f3494b841a37e810a34dd56c829b,2105,1551448.7796431063,585.5549445323039,272640.71428571426,,2649.5357850359946
2026-05-25 00:00:00,curve_usdcwbtcweth,10k-100k,0x7f86bf177dd4f3494b841a37e810a34dd56c829b,23,418439.6492254111,145.8175102806131,272640.71428571426,,2869.611807389664
2026-05-25 00:00:00,curve_usdcwbtcweth,1k-10k,0x7f86bf177dd4f3494b841a37e810a34dd56c829b,3010,6470097.125185997,2266.972764427178,272640.71428571426,,2854.0691916168084
2026-05-25 00:00:00,curve_usdt,0.5k-1k,0xf5f5b97624542d72a9e06f04804bf81baa15e2b4,113,86356.04053207279,28.252263375350406,13281355.42857143,,3056.606098590207
2026-05-25 00:00:00,curve_usdt,10k-100k,0xf5f5b97624542d72a9e06f04804bf81baa15e2b4,16,262234.689941109,110.47898883001602,13281355.42857143,,2373.6159492243874
2026-05-25 00:00:00,curve_usdt,1k-10k,0xf5f5b97624542d72a9e06f04804bf81baa15e2b4,365,946590.4710427232,332.28446082376814,13281355.42857143,,2848.735293537428
2026-05-25 00:00:00,curve_usdtwbtcweth,0.5k-1k,0xd51a44d3fae010294c616388b506acda1bfaae46,1267,967123.9535769563,384.50902236008795,10841647.857142856,,2515.217842329995
2026-05-25 00:00:00,curve_usdtwbtcweth,100k+,0xd51a44d3fae010294c616388b506acda1bfaae46,2,211328.39111258445,104.7508009557501,10841647.857142856,,2017.4393816984364
2026-05-25 00:00:00,curve_usdtwbtcweth,10k-100k,0xd51a44d3fae010294c616388b506acda1bfaae46,61,880222.7691457709,359.0744938677869,10841647.857142856,,2451.365341114631
2026-05-25 00:00:00,curve_usdtwbtcweth,1k-10k,0xd51a44d3fae010294c616388b506acda1bfaae46,3186,7391774.03380619,2652.504910062147,10841647.857142856,,2786.7145526350805
2026-05-25 00:00:00,sushiv2_ethusdt,0.5k-1k,0x06da0fd433c1a5d7a4faa01111c044910a184553,4,2244.1780486815833,1.110162741159371,563008.5714285715,,2021.48564843559
2026-05-25 00:00:00,sushiv2_ethusdt,1k-10k,0x06da0fd433c1a5d7a4faa01111c044910a184553,4,10374.769591246062,4.987584761070781,563008.5714285715,,2080.1189530097754
2026-05-25 00:00:00,sushiv2_usdceth,0.5k-1k,0x397ff1542f962076d0bfe58ea045ffa2d347aca0,2,1255.019403167632,0.6232259157280533,253321.7142857143,,2013.7471364641772
2026-05-25 00:00:00,uniswap_v3_0.01_ethusdc,0.5k-1k,0xe0554a476a092703abdb3ef35c80e0d76d32939f,11876,8714844.31841752,4256.06945027197,4837124.0,0.01%,2047.627375502678
2026-05-25 00:00:00,uniswap_v3_0.01_ethusdc,100k+,0xe0554a476a092703abdb3ef35c80e0d76d32939f,158,54542753.06291811,26554.9518872764,4837124.0,0.01%,2053.9578943485812
2026-05-25 00:00:00,uniswap_v3_0.01_ethusdc,10k-100k,0xe0554a476a092703abdb3ef35c80e0d76d32939f,1706,31371460.20191648,15331.969229394208,4837124.0,0.01%,2046.146827752016
2026-05-25 00:00:00,uniswap_v3_0.01_ethusdc,1k-10k,0xe0554a476a092703abdb3ef35c80e0d76d32939f,41491,128103543.15502045,62631.981320626226,4837124.0,0.01%,2045.337548867113
2026-05-25 00:00:00,uniswap_v3_0.01_ethusdt,0.5k-1k,0xc7bbec68d12a0d1830360f8ec58fa599ba1b0e9b,10410,7780134.986218754,3796.9071615991306,5196579.714285715,0.01%,2049.0716931150932
2026-05-25 00:00:00,uniswap_v3_0.01_ethusdt,100k+,0xc7bbec68d12a0d1830360f8ec58fa599ba1b0e9b,99,34609712.16042718,17012.923366430885,5196579.714285715,0.01%,2034.318935963555
2026-05-25 00:00:00,uniswap_v3_0.01_ethusdt,10k-100k,0xc7bbec68d12a0d1830360f8ec58fa599ba1b0e9b,856,21058176.62297754,10362.497124377924,5196579.714285715,0.01%,2032.1527108980206
2026-05-25 00:00:00,uniswap_v3_0.01_ethusdt,1k-10k,0xc7bbec68d12a0d1830360f8ec58fa599ba1b0e9b,34315,95484513.12535326,46750.1410154499,5196579.714285715,0.01%,2042.4433178457732
2026-05-25 00:00:00,uniswap_v3_0.05_ethusdc,0.5k-1k,0x88e6a0c2ddd26feeb64f039a2c41296fcb3f5640,1650,1212461.7080876478,594.135256750611,98506091.28571428,0.05%,2040.716645429746
2026-05-25 00:00:00,uniswap_v3_0.05_ethusdc,100k+,0x88e6a0c2ddd26feeb64f039a2c41296fcb3f5640,2285,458969272.79927444,225436.97685405874,98506091.28571428,0.05%,2035.9094555122501
2026-05-25 00:00:00,uniswap_v3_0.05_ethusdc,10k-100k,0x88e6a0c2ddd26feeb64f039a2c41296fcb3f5640,8044,326892382.9397161,160146.3946428731,98506091.28571428,0.05%,2041.2097547914643
2026-05-25 00:00:00,uniswap_v3_0.05_ethusdc,1k-10k,0x88e6a0c2ddd26feeb64f039a2c41296fcb3f5640,7321,28525437.223820265,13971.518770391021,98506091.28571428,0.05%,2041.6847797730097
2026-05-25 00:00:00,uniswap_v3_0.05_ethusdt,0.5k-1k,0x11b815efb8f581194ae79006d24e0d814b7697f6,1130,832553.0575631744,407.4253845414595,11528910.0,0.05%,2043.449154500225
2026-05-25 00:00:00,uniswap_v3_0.05_ethusdt,100k+,0x11b815efb8f581194ae79006d24e0d814b7697f6,25,4155434.172461984,2060.1168731868556,11528910.0,0.05%,2017.086616078155
2026-05-25 00:00:00,uniswap_v3_0.05_ethusdt,10k-100k,0x11b815efb8f581194ae79006d24e0d814b7697f6,2650,49380972.97449733,24058.163789459577,11528910.0,0.05%,2052.566164510537
2026-05-25 00:00:00,uniswap_v3_0.05_ethusdt,1k-10k,0x11b815efb8f581194ae79006d24e0d814b7697f6,8684,36018370.40019481,17623.81702622151,11528910.0,0.05%,2043.7326571539554
2026-05-25 00:00:00,uniswap_v3_0.3_ethusdc,0.5k-1k,0x8ad599c3a0ff1de082011efddc58f1908eb6e6d8,57,44916.39786379103,21.886284659692155,23372331.714285713,0.3%,2052.262344303385
2026-05-25 00:00:00,uniswap_v3_0.3_ethusdc,100k+,0x8ad599c3a0ff1de082011efddc58f1908eb6e6d8,3,546127.5884066379,270.08437408842775,23372331.714285713,0.3%,2022.062884052046
2026-05-25 00:00:00,uniswap_v3_0.3_ethusdc,10k-100k,0x8ad599c3a0ff1de082011efddc58f1908eb6e6d8,358,7440639.28910548,3627.292902672471,23372331.714285713,0.3%,2051.2926550881675
2026-05-25 00:00:00,uniswap_v3_0.3_ethusdc,1k-10k,0x8ad599c3a0ff1de082011efddc58f1908eb6e6d8,826,3784900.8186970763,1855.1232624087656,23372331.714285713,0.3%,2040.2422283156598
2026-05-25 00:00:00,uniswap_v3_0.3_ethusdt,0.5k-1k,0x4e68ccd3e89f51c3074ca5072bbac773960dfa36,129,91719.77489250439,44.94583819459137,87630910.42857143,0.3%,2040.6733654717254
2026-05-25 00:00:00,uniswap_v3_0.3_ethusdt,100k+,0x4e68ccd3e89f51c3074ca5072bbac773960dfa36,339,74407074.33870493,36398.04248072981,87630910.42857143,0.3%,2044.260330156442
2026-05-25 00:00:00,uniswap_v3_0.3_ethusdt,10k-100k,0x4e68ccd3e89f51c3074ca5072bbac773960dfa36,922,38739110.45608114,18971.420447386226,87630910.42857143,0.3%,2041.9720581027125
2026-05-25 00:00:00,uniswap_v3_0.3_ethusdt,1k-10k,0x4e68ccd3e89f51c3074ca5072bbac773960dfa36,693,3633394.2313994863,1788.4009790183718,87630910.42857143,0.3%,2031.6440630634218
2026-05-25 00:00:00,uniswap_v3_1.0_ethusdc,0.5k-1k,0x7bea39867e4169dbe237d55c8242a8f2fcdcc387,28,18484.201516395904,8.960574231268856,493919.0909090909,1%,2062.8367155191195
2026-05-25 00:00:00,uniswap_v3_1.0_ethusdc,1k-10k,0x7bea39867e4169dbe237d55c8242a8f2fcdcc387,9,14631.435777786788,7.276140962778055,493919.0909090909,1%,2010.8785484827188
2026-06-01 00:00:00,curve_usdcwbtcweth,0.5k-1k,0x7f86bf177dd4f3494b841a37e810a34dd56c829b,3863,2845998.16825881,1251.847259952006,247052.7142857143,,2273.438828605913
2026-06-01 00:00:00,curve_usdcwbtcweth,10k-100k,0x7f86bf177dd4f3494b841a37e810a34dd56c829b,204,3092147.5143755553,1276.7504099139753,247052.7142857143,,2421.8887970311266
2026-06-01 00:00:00,curve_usdcwbtcweth,1k-10k,0x7f86bf177dd4f3494b841a37e810a34dd56c829b,7358,17845194.590436026,7138.458897854226,247052.7142857143,,2499.8665462373365
2026-06-01 00:00:00,curve_usdt,0.5k-1k,0xf5f5b97624542d72a9e06f04804bf81baa15e2b4,65,48496.41851826718,12.88742343458592,11906489.42857143,,3763.0810196022244
2026-06-01 00:00:00,curve_usdt,10k-100k,0xf5f5b97624542d72a9e06f04804bf81baa15e2b4,9,252165.73906143013,156.90026338558636,11906489.42857143,,1607.1721845471122
2026-06-01 00:00:00,curve_usdt,1k-10k,0xf5f5b97624542d72a9e06f04804bf81baa15e2b4,247,654616.051394078,221.4103218718109,11906489.42857143,,2956.5742277050595
2026-06-01 00:00:00,curve_usdtwbtcweth,0.5k-1k,0xd51a44d3fae010294c616388b506acda1bfaae46,2505,1930220.023288375,886.6819437536419,9764695.857142856,,2176.902368302509
2026-06-01 00:00:00,curve_usdtwbtcweth,10k-100k,0xd51a44d3fae010294c616388b506acda1bfaae46,282,4918221.558602443,2253.5631593655658,9764695.857142856,,2182.420110198751
2026-06-01 00:00:00,curve_usdtwbtcweth,1k-10k,0xd51a44d3fae010294c616388b506acda1bfaae46,7797,20026215.99096426,8416.086926027474,9764695.857142856,,2379.5162962292443
2026-06-01 00:00:00,sushiv2_ethusdt,0.5k-1k,0x06da0fd433c1a5d7a4faa01111c044910a184553,72,46532.61076649209,27.977861035772577,523455.14285714284,,1663.1940056816836
2026-06-01 00:00:00,sushiv2_ethusdt,1k-10k,0x06da0fd433c1a5d7a4faa01111c044910a184553,21,44044.71532153244,27.184391751302986,523455.14285714284,,1620.220740065715
2026-06-01 00:00:00,sushiv2_usdceth,0.5k-1k,0x397ff1542f962076d0bfe58ea045ffa2d347aca0,11,6177.056601894422,3.602494756289318,235454.14285714287,,1714.6608169547992
2026-06-01 00:00:00,uniswap_v3_0.01_ethusdc,0.5k-1k,0xe0554a476a092703abdb3ef35c80e0d76d32939f,21248,15569268.046381587,9046.325285189114,4088441.4285714286,0.01%,1721.0599393183452
2026-06-01 00:00:00,uniswap_v3_0.01_ethusdc,100k+,0xe0554a476a092703abdb3ef35c80e0d76d32939f,283,95726165.31349403,52660.41949417317,4088441.4285714286,0.01%,1817.8010398129481
2026-06-01 00:00:00,uniswap_v3_0.01_ethusdc,10k-100k,0xe0554a476a092703abdb3ef35c80e0d76d32939f,4487,85545844.96378833,48435.04485454658,4088441.4285714286,0.01%,1766.1972900136207
2026-06-01 00:00:00,uniswap_v3_0.01_ethusdc,1k-10k,0xe0554a476a092703abdb3ef35c80e0d76d32939f,66362,212338887.53003216,119907.08995463476,4088441.4285714286,0.01%,1770.8618198504169
2026-06-01 00:00:00,uniswap_v3_0.01_ethusdt,0.5k-1k,0xc7bbec68d12a0d1830360f8ec58fa599ba1b0e9b,19196,14109437.91844773,8168.641270217104,3998434.0,0.01%,1727.2686425698228
2026-06-01 00:00:00,uniswap_v3_0.01_ethusdt,100k+,0xc7bbec68d12a0d1830360f8ec58fa599ba1b0e9b,109,25778798.381494455,14187.051446495256,3998434.0,0.01%,1817.0652639638383
2026-06-01 00:00:00,uniswap_v3_0.01_ethusdt,10k-100k,0xc7bbec68d12a0d1830360f8ec58fa599ba1b0e9b,1799,42162485.15098433,24206.67508827443,3998434.0,0.01%,1741.7710196559622
2026-06-01 00:00:00,uniswap_v3_0.01_ethusdt,1k-10k,0xc7bbec68d12a0d1830360f8ec58fa599ba1b0e9b,37348,94583979.8211839,52539.01413111754,3998434.0,0.01%,1800.2617937431792
2026-06-01 00:00:00,uniswap_v3_0.05_ethusdc,0.5k-1k,0x88e6a0c2ddd26feeb64f039a2c41296fcb3f5640,3510,2579452.4009919586,1508.8337452072528,87917883.85714285,0.05%,1709.567014381459
2026-06-01 00:00:00,uniswap_v3_0.05_ethusdc,100k+,0x88e6a0c2ddd26feeb64f039a2c41296fcb3f5640,2864,616594028.6700885,335472.73733482073,87917883.85714285,0.05%,1837.9855053756362
2026-06-01 00:00:00,uniswap_v3_0.05_ethusdc,10k-100k,0x88e6a0c2ddd26feeb64f039a2c41296fcb3f5640,17724,613260305.8124263,348826.81254438456,87917883.85714285,0.05%,1758.0652741090405
2026-06-01 00:00:00,uniswap_v3_0.05_ethusdc,1k-10k,0x88e6a0c2ddd26feeb64f039a2c41296fcb3f5640,18661,76590056.79724458,44657.66587770219,87917883.85714285,0.05%,1715.0483638574224
2026-06-01 00:00:00,uniswap_v3_0.05_ethusdt,0.5k-1k,0x11b815efb8f581194ae79006d24e0d814b7697f6,3384,2519532.808483539,1489.4416841383643,9413404.857142856,0.05%,1691.5954718570122
2026-06-01 00:00:00,uniswap_v3_0.05_ethusdt,100k+,0x11b815efb8f581194ae79006d24e0d814b7697f6,62,13368615.82457898,7924.949307987273,9413404.857142856,0.05%,1686.9023769155508
2026-06-01 00:00:00,uniswap_v3_0.05_ethusdt,10k-100k,0x11b815efb8f581194ae79006d24e0d814b7697f6,4701,96086037.00671424,54457.03077472186,9413404.857142856,0.05%,1764.4376793917295
2026-06-01 00:00:00,uniswap_v3_0.05_ethusdt,1k-10k,0x11b815efb8f581194ae79006d24e0d814b7697f6,19006,73246014.1493006,42070.404409327006,9413404.857142856,0.05%,1741.0342300646382
2026-06-01 00:00:00,uniswap_v3_0.3_ethusdc,0.5k-1k,0x8ad599c3a0ff1de082011efddc58f1908eb6e6d8,208,169388.24075702726,101.28323402040957,19144369.285714287,0.3%,1672.42132812321
2026-06-01 00:00:00,uniswap_v3_0.3_ethusdc,100k+,0x8ad599c3a0ff1de082011efddc58f1908eb6e6d8,29,5480804.784434127,3352.130529940485,19144369.285714287,0.3%,1635.0212903348472
2026-06-01 00:00:00,uniswap_v3_0.3_ethusdc,10k-100k,0x8ad599c3a0ff1de082011efddc58f1908eb6e6d8,967,22059525.373459235,13022.500728077408,19144369.285714287,0.3%,1693.9546277695636
2026-06-01 00:00:00,uniswap_v3_0.3_ethusdc,1k-10k,0x8ad599c3a0ff1de082011efddc58f1908eb6e6d8,2654,11465350.895048106,6634.693494340721,19144369.285714287,0.3%,1728.0905146300809
2026-06-01 00:00:00,uniswap_v3_0.3_ethusdt,0.5k-1k,0x4e68ccd3e89f51c3074ca5072bbac773960dfa36,296,218543.29645264597,126.92895861924254,73723555.57142857,0.3%,1721.7764868632162
2026-06-01 00:00:00,uniswap_v3_0.3_ethusdt,100k+,0x4e68ccd3e89f51c3074ca5072bbac773960dfa36,736,188784386.40040135,112538.59573215322,73723555.57142857,0.3%,1677.5079267002448
2026-06-01 00:00:00,uniswap_v3_0.3_ethusdt,10k-100k,0x4e68ccd3e89f51c3074ca5072bbac773960dfa36,3232,125690298.90783088,73155.25844633795,73723555.57142857,0.3%,1718.1307479082902
2026-06-01 00:00:00,uniswap_v3_0.3_ethusdt,1k-10k,0x4e68ccd3e89f51c3074ca5072bbac773960dfa36,2016,9805287.4694276,5647.30722330323,73723555.57142857,0.3%,1736.276614979746
2026-06-01 00:00:00,uniswap_v3_1.0_ethusdc,0.5k-1k,0x7bea39867e4169dbe237d55c8242a8f2fcdcc387,141,96925.79075141645,57.00523050964759,540669.7777777778,1%,1700.2964444642091
2026-06-01 00:00:00,uniswap_v3_1.0_ethusdc,1k-10k,0x7bea39867e4169dbe237d55c8242a8f2fcdcc387,58,100751.96708285177,59.979130147292125,540669.7777777778,1%,1679.7837320320061
2026-06-08 00:00:00,curve_usdcwbtcweth,0.5k-1k,0x7f86bf177dd4f3494b841a37e810a34dd56c829b,3622,2620059.596833282,1214.761853395835,241400.0,,2156.850406117853
2026-06-08 00:00:00,curve_usdcwbtcweth,10k-100k,0x7f86bf177dd4f3494b841a37e810a34dd56c829b,69,910234.6765371597,391.9516226050396,241400.0,,2322.313836813432
2026-06-08 00:00:00,curve_usdcwbtcweth,1k-10k,0x7f86bf177dd4f3494b841a37e810a34dd56c829b,4787,10797815.218580836,4591.137353886428,241400.0,,2351.8824174233023
2026-06-08 00:00:00,curve_usdt,0.5k-1k,0xf5f5b97624542d72a9e06f04804bf81baa15e2b4,11,8458.841679101723,1.9155019382925604,11532257.42857143,,4415.992231593231
2026-06-08 00:00:00,curve_usdt,10k-100k,0xf5f5b97624542d72a9e06f04804bf81baa15e2b4,1,10158.1323825911,0.0,11532257.42857143,,inf
2026-06-08 00:00:00,curve_usdt,1k-10k,0xf5f5b97624542d72a9e06f04804bf81baa15e2b4,33,93502.67444628938,16.254650927034962,11532257.42857143,,5752.364345811599
2026-06-08 00:00:00,curve_usdtwbtcweth,0.5k-1k,0xd51a44d3fae010294c616388b506acda1bfaae46,2390,1817202.3070998925,873.537426137591,9535347.857142856,,2080.279851471029
2026-06-08 00:00:00,curve_usdtwbtcweth,10k-100k,0xd51a44d3fae010294c616388b506acda1bfaae46,117,1686830.598776071,775.4139199373566,9535347.857142856,,2175.393754747587
2026-06-08 00:00:00,curve_usdtwbtcweth,1k-10k,0xd51a44d3fae010294c616388b506acda1bfaae46,5389,12968634.899486214,5927.441695377009,9535347.857142856,,2187.897505529383
2026-06-08 00:00:00,sushiv2_ethusdt,0.5k-1k,0x06da0fd433c1a5d7a4faa01111c044910a184553,29,21409.5428721431,12.741604577494435,510382.71428571426,,1680.286241966643
2026-06-08 00:00:00,sushiv2_ethusdt,1k-10k,0x06da0fd433c1a5d7a4faa01111c044910a184553,16,47980.38335586306,28.265689671007483,510382.71428571426,,1697.47789331591
2026-06-08 00:00:00,sushiv2_usdceth,0.5k-1k,0x397ff1542f962076d0bfe58ea045ffa2d347aca0,12,10140.117748408198,6.039544379251597,229263.14285714287,,1678.9540918423938
2026-06-08 00:00:00,sushiv2_usdceth,1k-10k,0x397ff1542f962076d0bfe58ea045ffa2d347aca0,10,15734.599380004986,9.330955129679198,229263.14285714287,,1686.27961032173
2026-06-08 00:00:00,uniswap_v3_0.01_ethusdc,0.5k-1k,0xe0554a476a092703abdb3ef35c80e0d76d32939f,17512,12804451.719903646,7690.664613903797,3482346.1428571427,0.01%,1664.9343538859746
2026-06-08 00:00:00,uniswap_v3_0.01_ethusdc,100k+,0xe0554a476a092703abdb3ef35c80e0d76d32939f,123,29322583.730326463,17512.864325760795,3482346.1428571427,0.01%,1674.3453946133754
2026-06-08 00:00:00,uniswap_v3_0.01_ethusdc,10k-100k,0xe0554a476a092703abdb3ef35c80e0d76d32939f,908,24781039.779730584,14872.402733190944,3482346.1428571427,0.01%,1666.2431904447021
2026-06-08 00:00:00,uniswap_v3_0.01_ethusdc,1k-10k,0xe0554a476a092703abdb3ef35c80e0d76d32939f,35102,90255511.01549794,54214.260690759744,3482346.1428571427,0.01%,1664.7928029549068
2026-06-08 00:00:00,uniswap_v3_0.01_ethusdt,0.5k-1k,0xc7bbec68d12a0d1830360f8ec58fa599ba1b0e9b,16223,11772823.107534328,7073.431369668976,3424888.8571428573,0.01%,1664.3722816081095
2026-06-08 00:00:00,uniswap_v3_0.01_ethusdt,100k+,0xc7bbec68d12a0d1830360f8ec58fa599ba1b0e9b,82,23143556.464547567,13111.669190109737,3424888.8571428573,0.01%,1765.1113774289686
2026-06-08 00:00:00,uniswap_v3_0.01_ethusdt,10k-100k,0xc7bbec68d12a0d1830360f8ec58fa599ba1b0e9b,545,14640587.726593427,8783.193286289383,3424888.8571428573,0.01%,1666.8866606234742
2026-06-08 00:00:00,uniswap_v3_0.01_ethusdt,1k-10k,0xc7bbec68d12a0d1830360f8ec58fa599ba1b0e9b,18368,33888470.15650997,20335.888782661998,3424888.8571428573,0.01%,1666.43663912062
2026-06-08 00:00:00,uniswap_v3_0.05_ethusdc,0.5k-1k,0x88e6a0c2ddd26feeb64f039a2c41296fcb3f5640,2858,2083961.4247216524,1246.9242578648254,85498371.42857143,0.05%,1671.28148448257
2026-06-08 00:00:00,uniswap_v3_0.05_ethusdc,100k+,0x88e6a0c2ddd26feeb64f039a2c41296fcb3f5640,318,58382124.17979877,34889.854729529,85498371.42857143,0.05%,1673.3266627902326
2026-06-08 00:00:00,uniswap_v3_0.05_ethusdc,10k-100k,0x88e6a0c2ddd26feeb64f039a2c41296fcb3f5640,9133,249424499.73879355,149892.87256920975,85498371.42857143,0.05%,1664.0184117068493
2026-06-08 00:00:00,uniswap_v3_0.05_ethusdc,1k-10k,0x88e6a0c2ddd26feeb64f039a2c41296fcb3f5640,13316,49358587.2962987,29617.635936078666,85498371.42857143,0.05%,1666.5269099405948
2026-06-08 00:00:00,uniswap_v3_0.05_ethusdt,0.5k-1k,0x11b815efb8f581194ae79006d24e0d814b7697f6,1671,1232090.5829526195,738.9882823563961,10199012.285714285,0.05%,1667.2667380108905
2026-06-08 00:00:00,uniswap_v3_0.05_ethusdt,100k+,0x11b815efb8f581194ae79006d24e0d814b7697f6,47,7220576.284581697,4308.496878735291,10199012.285714285,0.05%,1675.892193451284
2026-06-08 00:00:00,uniswap_v3_0.05_ethusdt,10k-100k,0x11b815efb8f581194ae79006d24e0d814b7697f6,4902,99566735.19173361,59912.13104910011,10199012.285714285,0.05%,1661.8793798226798
2026-06-08 00:00:00,uniswap_v3_0.05_ethusdt,1k-10k,0x11b815efb8f581194ae79006d24e0d814b7697f6,12282,51802697.41221042,31141.64370041426,10199012.285714285,0.05%,1663.454180856912
2026-06-08 00:00:00,uniswap_v3_0.3_ethusdc,0.5k-1k,0x8ad599c3a0ff1de082011efddc58f1908eb6e6d8,95,73477.5254164541,44.16794897513596,20366362.285714287,0.3%,1663.5937851182034
2026-06-08 00:00:00,uniswap_v3_0.3_ethusdc,100k+,0x8ad599c3a0ff1de082011efddc58f1908eb6e6d8,6,727476.2470777874,437.8984630882841,20366362.285714287,0.3%,1661.2897929516641
2026-06-08 00:00:00,uniswap_v3_0.3_ethusdc,10k-100k,0x8ad599c3a0ff1de082011efddc58f1908eb6e6d8,758,17511538.466239527,10544.770304777361,20366362.285714287,0.3%,1660.6846768682894
2026-06-08 00:00:00,uniswap_v3_0.3_ethusdc,1k-10k,0x8ad599c3a0ff1de082011efddc58f1908eb6e6d8,1248,5885713.952404908,3550.245377944975,20366362.285714287,0.3%,1657.833001901349
2026-06-08 00:00:00,uniswap_v3_0.3_ethusdt,0.5k-1k,0x4e68ccd3e89f51c3074ca5072bbac773960dfa36,404,348049.33399638504,206.93955201655115,73755557.28571428,0.3%,1681.8888926972638
2026-06-08 00:00:00,uniswap_v3_0.3_ethusdt,100k+,0x4e68ccd3e89f51c3074ca5072bbac773960dfa36,413,87405889.43583925,52641.63293225825,73755557.28571428,0.3%,1660.3947211956227
2026-06-08 00:00:00,uniswap_v3_0.3_ethusdt,10k-100k,0x4e68ccd3e89f51c3074ca5072bbac773960dfa36,1504,61278872.18829259,36966.94757812624,73755557.28571428,0.3%,1657.6665427618914
2026-06-08 00:00:00,uniswap_v3_0.3_ethusdt,1k-10k,0x4e68ccd3e89f51c3074ca5072bbac773960dfa36,915,3781358.0044635274,2277.270374173164,73755557.28571428,0.3%,1660.478284593884
2026-06-08 00:00:00,uniswap_v3_1.0_ethusdc,0.5k-1k,0x7bea39867e4169dbe237d55c8242a8f2fcdcc387,34,22424.73696869471,13.53263522934773,659851.1428571428,1%,1657.0857477975173
2026-06-08 00:00:00,uniswap_v3_1.0_ethusdc,1k-10k,0x7bea39867e4169dbe237d55c8242a8f2fcdcc387,10,12186.192006902998,7.294997466393514,659851.1428571428,1%,1670.48611915798
2026-06-15 00:00:00,curve_usdcwbtcweth,0.5k-1k,0x7f86bf177dd4f3494b841a37e810a34dd56c829b,3254,2319430.9652495487,1041.2188970325456,246116.57142857142,,2227.6112850620398
2026-06-15 00:00:00,curve_usdcwbtcweth,10k-100k,0x7f86bf177dd4f3494b841a37e810a34dd56c829b,60,843041.1238732149,319.27479001989786,246116.57142857142,,2640.4875994771614
2026-06-15 00:00:00,curve_usdcwbtcweth,1k-10k,0x7f86bf177dd4f3494b841a37e810a34dd56c829b,3558,7811938.333078906,3395.6573101561135,246116.57142857142,,2300.5673480990213
2026-06-15 00:00:00,curve_usdt,0.5k-1k,0xf5f5b97624542d72a9e06f04804bf81baa15e2b4,20,16134.38843468445,3.1027120989799553,11710389.285714285,,5200.092022714185
2026-06-15 00:00:00,curve_usdt,10k-100k,0xf5f5b97624542d72a9e06f04804bf81baa15e2b4,9,217832.25972194184,107.33462101255857,11710389.285714285,,2029.468755439632
2026-06-15 00:00:00,curve_usdt,1k-10k,0xf5f5b97624542d72a9e06f04804bf81baa15e2b4,152,460135.57276979747,160.89476724409644,11710389.285714285,,2859.8541807871056
2026-06-15 00:00:00,curve_usdtwbtcweth,0.5k-1k,0xd51a44d3fae010294c616388b506acda1bfaae46,1945,1463410.842575757,669.7293840023858,9712424.714285715,,2185.077850146327
2026-06-15 00:00:00,curve_usdtwbtcweth,10k-100k,0xd51a44d3fae010294c616388b506acda1bfaae46,66,860222.5390943099,384.11512438166307,9712424.714285715,,2239.4914557948487
2026-06-15 00:00:00,curve_usdtwbtcweth,1k-10k,0xd51a44d3fae010294c616388b506acda1bfaae46,3607,8006958.264236557,3595.554000071787,9712424.714285715,,2226.9053014018687
2026-06-15 00:00:00,sushiv2_ethusdt,0.5k-1k,0x06da0fd433c1a5d7a4faa01111c044910a184553,19,11224.115723017758,6.422744997073018,523242.14285714284,,1747.557427257789
2026-06-15 00:00:00,sushiv2_ethusdt,1k-10k,0x06da0fd433c1a5d7a4faa01111c044910a184553,1,1015.547986114623,0.5720073043143423,523242.14285714284,,1775.4108705516394
2026-06-15 00:00:00,sushiv2_usdceth,0.5k-1k,0x397ff1542f962076d0bfe58ea045ffa2d347aca0,8,5382.5073186247055,3.117214566164188,234908.42857142858,,1726.7041470449747
2026-06-15 00:00:00,uniswap_v3_0.01_ethusdc,0.5k-1k,0xe0554a476a092703abdb3ef35c80e0d76d32939f,16130,11831331.377765361,6785.706830008191,3594562.1428571427,0.01%,1743.5665398104268
2026-06-15 00:00:00,uniswap_v3_0.01_ethusdc,100k+,0xe0554a476a092703abdb3ef35c80e0d76d32939f,163,50258148.39644361,29011.62594037221,3594562.1428571427,0.01%,1732.3451122573938
2026-06-15 00:00:00,uniswap_v3_0.01_ethusdc,10k-100k,0xe0554a476a092703abdb3ef35c80e0d76d32939f,1007,25505389.255704682,14578.044776492143,3594562.1428571427,0.01%,1749.5754503946546
2026-06-15 00:00:00,uniswap_v3_0.01_ethusdc,1k-10k,0xe0554a476a092703abdb3ef35c80e0d76d32939f,34920,92671979.39223854,53011.66308104452,3594562.1428571427,0.01%,1748.1432199280584
2026-06-15 00:00:00,uniswap_v3_0.01_ethusdt,0.5k-1k,0xc7bbec68d12a0d1830360f8ec58fa599ba1b0e9b,14544,10442183.664760945,5993.787887616726,3489952.1428571427,0.01%,1742.1677010517315
2026-06-15 00:00:00,uniswap_v3_0.01_ethusdt,100k+,0xc7bbec68d12a0d1830360f8ec58fa599ba1b0e9b,100,23664046.523718327,13301.369105461303,3489952.1428571427,0.01%,1779.0684805522985
2026-06-15 00:00:00,uniswap_v3_0.01_ethusdt,10k-100k,0xc7bbec68d12a0d1830360f8ec58fa599ba1b0e9b,593,15650761.913208872,9006.993270093131,3489952.1428571427,0.01%,1737.6233604143733
2026-06-15 00:00:00,uniswap_v3_0.01_ethusdt,1k-10k,0xc7bbec68d12a0d1830360f8ec58fa599ba1b0e9b,13523,25162036.307107925,14414.628799098675,3489952.1428571427,0.01%,1745.5903067501308
2026-06-15 00:00:00,uniswap_v3_0.05_ethusdc,0.5k-1k,0x88e6a0c2ddd26feeb64f039a2c41296fcb3f5640,2908,2112956.7248961367,1207.5517888700329,88039638.28571428,0.05%,1749.7855945982549
2026-06-15 00:00:00,uniswap_v3_0.05_ethusdc,100k+,0x88e6a0c2ddd26feeb64f039a2c41296fcb3f5640,870,149483168.43990406,84984.35070473872,88039638.28571428,0.05%,1758.949350089803
2026-06-15 00:00:00,uniswap_v3_0.05_ethusdc,10k-100k,0x88e6a0c2ddd26feeb64f039a2c41296fcb3f5640,9614,323517789.6064974,184808.93777853547,88039638.28571428,0.05%,1750.5527248589174
2026-06-15 00:00:00,uniswap_v3_0.05_ethusdc,1k-10k,0x88e6a0c2ddd26feeb64f039a2c41296fcb3f5640,9998,39851528.79122448,22844.884879400066,88039638.28571428,0.05%,1744.4399042325588
2026-06-15 00:00:00,uniswap_v3_0.05_ethusdt,0.5k-1k,0x11b815efb8f581194ae79006d24e0d814b7697f6,1494,1108541.596978794,634.740154441379,12633644.714285715,0.05%,1746.4494552962344
2026-06-15 00:00:00,uniswap_v3_0.05_ethusdt,100k+,0x11b815efb8f581194ae79006d24e0d814b7697f6,85,14495830.508354308,8351.838788797242,12633644.714285715,0.05%,1735.645391982221
2026-06-15 00:00:00,uniswap_v3_0.05_ethusdt,10k-100k,0x11b815efb8f581194ae79006d24e0d814b7697f6,4582,98361110.52780528,56213.062381873766,12633644.714285715,0.05%,1749.7909980354034
2026-06-15 00:00:00,uniswap_v3_0.05_ethusdt,1k-10k,0x11b815efb8f581194ae79006d24e0d814b7697f6,10830,45813484.21604647,26260.019285500144,12633644.714285715,0.05%,1744.6096942260456
2026-06-15 00:00:00,uniswap_v3_0.3_ethusdc,0.5k-1k,0x8ad599c3a0ff1de082011efddc58f1908eb6e6d8,71,55737.57128745952,32.160464160533074,19991786.14285714,0.3%,1733.1084218572935
2026-06-15 00:00:00,uniswap_v3_0.3_ethusdc,100k+,0x8ad599c3a0ff1de082011efddc58f1908eb6e6d8,13,1711043.2781353365,982.9422315216667,19991786.14285714,0.3%,1740.7363558756815
2026-06-15 00:00:00,uniswap_v3_0.3_ethusdc,10k-100k,0x8ad599c3a0ff1de082011efddc58f1908eb6e6d8,690,16813479.58759134,9574.132820099627,19991786.14285714,0.3%,1756.1360285595433
2026-06-15 00:00:00,uniswap_v3_0.3_ethusdc,1k-10k,0x8ad599c3a0ff1de082011efddc58f1908eb6e6d8,1057,4817246.1694339495,2761.4761850205155,19991786.14285714,0.3%,1744.4460305559946
2026-06-15 00:00:00,uniswap_v3_0.3_ethusdt,0.5k-1k,0x4e68ccd3e89f51c3074ca5072bbac773960dfa36,151,110570.51928134276,63.55774538696894,76078923.42857143,0.3%,1739.6859911901895
2026-06-15 00:00:00,uniswap_v3_0.3_ethusdt,100k+,0x4e68ccd3e89f51c3074ca5072bbac773960dfa36,462,95957088.20166263,54765.3373842781,76078923.42857143,0.3%,1752.15004206675
2026-06-15 00:00:00,uniswap_v3_0.3_ethusdt,10k-100k,0x4e68ccd3e89f51c3074ca5072bbac773960dfa36,1202,49059554.527863525,28055.529859281945,76078923.42857143,0.3%,1748.6589907205964
2026-06-15 00:00:00,uniswap_v3_0.3_ethusdt,1k-10k,0x4e68ccd3e89f51c3074ca5072bbac773960dfa36,775,3463970.112559172,1992.7268736903648,76078923.42857143,0.3%,1738.3065177136828
2026-06-15 00:00:00,uniswap_v3_1.0_ethusdc,0.5k-1k,0x7bea39867e4169dbe237d55c8242a8f2fcdcc387,51,33910.465543437575,19.165654787808545,680499.1428571428,1%,1769.3350902369557
2026-06-15 00:00:00,uniswap_v3_1.0_ethusdc,1k-10k,0x7bea39867e4169dbe237d55c8242a8f2fcdcc387,10,13069.93893002496,7.4724890589732045,680499.1428571428,1%,1749.0743481691898
2026-06-22 00:00:00,curve_usdcwbtcweth,0.5k-1k,0x7f86bf177dd4f3494b841a37e810a34dd56c829b,4027,2846790.976534652,1264.4628348143835,235557.2857142857,,2251.383669139272
2026-06-22 00:00:00,curve_usdcwbtcweth,10k-100k,0x7f86bf177dd4f3494b841a37e810a34dd56c829b,92,1494196.3898734648,378.13683311608014,235557.2857142857,,3951.470100281867
2026-06-22 00:00:00,curve_usdcwbtcweth,1k-10k,0x7f86bf177dd4f3494b841a37e810a34dd56c829b,4557,10544438.428540481,3888.5884532738078,235557.2857142857,,2711.636511614672
2026-06-22 00:00:00,curve_usdt,0.5k-1k,0xf5f5b97624542d72a9e06f04804bf81baa15e2b4,41,29657.945599687402,17.690074890420473,11212780.285714285,,1676.5302455416834
2026-06-22 00:00:00,curve_usdt,10k-100k,0xf5f5b97624542d72a9e06f04804bf81baa15e2b4,12,298357.2227648859,129.97262328077028,11212780.285714285,,2295.5389776227476
2026-06-22 00:00:00,curve_usdt,1k-10k,0xf5f5b97624542d72a9e06f04804bf81baa15e2b4,112,361392.1622377869,152.76683499812742,11212780.285714285,,2365.645411467854
2026-06-22 00:00:00,curve_usdtwbtcweth,0.5k-1k,0xd51a44d3fae010294c616388b506acda1bfaae46,2375,1787090.339691891,846.444973334189,9292821.714285715,,2111.289447029797
2026-06-22 00:00:00,curve_usdtwbtcweth,10k-100k,0xd51a44d3fae010294c616388b506acda1bfaae46,124,1859377.3919974668,889.7228281901027,9292821.714285715,,2089.8389173399773
2026-06-22 00:00:00,curve_usdtwbtcweth,1k-10k,0xd51a44d3fae010294c616388b506acda1bfaae46,5426,13485438.261848,6238.222017266565,9292821.714285715,,2161.7438790286897
2026-06-22 00:00:00,sushiv2_ethusdt,0.5k-1k,0x06da0fd433c1a5d7a4faa01111c044910a184553,30,19405.304896923237,12.30483489955693,502925.85714285716,,1577.0471570993593
2026-06-22 00:00:00,sushiv2_ethusdt,1k-10k,0x06da0fd433c1a5d7a4faa01111c044910a184553,3,3304.9013963937186,2.072005499258127,502925.85714285716,,1595.0253981357794
2026-06-22 00:00:00,sushiv2_usdceth,0.5k-1k,0x397ff1542f962076d0bfe58ea045ffa2d347aca0,9,5436.9424688090085,3.377612567209855,225975.14285714287,,1609.69985770165
2026-06-22 00:00:00,sushiv2_usdceth,1k-10k,0x397ff1542f962076d0bfe58ea045ffa2d347aca0,2,2882.782209871534,1.6801708655488532,225975.14285714287,,1715.7672883048294
2026-06-22 00:00:00,uniswap_v3_0.01_ethusdc,0.5k-1k,0xe0554a476a092703abdb3ef35c80e0d76d32939f,15367,11249371.041324882,6940.225670569565,3527621.8571428573,0.01%,1620.894128706578
2026-06-22 00:00:00,uniswap_v3_0.01_ethusdc,100k+,0xe0554a476a092703abdb3ef35c80e0d76d32939f,183,46568915.37833937,28515.544455822168,3527621.8571428573,0.01%,1633.1063027916746
2026-06-22 00:00:00,uniswap_v3_0.01_ethusdc,10k-100k,0xe0554a476a092703abdb3ef35c80e0d76d32939f,1376,29613676.647277802,18345.734654488544,3527621.8571428573,0.01%,1614.1995512854753
2026-06-22 00:00:00,uniswap_v3_0.01_ethusdc,1k-10k,0xe0554a476a092703abdb3ef35c80e0d76d32939f,36726,104224674.31222346,64288.93532131479,3527621.8571428573,0.01%,1621.1914817271536
2026-06-22 00:00:00,uniswap_v3_0.01_ethusdt,0.5k-1k,0xc7bbec68d12a0d1830360f8ec58fa599ba1b0e9b,9716,6896268.92078123,4169.990696254998,2868373.0,0.01%,1653.7852055580506
2026-06-22 00:00:00,uniswap_v3_0.01_ethusdt,100k+,0xc7bbec68d12a0d1830360f8ec58fa599ba1b0e9b,42,8682085.396435251,5115.402545157263,2868373.0,0.01%,1697.2438277911397
2026-06-22 00:00:00,uniswap_v3_0.01_ethusdt,10k-100k,0xc7bbec68d12a0d1830360f8ec58fa599ba1b0e9b,369,10838262.381339543,6619.4298676056105,2868373.0,0.01%,1637.34076772687
2026-06-22 00:00:00,uniswap_v3_0.01_ethusdt,1k-10k,0xc7bbec68d12a0d1830360f8ec58fa599ba1b0e9b,8212,15563179.460876295,9372.941973548373,2868373.0,0.01%,1660.4369796375092
2026-06-22 00:00:00,uniswap_v3_0.05_ethusdc,0.5k-1k,0x88e6a0c2ddd26feeb64f039a2c41296fcb3f5640,2976,2214345.3602564824,1356.275167162819,82233701.28571428,0.05%,1632.6667433487362
2026-06-22 00:00:00,uniswap_v3_0.05_ethusdc,100k+,0x88e6a0c2ddd26feeb64f039a2c41296fcb3f5640,443,76357895.34234211,46622.05864501766,82233701.28571428,0.05%,1637.806170759948
2026-06-22 00:00:00,uniswap_v3_0.05_ethusdc,10k-100k,0x88e6a0c2ddd26feeb64f039a2c41296fcb3f5640,10017,290608266.56194496,179374.74374481163,82233701.28571428,0.05%,1620.1180862751796
2026-06-22 00:00:00,uniswap_v3_0.05_ethusdc,1k-10k,0x88e6a0c2ddd26feeb64f039a2c41296fcb3f5640,11453,48361114.76532237,29967.75792887416,82233701.28571428,0.05%,1613.771536733019
2026-06-22 00:00:00,uniswap_v3_0.05_ethusdt,0.5k-1k,0x11b815efb8f581194ae79006d24e0d814b7697f6,1557,1153057.7250544224,713.5889475140912,12233435.714285715,0.05%,1615.8570407673712
2026-06-22 00:00:00,uniswap_v3_0.05_ethusdt,100k+,0x11b815efb8f581194ae79006d24e0d814b7697f6,119,25984871.900598507,15957.877034625466,12233435.714285715,0.05%,1628.341404324424
2026-06-22 00:00:00,uniswap_v3_0.05_ethusdt,10k-100k,0x11b815efb8f581194ae79006d24e0d814b7697f6,5656,130826992.85530531,81053.29121765509,12233435.714285715,0.05%,1614.0861264225687
2026-06-22 00:00:00,uniswap_v3_0.05_ethusdt,1k-10k,0x11b815efb8f581194ae79006d24e0d814b7697f6,11398,50138561.24853533,30990.2817568239,12233435.714285715,0.05%,1617.8801355200676
2026-06-22 00:00:00,uniswap_v3_0.3_ethusdc,0.5k-1k,0x8ad599c3a0ff1de082011efddc58f1908eb6e6d8,202,158543.7780621773,98.15889614274276,18531452.14285714,0.3%,1615.1748266567993
2026-06-22 00:00:00,uniswap_v3_0.3_ethusdc,100k+,0x8ad599c3a0ff1de082011efddc58f1908eb6e6d8,18,3708857.6319202124,2306.145923853365,18531452.14285714,0.3%,1608.2493278322306
2026-06-22 00:00:00,uniswap_v3_0.3_ethusdc,10k-100k,0x8ad599c3a0ff1de082011efddc58f1908eb6e6d8,939,23629901.527728237,14738.8589918366,18531452.14285714,0.3%,1603.2381842323148
2026-06-22 00:00:00,uniswap_v3_0.3_ethusdc,1k-10k,0x8ad599c3a0ff1de082011efddc58f1908eb6e6d8,1375,6231232.082602972,3871.355306907204,18531452.14285714,0.3%,1609.5738026125675
2026-06-22 00:00:00,uniswap_v3_0.3_ethusdt,0.5k-1k,0x4e68ccd3e89f51c3074ca5072bbac773960dfa36,150,114935.97402637078,70.59616744744879,74985503.42857143,0.3%,1628.0766815270556
2026-06-22 00:00:00,uniswap_v3_0.3_ethusdt,100k+,0x4e68ccd3e89f51c3074ca5072bbac773960dfa36,604,136373914.15006357,84935.82335682225,74985503.42857143,0.3%,1605.6112575390687
2026-06-22 00:00:00,uniswap_v3_0.3_ethusdt,10k-100k,0x4e68ccd3e89f51c3074ca5072bbac773960dfa36,1563,64889893.046092525,40282.184571178266,74985503.42857143,0.3%,1610.883166761541
2026-06-22 00:00:00,uniswap_v3_0.3_ethusdt,1k-10k,0x4e68ccd3e89f51c3074ca5072bbac773960dfa36,621,3088932.1719096536,1905.9159976453814,74985503.42857143,0.3%,1620.707405638969
2026-06-22 00:00:00,uniswap_v3_1.0_ethusdc,0.5k-1k,0x7bea39867e4169dbe237d55c8242a8f2fcdcc387,71,48440.304370314894,30.35576739030935,515286.0,1%,1595.752917311482
2026-06-22 00:00:00,uniswap_v3_1.0_ethusdc,1k-10k,0x7bea39867e4169dbe237d55c8242a8f2fcdcc387,22,30859.708224780792,19.305358358755708,515286.0,1%,1598.5048115299426
2026-06-29 00:00:00,curve_usdcwbtcweth,0.5k-1k,0x7f86bf177dd4f3494b841a37e810a34dd56c829b,2987,2084301.476126498,944.314226672618,240171.85714285713,,2207.211770461973
2026-06-29 00:00:00,curve_usdcwbtcweth,10k-100k,0x7f86bf177dd4f3494b841a37e810a34dd56c829b,50,822907.577677847,195.11068261743924,240171.85714285713,,4217.644911280191
2026-06-29 00:00:00,curve_usdcwbtcweth,1k-10k,0x7f86bf177dd4f3494b841a37e810a34dd56c829b,3291,7438036.538901361,3084.6110199090513,240171.85714285713,,2411.3369533124046
2026-06-29 00:00:00,curve_usdt,0.5k-1k,0xf5f5b97624542d72a9e06f04804bf81baa15e2b4,36,25181.424107053288,15.535469893712044,11381063.285714285,,1620.8987741816184
2026-06-29 00:00:00,curve_usdt,10k-100k,0xf5f5b97624542d72a9e06f04804bf81baa15e2b4,9,294025.91419126285,159.48745799410867,11381063.285714285,,1843.5676252494031
2026-06-29 00:00:00,curve_usdt,1k-10k,0xf5f5b97624542d72a9e06f04804bf81baa15e2b4,136,392605.22741507227,232.63365521149177,11381063.285714285,,1687.6544670982676
2026-06-29 00:00:00,curve_usdtwbtcweth,0.5k-1k,0xd51a44d3fae010294c616388b506acda1bfaae46,2199,1587134.8215416227,729.7424076303257,9396320.714285715,,2174.924747344047
2026-06-29 00:00:00,curve_usdtwbtcweth,10k-100k,0xd51a44d3fae010294c616388b506acda1bfaae46,43,655545.3724247625,252.6368764839021,9396320.714285715,,2594.8126874761037
2026-06-29 00:00:00,curve_usdtwbtcweth,1k-10k,0xd51a44d3fae010294c616388b506acda1bfaae46,2558,5412657.459613958,2478.870505863854,9396320.714285715,,2183.517633055107
2026-06-29 00:00:00,sushiv2_ethusdt,0.5k-1k,0x06da0fd433c1a5d7a4faa01111c044910a184553,14,9715.914890796603,5.789143168704894,515389.71428571426,,1678.29929363626
2026-06-29 00:00:00,uniswap_v3_0.01_ethusdc,0.5k-1k,0xe0554a476a092703abdb3ef35c80e0d76d32939f,15373,11247744.326118192,6778.371152586999,3716231.285714286,0.01%,1659.3579892457547
2026-06-29 00:00:00,uniswap_v3_0.01_ethusdc,100k+,0xe0554a476a092703abdb3ef35c80e0d76d32939f,228,57473285.09048025,33996.165463571546,3716231.285714286,0.01%,1690.5814025427521
2026-06-29 00:00:00,uniswap_v3_0.01_ethusdc,10k-100k,0xe0554a476a092703abdb3ef35c80e0d76d32939f,1246,26735933.595844656,16172.134020324549,3716231.285714286,0.01%,1653.2099945649663
2026-06-29 00:00:00,uniswap_v3_0.01_ethusdc,1k-10k,0xe0554a476a092703abdb3ef35c80e0d76d32939f,35958,100013741.57718472,60406.15296274106,3716231.285714286,0.01%,1655.6879832899458
2026-06-29 00:00:00,uniswap_v3_0.01_ethusdt,0.5k-1k,0xc7bbec68d12a0d1830360f8ec58fa599ba1b0e9b,11334,7966889.860714643,4741.373330206802,2867090.8571428573,0.01%,1680.291617189983
2026-06-29 00:00:00,uniswap_v3_0.01_ethusdt,100k+,0xc7bbec68d12a0d1830360f8ec58fa599ba1b0e9b,96,22688666.618113354,13224.48490603529,2867090.8571428573,0.01%,1715.6559805031704
2026-06-29 00:00:00,uniswap_v3_0.01_ethusdt,10k-100k,0xc7bbec68d12a0d1830360f8ec58fa599ba1b0e9b,452,12372535.725849513,7361.443875628863,2867090.8571428573,0.01%,1680.721327892019
2026-06-29 00:00:00,uniswap_v3_0.01_ethusdt,1k-10k,0xc7bbec68d12a0d1830360f8ec58fa599ba1b0e9b,7900,14533271.187076543,8655.442665909331,2867090.8571428573,0.01%,1679.0904576513294
2026-06-29 00:00:00,uniswap_v3_0.05_ethusdc,0.5k-1k,0x88e6a0c2ddd26feeb64f039a2c41296fcb3f5640,2177,1619734.0874641486,985.0319646381994,84635031.28571428,0.05%,1644.3467274273423
2026-06-29 00:00:00,uniswap_v3_0.05_ethusdc,100k+,0x88e6a0c2ddd26feeb64f039a2c41296fcb3f5640,448,75497427.25833076,44795.70312629397,84635031.28571428,0.05%,1685.3720778860961
2026-06-29 00:00:00,uniswap_v3_0.05_ethusdc,10k-100k,0x88e6a0c2ddd26feeb64f039a2c41296fcb3f5640,9247,271021193.8637297,162869.02624203614,84635031.28571428,0.05%,1664.0438032764498
2026-06-29 00:00:00,uniswap_v3_0.05_ethusdc,1k-10k,0x88e6a0c2ddd26feeb64f039a2c41296fcb3f5640,9917,42610574.98777556,25835.092075072407,84635031.28571428,0.05%,1649.3293255528733
2026-06-29 00:00:00,uniswap_v3_0.05_ethusdt,0.5k-1k,0x11b815efb8f581194ae79006d24e0d814b7697f6,1520,1120629.9601805296,674.5842247229301,12594870.42857143,0.05%,1661.2157816776735
2026-06-29 00:00:00,uniswap_v3_0.05_ethusdt,100k+,0x11b815efb8f581194ae79006d24e0d814b7697f6,67,8998677.134815702,5483.092310912877,12594870.42857143,0.05%,1641.1682723097392
2026-06-29 00:00:00,uniswap_v3_0.05_ethusdt,10k-100k,0x11b815efb8f581194ae79006d24e0d814b7697f6,4528,96361283.93048488,58578.92614824465,12594870.42857143,0.05%,1644.9820825773604
2026-06-29 00:00:00,uniswap_v3_0.05_ethusdt,1k-10k,0x11b815efb8f581194ae79006d24e0d814b7697f6,10803,46058717.16773641,27850.823726736475,12594870.42857143,0.05%,1653.7649880538565
2026-06-29 00:00:00,uniswap_v3_0.3_ethusdc,0.5k-1k,0x8ad599c3a0ff1de082011efddc58f1908eb6e6d8,138,112319.79490390194,68.55259907225114,19394822.14285714,0.3%,1638.446921400052
2026-06-29 00:00:00,uniswap_v3_0.3_ethusdc,100k+,0x8ad599c3a0ff1de082011efddc58f1908eb6e6d8,11,1540333.2117834506,924.810370230757,19394822.14285714,0.3%,1665.5665435489325
2026-06-29 00:00:00,uniswap_v3_0.3_ethusdc,10k-100k,0x8ad599c3a0ff1de082011efddc58f1908eb6e6d8,726,16930058.861398738,10328.610824978237,19394822.14285714,0.3%,1639.1419086539559
2026-06-29 00:00:00,uniswap_v3_0.3_ethusdc,1k-10k,0x8ad599c3a0ff1de082011efddc58f1908eb6e6d8,1228,5426728.05481188,3316.1573201541482,19394822.14285714,0.3%,1636.4507262157344
2026-06-29 00:00:00,uniswap_v3_0.3_ethusdt,0.5k-1k,0x4e68ccd3e89f51c3074ca5072bbac773960dfa36,138,108185.37256979186,66.15797622879744,79887617.14285715,0.3%,1635.258191629819
2026-06-29 00:00:00,uniswap_v3_0.3_ethusdt,100k+,0x4e68ccd3e89f51c3074ca5072bbac773960dfa36,514,108697802.38658577,65834.48755941186,79887617.14285715,0.3%,1651.0769114514974
2026-06-29 00:00:00,uniswap_v3_0.3_ethusdt,10k-100k,0x4e68ccd3e89f51c3074ca5072bbac773960dfa36,1379,56707336.071837045,34680.39326163383,79887617.14285715,0.3%,1635.1410909336819
2026-06-29 00:00:00,uniswap_v3_0.3_ethusdt,1k-10k,0x4e68ccd3e89f51c3074ca5072bbac773960dfa36,587,2784559.2139564864,1695.4841445673096,79887617.14285715,0.3%,1642.3386929797039
2026-06-29 00:00:00,uniswap_v3_1.0_ethusdc,0.5k-1k,0x7bea39867e4169dbe237d55c8242a8f2fcdcc387,39,25125.04107394485,15.101681027347812,532644.3333333334,1%,1663.7247885480838
2026-06-29 00:00:00,uniswap_v3_1.0_ethusdc,1k-10k,0x7bea39867e4169dbe237d55c8242a8f2fcdcc387,9,12411.0133747057,7.4080226546626236,532644.3333333334,1%,1675.3476539241124
2026-07-06 00:00:00,curve_usdcwbtcweth,0.5k-1k,0x7f86bf177dd4f3494b841a37e810a34dd56c829b,3407,2396007.0674555176,1026.4142631228208,247540.42857142858,,2334.3470112796076
2026-07-06 00:00:00,curve_usdcwbtcweth,10k-100k,0x7f86bf177dd4f3494b841a37e810a34dd56c829b,67,1104420.4663907078,204.91624480303506,247540.42857142858,,5389.618902358247
2026-07-06 00:00:00,curve_usdcwbtcweth,1k-10k,0x7f86bf177dd4f3494b841a37e810a34dd56c829b,3316,7486904.1726763435,2841.8343502829284,247540.42857142858,,2634.532224558043
2026-07-06 00:00:00,curve_usdt,0.5k-1k,0xf5f5b97624542d72a9e06f04804bf81baa15e2b4,8,5712.001888978264,2.81576928106297,11714742.714285715,,2028.5759658624972
2026-07-06 00:00:00,curve_usdt,1k-10k,0xf5f5b97624542d72a9e06f04804bf81baa15e2b4,16,51347.36470462935,27.606033653315155,11714742.714285715,,1860.005147768236
2026-07-06 00:00:00,curve_usdtwbtcweth,0.5k-1k,0xd51a44d3fae010294c616388b506acda1bfaae46,2528,1854231.2871649307,808.7145613756079,9626275.285714285,,2292.8130340709076
2026-07-06 00:00:00,curve_usdtwbtcweth,10k-100k,0xd51a44d3fae010294c616388b506acda1bfaae46,57,911597.1011074896,384.972446638789,9626275.285714285,,2367.9541459828697
2026-07-06 00:00:00,curve_usdtwbtcweth,1k-10k,0xd51a44d3fae010294c616388b506acda1bfaae46,3000,6373325.059915815,2703.1384274716697,9626275.285714285,,2357.750160015662
2026-07-06 00:00:00,sushiv2_ethusdt,0.5k-1k,0x06da0fd433c1a5d7a4faa01111c044910a184553,8,4976.348584961044,2.8216346880008123,530484.0,,1763.640277787658
2026-07-06 00:00:00,sushiv2_ethusdt,1k-10k,0x06da0fd433c1a5d7a4faa01111c044910a184553,2,2650.472363451612,1.4978672849788235,530484.0,,1769.4974648498876
2026-07-06 00:00:00,sushiv2_usdceth,0.5k-1k,0x397ff1542f962076d0bfe58ea045ffa2d347aca0,2,1156.687948435075,0.653218728411618,238221.85714285713,,1770.751354982893
2026-07-06 00:00:00,uniswap_v3_0.01_ethusdc,0.5k-1k,0xe0554a476a092703abdb3ef35c80e0d76d32939f,15947,11742770.620974971,6614.725293117181,3765778.714285714,0.01%,1775.2469075614788
2026-07-06 00:00:00,uniswap_v3_0.01_ethusdc,100k+,0xe0554a476a092703abdb3ef35c80e0d76d32939f,231,54510543.88350068,30759.996820189728,3765778.714285714,0.01%,1772.124496700922
2026-07-06 00:00:00,uniswap_v3_0.01_ethusdc,10k-100k,0xe0554a476a092703abdb3ef35c80e0d76d32939f,1569,33874392.98540892,19018.46289984289,3765778.714285714,0.01%,1781.1320065034674
2026-07-06 00:00:00,uniswap_v3_0.01_ethusdc,1k-10k,0xe0554a476a092703abdb3ef35c80e0d76d32939f,39163,114140799.01412892,64154.30772185275,3765778.714285714,0.01%,1779.1603255855784
2026-07-06 00:00:00,uniswap_v3_0.01_ethusdt,0.5k-1k,0xc7bbec68d12a0d1830360f8ec58fa599ba1b0e9b,15360,10955601.793189572,6179.040349036786,2922534.1428571427,0.01%,1773.0264206637485
2026-07-06 00:00:00,uniswap_v3_0.01_ethusdt,100k+,0xc7bbec68d12a0d1830360f8ec58fa599ba1b0e9b,140,32018703.00787656,17905.886912428938,2922534.1428571427,0.01%,1788.1662698121675
2026-07-06 00:00:00,uniswap_v3_0.01_ethusdt,10k-100k,0xc7bbec68d12a0d1830360f8ec58fa599ba1b0e9b,515,16567493.619136777,9326.44697998263,2922534.1428571427,0.01%,1776.3992713083148
2026-07-06 00:00:00,uniswap_v3_0.01_ethusdt,1k-10k,0xc7bbec68d12a0d1830360f8ec58fa599ba1b0e9b,10990,19780647.869372502,11163.237159465998,2922534.1428571427,0.01%,1771.9455017220762
2026-07-06 00:00:00,uniswap_v3_0.05_ethusdc,0.5k-1k,0x88e6a0c2ddd26feeb64f039a2c41296fcb3f5640,2002,1518428.3993408685,855.9161880401077,87112801.28571428,0.05%,1774.0386506975562
2026-07-06 00:00:00,uniswap_v3_0.05_ethusdc,100k+,0x88e6a0c2ddd26feeb64f039a2c41296fcb3f5640,725,123088206.99572513,69374.58222128887,87112801.28571428,0.05%,1774.2551097908195
2026-07-06 00:00:00,uniswap_v3_0.05_ethusdc,10k-100k,0x88e6a0c2ddd26feeb64f039a2c41296fcb3f5640,9560,310612853.80133873,175286.41650779528,87112801.28571428,0.05%,1772.03037171751
2026-07-06 00:00:00,uniswap_v3_0.05_ethusdc,1k-10k,0x88e6a0c2ddd26feeb64f039a2c41296fcb3f5640,8562,37795977.547080725,21305.752205371544,87112801.28571428,0.05%,1773.9799647886505
2026-07-06 00:00:00,uniswap_v3_0.05_ethusdt,0.5k-1k,0x11b815efb8f581194ae79006d24e0d814b7697f6,1591,1187603.8807845577,670.3008422582313,12763451.57142857,0.05%,1771.7475585791326
2026-07-06 00:00:00,uniswap_v3_0.05_ethusdt,100k+,0x11b815efb8f581194ae79006d24e0d814b7697f6,57,9841894.284125285,5543.569435696871,12763451.57142857,0.05%,1775.3713375988555
2026-07-06 00:00:00,uniswap_v3_0.05_ethusdt,10k-100k,0x11b815efb8f581194ae79006d24e0d814b7697f6,3471,69714146.86332741,39326.06017846789,12763451.57142857,0.05%,1772.7213594993646
2026-07-06 00:00:00,uniswap_v3_0.05_ethusdt,1k-10k,0x11b815efb8f581194ae79006d24e0d814b7697f6,10430,43414938.579813115,24482.86161694389,12763451.57142857,0.05%,1773.278763695126
2026-07-06 00:00:00,uniswap_v3_0.3_ethusdc,0.5k-1k,0x8ad599c3a0ff1de082011efddc58f1908eb6e6d8,65,53747.24978097764,30.278740289302203,20020511.714285713,0.3%,1775.0820961322195
2026-07-06 00:00:00,uniswap_v3_0.3_ethusdc,100k+,0x8ad599c3a0ff1de082011efddc58f1908eb6e6d8,12,1958172.751310888,1110.9329847137633,20020511.714285713,0.3%,1762.6380513091162
2026-07-06 00:00:00,uniswap_v3_0.3_ethusdc,10k-100k,0x8ad599c3a0ff1de082011efddc58f1908eb6e6d8,551,12366791.396942314,6984.506163635087,20020511.714285713,0.3%,1770.6035483696983
2026-07-06 00:00:00,uniswap_v3_0.3_ethusdc,1k-10k,0x8ad599c3a0ff1de082011efddc58f1908eb6e6d8,939,4229168.465715879,2390.600765870598,20020511.714285713,0.3%,1769.08186682343
2026-07-06 00:00:00,uniswap_v3_0.3_ethusdt,0.5k-1k,0x4e68ccd3e89f51c3074ca5072bbac773960dfa36,102,72585.47922266729,40.99342639330328,84041485.42857143,0.3%,1770.661435476516
2026-07-06 00:00:00,uniswap_v3_0.3_ethusdt,100k+,0x4e68ccd3e89f51c3074ca5072bbac773960dfa36,421,103659035.914853,58444.25570297287,84041485.42857143,0.3%,1773.6394221815747
2026-07-06 00:00:00,uniswap_v3_0.3_ethusdt,10k-100k,0x4e68ccd3e89f51c3074ca5072bbac773960dfa36,1086,44734605.88966424,25293.973276635526,84041485.42857143,0.3%,1768.5875366598239
2026-07-06 00:00:00,uniswap_v3_0.3_ethusdt,1k-10k,0x4e68ccd3e89f51c3074ca5072bbac773960dfa36,480,2237295.5382906436,1262.21802003028,84041485.42857143,0.3%,1772.511169058553
2026-07-06 00:00:00,uniswap_v3_1.0_ethusdc,0.5k-1k,0x7bea39867e4169dbe237d55c8242a8f2fcdcc387,22,13918.341421630426,7.8507920443819454,456463.63636363635,1%,1772.8582470338697
2026-07-06 00:00:00,uniswap_v3_1.0_ethusdc,1k-10k,0x7bea39867e4169dbe237d55c8242a8f2fcdcc387,8,11053.719342984954,6.216877109554131,456463.63636363635,1%,1778.0179900930543
2026-07-13 00:00:00,curve_usdcwbtcweth,0.5k-1k,0x7f86bf177dd4f3494b841a37e810a34dd56c829b,2687,1835603.45312062,790.7210421624402,251838.85714285713,,2321.4298788617875
2026-07-13 00:00:00,curve_usdcwbtcweth,10k-100k,0x7f86bf177dd4f3494b841a37e810a34dd56c829b,35,479707.22671070066,95.20901063847371,251838.85714285713,,5038.46456857154
2026-07-13 00:00:00,curve_usdcwbtcweth,1k-10k,0x7f86bf177dd4f3494b841a37e810a34dd56c829b,2137,4718242.8773423415,1883.989747940054,251838.85714285713,,2504.3888282838307
2026-07-13 00:00:00,curve_usdt,0.5k-1k,0xf5f5b97624542d72a9e06f04804bf81baa15e2b4,16,11561.94843512094,4.398064099928016,11885361.57142857,,2628.87219749939
2026-07-13 00:00:00,curve_usdt,10k-100k,0xf5f5b97624542d72a9e06f04804bf81baa15e2b4,1,11972.590070814691,6.642376650171499,11885361.57142857,,1802.455762653202
2026-07-13 00:00:00,curve_usdt,1k-10k,0xf5f5b97624542d72a9e06f04804bf81baa15e2b4,54,127202.37674836771,63.50735310572454,11885361.57142857,,2002.9550993348157
2026-07-13 00:00:00,curve_usdtwbtcweth,0.5k-1k,0xd51a44d3fae010294c616388b506acda1bfaae46,2125,1552888.9660883339,684.9420401410597,9792098.857142856,,2267.1830243746253
2026-07-13 00:00:00,curve_usdtwbtcweth,10k-100k,0xd51a44d3fae010294c616388b506acda1bfaae46,44,577389.2644595539,293.0594464854738,9792098.857142856,,1970.212089676398
2026-07-13 00:00:00,curve_usdtwbtcweth,1k-10k,0xd51a44d3fae010294c616388b506acda1bfaae46,2460,5038181.951295808,2076.0568011092478,9792098.857142856,,2426.8035193468127
2026-07-13 00:00:00,sushiv2_ethusdt,0.5k-1k,0x06da0fd433c1a5d7a4faa01111c044910a184553,10,6602.749361614067,3.569945092177404,540795.0,,1849.5380716309212
2026-07-13 00:00:00,uniswap_v3_0.01_ethusdc,0.5k-1k,0xe0554a476a092703abdb3ef35c80e0d76d32939f,12960,9585593.041423205,5188.871469070284,4346323.714285715,0.01%,1847.3367664936022
2026-07-13 00:00:00,uniswap_v3_0.01_ethusdc,100k+,0xe0554a476a092703abdb3ef35c80e0d76d32939f,235,83153615.99860941,43848.93051720719,4346323.714285715,0.01%,1896.3658866429657
2026-07-13 00:00:00,uniswap_v3_0.01_ethusdc,10k-100k,0xe0554a476a092703abdb3ef35c80e0d76d32939f,3366,61703753.924572945,33544.554372801205,4346323.714285715,0.01%,1839.4566593081333
2026-07-13 00:00:00,uniswap_v3_0.01_ethusdc,1k-10k,0xe0554a476a092703abdb3ef35c80e0d76d32939f,41237,141525714.13071314,76936.27497902879,4346323.714285715,0.01%,1839.518668785174
2026-07-13 00:00:00,uniswap_v3_0.01_ethusdt,0.5k-1k,0xc7bbec68d12a0d1830360f8ec58fa599ba1b0e9b,14333,10302351.200820662,5582.627647121862,2930992.8571428573,0.01%,1845.4304768350557
2026-07-13 00:00:00,uniswap_v3_0.01_ethusdt,100k+,0xc7bbec68d12a0d1830360f8ec58fa599ba1b0e9b,186,40264926.5934794,21881.273011189016,2930992.8571428573,0.01%,1840.1546643511044
2026-07-13 00:00:00,uniswap_v3_0.01_ethusdt,10k-100k,0xc7bbec68d12a0d1830360f8ec58fa599ba1b0e9b,336,10103889.412401974,5467.268749144974,2930992.8571428573,0.01%,1848.0689126507857
2026-07-13 00:00:00,uniswap_v3_0.01_ethusdt,1k-10k,0xc7bbec68d12a0d1830360f8ec58fa599ba1b0e9b,12324,23187700.168609742,12578.137194197756,2930992.8571428573,0.01%,1843.4923876729645
2026-07-13 00:00:00,uniswap_v3_0.05_ethusdc,0.5k-1k,0x88e6a0c2ddd26feeb64f039a2c41296fcb3f5640,1627,1272572.0115152614,689.6606985910784,92242126.57142857,0.05%,1845.214631071517
2026-07-13 00:00:00,uniswap_v3_0.05_ethusdc,100k+,0x88e6a0c2ddd26feeb64f039a2c41296fcb3f5640,1087,206659584.58998245,110364.38962870122,92242126.57142857,0.05%,1872.5205230169536
2026-07-13 00:00:00,uniswap_v3_0.05_ethusdc,10k-100k,0x88e6a0c2ddd26feeb64f039a2c41296fcb3f5640,9514,320524999.7376248,173230.49088952856,92242126.57142857,0.05%,1850.2805025359419
2026-07-13 00:00:00,uniswap_v3_0.05_ethusdc,1k-10k,0x88e6a0c2ddd26feeb64f039a2c41296fcb3f5640,7026,32108361.637055393,17401.99505565909,92242126.57142857,0.05%,1845.0965842915712
2026-07-13 00:00:00,uniswap_v3_0.05_ethusdt,0.5k-1k,0x11b815efb8f581194ae79006d24e0d814b7697f6,1263,941843.493706774,506.69270322124805,13263517.714285715,0.05%,1858.8061121052235
2026-07-13 00:00:00,uniswap_v3_0.05_ethusdt,100k+,0x11b815efb8f581194ae79006d24e0d814b7697f6,68,11955477.39764003,6424.200397229976,13263517.714285715,0.05%,1861.0062978102399
2026-07-13 00:00:00,uniswap_v3_0.05_ethusdt,10k-100k,0x11b815efb8f581194ae79006d24e0d814b7697f6,3152,65779179.116923004,35744.105959531975,13263517.714285715,0.05%,1840.2804420789128
2026-07-13 00:00:00,uniswap_v3_0.05_ethusdt,1k-10k,0x11b815efb8f581194ae79006d24e0d814b7697f6,10024,42260620.64229137,22880.078388651647,13263517.714285715,0.05%,1847.0487698701386
2026-07-13 00:00:00,uniswap_v3_0.3_ethusdc,0.5k-1k,0x8ad599c3a0ff1de082011efddc58f1908eb6e6d8,59,46516.38085243933,25.18625141076748,20429774.285714287,0.3%,1846.8957564901032
2026-07-13 00:00:00,uniswap_v3_0.3_ethusdc,100k+,0x8ad599c3a0ff1de082011efddc58f1908eb6e6d8,5,664902.170675835,361.91428776258454,20429774.285714287,0.3%,1837.1813248555975
2026-07-13 00:00:00,uniswap_v3_0.3_ethusdc,10k-100k,0x8ad599c3a0ff1de082011efddc58f1908eb6e6d8,514,11274324.010448994,6142.3081657935,20429774.285714287,0.3%,1835.5191087994704
2026-07-13 00:00:00,uniswap_v3_0.3_ethusdc,1k-10k,0x8ad599c3a0ff1de082011efddc58f1908eb6e6d8,1007,4420182.173619052,2400.4396472991716,20429774.285714287,0.3%,1841.4052519888896
2026-07-13 00:00:00,uniswap_v3_0.3_ethusdt,0.5k-1k,0x4e68ccd3e89f51c3074ca5072bbac773960dfa36,82,62909.9204569192,34.077577647113365,84849362.85714285,0.3%,1846.079586653019
2026-07-13 00:00:00,uniswap_v3_0.3_ethusdt,100k+,0x4e68ccd3e89f51c3074ca5072bbac773960dfa36,431,91337571.33598587,49553.59953863599,84849362.85714285,0.3%,1843.2076011909433
2026-07-13 00:00:00,uniswap_v3_0.3_ethusdt,10k-100k,0x4e68ccd3e89f51c3074ca5072bbac773960dfa36,1131,47551835.79315525,25821.787667262826,84849362.85714285,0.3%,1841.5392615687117
2026-07-13 00:00:00,uniswap_v3_0.3_ethusdt,1k-10k,0x4e68ccd3e89f51c3074ca5072bbac773960dfa36,545,2581690.296254746,1394.0846723355037,84849362.85714285,0.3%,1851.8891624636058
2026-07-13 00:00:00,uniswap_v3_1.0_ethusdc,0.5k-1k,0x7bea39867e4169dbe237d55c8242a8f2fcdcc387,33,19976.94052750195,10.827403940136582,695118.2857142857,1%,1845.0351199559984
2026-07-13 00:00:00,uniswap_v3_1.0_ethusdc,1k-10k,0x7bea39867e4169dbe237d55c8242a8f2fcdcc387,8,11723.46321311198,6.311719556214231,695118.2857142857,1%,1857.4119316770962
2026-07-20 00:00:00,curve_usdcwbtcweth,0.5k-1k,0x7f86bf177dd4f3494b841a37e810a34dd56c829b,2700,1892317.331182719,750.7728170943735,255052.42857142858,,2520.492601884987
2026-07-20 00:00:00,curve_usdcwbtcweth,10k-100k,0x7f86bf177dd4f3494b841a37e810a34dd56c829b,63,848090.8242008304,173.88813109425928,255052.42857142858,,4877.220882551824
2026-07-20 00:00:00,curve_usdcwbtcweth,1k-10k,0x7f86bf177dd4f3494b841a37e810a34dd56c829b,2426,5379265.496842889,1860.2015750974174,255052.42857142858,,2891.764832830647
2026-07-20 00:00:00,curve_usdt,0.5k-1k,0xf5f5b97624542d72a9e06f04804bf81baa15e2b4,17,13567.741235093277,7.026464329348738,12000173.57142857,,1930.9485680333382
2026-07-20 00:00:00,curve_usdt,1k-10k,0xf5f5b97624542d72a9e06f04804bf81baa15e2b4,23,47741.21581267316,23.984675933024864,12000173.57142857,,1990.4882578353938
2026-07-20 00:00:00,curve_usdtwbtcweth,0.5k-1k,0xd51a44d3fae010294c616388b506acda1bfaae46,1764,1302117.8624618722,569.9512954396102,9916877.0,,2284.6125149299523
2026-07-20 00:00:00,curve_usdtwbtcweth,10k-100k,0xd51a44d3fae010294c616388b506acda1bfaae46,39,522344.98406318884,251.4669034741177,9916877.0,,2077.191776916883
2026-07-20 00:00:00,curve_usdtwbtcweth,1k-10k,0xd51a44d3fae010294c616388b506acda1bfaae46,2100,4299147.584636347,1703.3873473268109,9916877.0,,2523.8813657875053
2026-07-20 00:00:00,sushiv2_ethusdt,0.5k-1k,0x06da0fd433c1a5d7a4faa01111c044910a184553,4,2210.3689410562934,1.149702432685851,547442.1428571428,,1922.557418524888
2026-07-20 00:00:00,sushiv2_usdceth,0.5k-1k,0x397ff1542f962076d0bfe58ea045ffa2d347aca0,1,963.482646875957,0.4918172640088048,245526.7142857143,,1959.025673524767
2026-07-20 00:00:00,sushiv2_usdceth,1k-10k,0x397ff1542f962076d0bfe58ea045ffa2d347aca0,1,1270.87583854049,0.6469052669914923,245526.7142857143,,1964.5470571770807
2026-07-20 00:00:00,uniswap_v3_0.01_ethusdc,0.5k-1k,0xe0554a476a092703abdb3ef35c80e0d76d32939f,12918,9595887.384921491,5057.7010810334095,4101062.5714285714,0.01%,1897.2824275650592
2026-07-20 00:00:00,uniswap_v3_0.01_ethusdc,100k+,0xe0554a476a092703abdb3ef35c80e0d76d32939f,179,61605403.64211264,32347.575872118898,4101062.5714285714,0.01%,1904.4828547789798
2026-07-20 00:00:00,uniswap_v3_0.01_ethusdc,10k-100k,0xe0554a476a092703abdb3ef35c80e0d76d32939f,1534,29849836.38657294,15751.535692863843,4101062.5714285714,0.01%,1895.0429322327132
2026-07-20 00:00:00,uniswap_v3_0.01_ethusdc,1k-10k,0xe0554a476a092703abdb3ef35c80e0d76d32939f,33869,102171191.46839178,53784.082875195265,4101062.5714285714,0.01%,1899.6548050373508
2026-07-20 00:00:00,uniswap_v3_0.01_ethusdt,0.5k-1k,0xc7bbec68d12a0d1830360f8ec58fa599ba1b0e9b,14208,10258565.780057035,5406.827749208106,3116383.4285714286,0.01%,1897.3354166053327
2026-07-20 00:00:00,uniswap_v3_0.01_ethusdt,100k+,0xc7bbec68d12a0d1830360f8ec58fa599ba1b0e9b,104,22717677.502187017,12026.78523480443,3116383.4285714286,0.01%,1888.9235201809465
2026-07-20 00:00:00,uniswap_v3_0.01_ethusdt,10k-100k,0xc7bbec68d12a0d1830360f8ec58fa599ba1b0e9b,415,11421586.53320581,6028.678915569851,3116383.4285714286,0.01%,1894.5421863002307
2026-07-20 00:00:00,uniswap_v3_0.01_ethusdt,1k-10k,0xc7bbec68d12a0d1830360f8ec58fa599ba1b0e9b,12176,24206570.9098681,12757.749741549636,3116383.4285714286,0.01%,1897.4012972704554
2026-07-20 00:00:00,uniswap_v3_0.05_ethusdc,0.5k-1k,0x88e6a0c2ddd26feeb64f039a2c41296fcb3f5640,1417,1078736.4624472042,567.9245948046873,95496142.0,0.05%,1899.436073583304
2026-07-20 00:00:00,uniswap_v3_0.05_ethusdc,100k+,0x88e6a0c2ddd26feeb64f039a2c41296fcb3f5640,1552,291704499.80491114,152457.73098414292,95496142.0,0.05%,1913.3467218874669
2026-07-20 00:00:00,uniswap_v3_0.05_ethusdc,10k-100k,0x88e6a0c2ddd26feeb64f039a2c41296fcb3f5640,8245,307369106.1940859,161610.196405069,95496142.0,0.05%,1901.9165438279554
2026-07-20 00:00:00,uniswap_v3_0.05_ethusdc,1k-10k,0x88e6a0c2ddd26feeb64f039a2c41296fcb3f5640,5873,25822379.52793451,13617.473693711056,95496142.0,0.05%,1896.267994250654
2026-07-20 00:00:00,uniswap_v3_0.05_ethusdt,0.5k-1k,0x11b815efb8f581194ae79006d24e0d814b7697f6,1329,1019264.6774806872,535.5982157465957,13529852.714285715,0.05%,1903.0397180466443
2026-07-20 00:00:00,uniswap_v3_0.05_ethusdt,100k+,0x11b815efb8f581194ae79006d24e0d814b7697f6,5,574284.8545849471,304.15721611312006,13529852.714285715,0.05%,1888.1184603273166
2026-07-20 00:00:00,uniswap_v3_0.05_ethusdt,10k-100k,0x11b815efb8f581194ae79006d24e0d814b7697f6,1700,33474842.12082404,17808.051128662726,13529852.714285715,0.05%,1879.7588730495627
2026-07-20 00:00:00,uniswap_v3_0.05_ethusdt,1k-10k,0x11b815efb8f581194ae79006d24e0d814b7697f6,8777,33559374.72702269,17716.066854576195,13529852.714285715,0.05%,1894.2903637978793
2026-07-20 00:00:00,uniswap_v3_0.3_ethusdc,0.5k-1k,0x8ad599c3a0ff1de082011efddc58f1908eb6e6d8,89,69970.49763304259,36.7845641905597,20787187.57142857,0.3%,1902.1700860873498
2026-07-20 00:00:00,uniswap_v3_0.3_ethusdc,100k+,0x8ad599c3a0ff1de082011efddc58f1908eb6e6d8,2,202855.0370305944,108.36323261307896,20787187.57142857,0.3%,1871.9913769544623
2026-07-20 00:00:00,uniswap_v3_0.3_ethusdc,10k-100k,0x8ad599c3a0ff1de082011efddc58f1908eb6e6d8,340,7377699.827591548,3921.1608205765665,20787187.57142857,0.3%,1881.5091155855048
2026-07-20 00:00:00,uniswap_v3_0.3_ethusdc,1k-10k,0x8ad599c3a0ff1de082011efddc58f1908eb6e6d8,948,3984730.843105723,2098.6533630654662,20787187.57142857,0.3%,1898.7084352440636
2026-07-20 00:00:00,uniswap_v3_0.3_ethusdt,0.5k-1k,0x4e68ccd3e89f51c3074ca5072bbac773960dfa36,129,95075.26825861362,50.16432930852617,85689352.42857143,0.3%,1895.2763760454418
2026-07-20 00:00:00,uniswap_v3_0.3_ethusdt,100k+,0x4e68ccd3e89f51c3074ca5072bbac773960dfa36,347,67892090.78425118,35832.3746136425,85689352.42857143,0.3%,1894.7136916346747
2026-07-20 00:00:00,uniswap_v3_0.3_ethusdt,10k-100k,0x4e68ccd3e89f51c3074ca5072bbac773960dfa36,1025,41019848.06888198,21617.22166045627,85689352.42857143,0.3%,1897.5541220414252
2026-07-20 00:00:00,uniswap_v3_0.3_ethusdt,1k-10k,0x4e68ccd3e89f51c3074ca5072bbac773960dfa36,453,2049311.0506411076,1079.5535243836102,85689352.42857143,0.3%,1898.2949935819042
2026-07-20 00:00:00,uniswap_v3_1.0_ethusdc,0.5k-1k,0x7bea39867e4169dbe237d55c8242a8f2fcdcc387,30,18704.36673438939,9.840291731394412,704135.7142857143,1%,1900.7939240983153
2026-07-20 00:00:00,uniswap_v3_1.0_ethusdc,1k-10k,0x7bea39867e4169dbe237d55c8242a8f2fcdcc387,4,5081.109462944113,2.6329008779681877,704135.7142857143,1%,1929.8521662787437
2026-07-27 00:00:00,curve_usdcwbtcweth,0.5k-1k,0x7f86bf177dd4f3494b841a37e810a34dd56c829b,2138,1478339.5638776962,630.1561581374767,253040.57142857142,,2345.9892358223647
2026-07-27 00:00:00,curve_usdcwbtcweth,10k-100k,0x7f86bf177dd4f3494b841a37e810a34dd56c829b,26,352482.79879064765,131.06793774277065,253040.57142857142,,2689.313686177149
2026-07-27 00:00:00,curve_usdcwbtcweth,1k-10k,0x7f86bf177dd4f3494b841a37e810a34dd56c829b,1940,4249603.84950343,1665.2560525779845,253040.57142857142,,2551.922176126977
2026-07-27 00:00:00,curve_usdt,0.5k-1k,0xf5f5b97624542d72a9e06f04804bf81baa15e2b4,3,2573.0591923098027,0.8930931715937913,11825946.714285715,,2881.0646796436554
2026-07-27 00:00:00,curve_usdt,1k-10k,0xf5f5b97624542d72a9e06f04804bf81baa15e2b4,22,65326.57299908537,11.711728843835129,11825946.714285715,,5577.876150494405
2026-07-27 00:00:00,curve_usdtwbtcweth,0.5k-1k,0xd51a44d3fae010294c616388b506acda1bfaae46,1620,1162278.9382312214,502.5864562448104,9836388.42857143,,2312.5950247753476
2026-07-27 00:00:00,curve_usdtwbtcweth,10k-100k,0xd51a44d3fae010294c616388b506acda1bfaae46,36,497283.98358468624,212.96053023832107,9836388.42857143,,2335.099292944955
2026-07-27 00:00:00,curve_usdtwbtcweth,1k-10k,0xd51a44d3fae010294c616388b506acda1bfaae46,2261,5065541.191299573,2023.9033338667834,9836388.42857143,,2502.857279068544
2026-07-27 00:00:00,sushiv2_ethusdt,0.5k-1k,0x06da0fd433c1a5d7a4faa01111c044910a184553,12,7343.193444584268,3.878007787260053,545547.7142857143,,1893.5478852590156
2026-07-27 00:00:00,sushiv2_ethusdt,1k-10k,0x06da0fd433c1a5d7a4faa01111c044910a184553,2,2486.987853626675,1.2953091705468316,545547.7142857143,,1919.9955579537516
2026-07-27 00:00:00,sushiv2_usdceth,0.5k-1k,0x397ff1542f962076d0bfe58ea045ffa2d347aca0,1,644.547916467546,0.3483608038466541,244733.7142857143,,1850.2308794512696
2026-07-27 00:00:00,uniswap_v3_0.01_ethusdc,0.5k-1k,0xe0554a476a092703abdb3ef35c80e0d76d32939f,14228,10576445.572267335,5571.149818741967,3907721.8571428573,0.01%,1898.4313680969408
2026-07-27 00:00:00,uniswap_v3_0.01_ethusdc,100k+,0xe0554a476a092703abdb3ef35c80e0d76d32939f,222,82771606.83857018,42989.5565290256,3907721.8571428573,0.01%,1925.3887111555714
2026-07-27 00:00:00,uniswap_v3_0.01_ethusdc,10k-100k,0xe0554a476a092703abdb3ef35c80e0d76d32939f,1634,30687587.507173013,16211.92176863953,3907721.8571428573,0.01%,1892.9025161307727
2026-07-27 00:00:00,uniswap_v3_0.01_ethusdc,1k-10k,0xe0554a476a092703abdb3ef35c80e0d76d32939f,35484,109976341.55405203,57947.68625227891,3907721.8571428573,0.01%,1897.855611961159
2026-07-27 00:00:00,uniswap_v3_0.01_ethusdt,0.5k-1k,0xc7bbec68d12a0d1830360f8ec58fa599ba1b0e9b,13628,9955842.3678214,5245.313917920162,3454975.4285714286,0.01%,1898.0450977029466
2026-07-27 00:00:00,uniswap_v3_0.01_ethusdt,100k+,0xc7bbec68d12a0d1830360f8ec58fa599ba1b0e9b,116,26007574.49304998,13732.266385878997,3454975.4285714286,0.01%,1893.9025622015156
2026-07-27 00:00:00,uniswap_v3_0.01_ethusdt,10k-100k,0xc7bbec68d12a0d1830360f8ec58fa599ba1b0e9b,556,15474336.839384124,8174.181307498419,3454975.4285714286,0.01%,1893.074823920171
2026-07-27 00:00:00,uniswap_v3_0.01_ethusdt,1k-10k,0xc7bbec68d12a0d1830360f8ec58fa599ba1b0e9b,18797,42903327.43685754,22560.23532750658,3454975.4285714286,0.01%,1901.72340022303
2026-07-27 00:00:00,uniswap_v3_0.05_ethusdc,0.5k-1k,0x88e6a0c2ddd26feeb64f039a2c41296fcb3f5640,2052,1516016.9948405134,797.66650694573,98772697.0,0.05%,1900.5649374014108
2026-07-27 00:00:00,uniswap_v3_0.05_ethusdc,100k+,0x88e6a0c2ddd26feeb64f039a2c41296fcb3f5640,2024,384238709.62089837,201163.7727225752,98772697.0,0.05%,1910.0790585728457
2026-07-27 00:00:00,uniswap_v3_0.05_ethusdc,10k-100k,0x88e6a0c2ddd26feeb64f039a2c41296fcb3f5640,8294,310866145.4082632,163480.0489394439,98772697.0,0.05%,1901.5540270813958
2026-07-27 00:00:00,uniswap_v3_0.05_ethusdc,1k-10k,0x88e6a0c2ddd26feeb64f039a2c41296fcb3f5640,5806,24495807.33889619,12925.806412105356,98772697.0,0.05%,1895.1086344566652
2026-07-27 00:00:00,uniswap_v3_0.05_ethusdt,0.5k-1k,0x11b815efb8f581194ae79006d24e0d814b7697f6,1271,965945.4863358322,507.90260144313265,13670658.714285715,0.05%,1901.8321300013745
2026-07-27 00:00:00,uniswap_v3_0.05_ethusdt,100k+,0x11b815efb8f581194ae79006d24e0d814b7697f6,27,3884085.44266364,2087.5677512541806,13670658.714285715,0.05%,1860.579346624864
2026-07-27 00:00:00,uniswap_v3_0.05_ethusdt,10k-100k,0x11b815efb8f581194ae79006d24e0d814b7697f6,2562,54604918.18210703,29016.601913537987,13670658.714285715,0.05%,1881.8508915970122
2026-07-27 00:00:00,uniswap_v3_0.05_ethusdt,1k-10k,0x11b815efb8f581194ae79006d24e0d814b7697f6,8619,36125334.80219464,19051.90117141533,13670658.714285715,0.05%,1896.153799936542
2026-07-27 00:00:00,uniswap_v3_0.3_ethusdc,0.5k-1k,0x8ad599c3a0ff1de082011efddc58f1908eb6e6d8,211,167880.4476886138,88.1163691410388,20700655.285714287,0.3%,1905.2129510682046
2026-07-27 00:00:00,uniswap_v3_0.3_ethusdc,100k+,0x8ad599c3a0ff1de082011efddc58f1908eb6e6d8,5,577623.3887929018,310.53662069003474,20700655.285714287,0.3%,1860.0813891430291
2026-07-27 00:00:00,uniswap_v3_0.3_ethusdc,10k-100k,0x8ad599c3a0ff1de082011efddc58f1908eb6e6d8,353,7840119.3239386305,4169.136498529745,20700655.285714287,0.3%,1880.5139449628155
2026-07-27 00:00:00,uniswap_v3_0.3_ethusdc,1k-10k,0x8ad599c3a0ff1de082011efddc58f1908eb6e6d8,999,4199352.975153461,2210.9820746689334,20700655.285714287,0.3%,1899.3157037613075
2026-07-27 00:00:00,uniswap_v3_0.3_ethusdt,0.5k-1k,0x4e68ccd3e89f51c3074ca5072bbac773960dfa36,185,140211.57315770304,73.94764742731181,83868934.85714285,0.3%,1896.0924118042642
2026-07-27 00:00:00,uniswap_v3_0.3_ethusdt,100k+,0x4e68ccd3e89f51c3074ca5072bbac773960dfa36,407,87024392.75286244,45957.5729890554,83868934.85714285,0.3%,1893.5811247819142
2026-07-27 00:00:00,uniswap_v3_0.3_ethusdt,10k-100k,0x4e68ccd3e89f51c3074ca5072bbac773960dfa36,1154,46606197.20864216,24556.515792588023,83868934.85714285,0.3%,1897.9157141954752
2026-07-27 00:00:00,uniswap_v3_0.3_ethusdt,1k-10k,0x4e68ccd3e89f51c3074ca5072bbac773960dfa36,449,1942283.7179227334,1023.6804965657707,83868934.85714285,0.3%,1897.3534461569604
2026-07-27 00:00:00,uniswap_v3_1.0_ethusdc,0.5k-1k,0x7bea39867e4169dbe237d55c8242a8f2fcdcc387,41,28749.188814088386,15.249017861044097,702876.7142857143,1%,1885.3141281664114
2026-07-27 00:00:00,uniswap_v3_1.0_ethusdc,1k-10k,0x7bea39867e4169dbe237d55c8242a8f2fcdcc387,5,5773.405841707722,3.0563243150908876,702876.7142857143,1%,1889.0030135875927
2026-08-03 00:00:00,curve_usdcwbtcweth,0.5k-1k,0x7f86bf177dd4f3494b841a37e810a34dd56c829b,2503,1808845.3097780626,724.6528216094766,254250.85714285713,,2496.1543732908685
2026-08-03 00:00:00,curve_usdcwbtcweth,10k-100k,0x7f86bf177dd4f3494b841a37e810a34dd56c829b,38,591522.1662299453,117.5532770511042,254250.85714285713,,5031.9496067539785
2026-08-03 00:00:00,curve_usdcwbtcweth,1k-10k,0x7f86bf177dd4f3494b841a37e810a34dd56c829b,3310,7442830.239207626,2694.676642487073,254250.85714285713,,2762.049487443587
2026-08-03 00:00:00,curve_usdt,0.5k-1k,0xf5f5b97624542d72a9e06f04804bf81baa15e2b4,84,57472.84028360767,25.56379480208117,11831357.714285715,,2248.212392900633
2026-08-03 00:00:00,curve_usdt,10k-100k,0xf5f5b97624542d72a9e06f04804bf81baa15e2b4,2,33426.56139916555,17.71197466278879,11831357.714285715,,1887.2295176320256
2026-08-03 00:00:00,curve_usdt,1k-10k,0xf5f5b97624542d72a9e06f04804bf81baa15e2b4,71,175249.11227160427,60.69484608628506,11831357.714285715,,2887.3804543876176
2026-08-03 00:00:00,curve_usdtwbtcweth,0.5k-1k,0xd51a44d3fae010294c616388b506acda1bfaae46,1409,1085096.737748034,448.53303571224006,9871522.857142856,,2419.2125247251274
2026-08-03 00:00:00,curve_usdtwbtcweth,10k-100k,0xd51a44d3fae010294c616388b506acda1bfaae46,41,586427.6380384329,253.52893285730667,9871522.857142856,,2313.0600181577347
2026-08-03 00:00:00,curve_usdtwbtcweth,1k-10k,0xd51a44d3fae010294c616388b506acda1bfaae46,3222,7346557.90494951,2791.773431803113,9871522.857142856,,2631.502191853948
2026-08-03 00:00:00,sushiv2_ethusdt,0.5k-1k,0x06da0fd433c1a5d7a4faa01111c044910a184553,4,2750.748346898495,1.4581377777055076,547201.2857142857,,1886.4804060059469
2026-08-03 00:00:00,sushiv2_usdceth,0.5k-1k,0x397ff1542f962076d0bfe58ea045ffa2d347aca0,1,593.2581093775801,0.3199999992872773,245371.57142857142,,1853.9315959341227
2026-08-03 00:00:00,uniswap_v3_0.01_ethusdc,0.5k-1k,0xe0554a476a092703abdb3ef35c80e0d76d32939f,10932,8132893.0993573265,4294.954872321104,4345439.857142857,0.01%,1893.5922125212232
2026-08-03 00:00:00,uniswap_v3_0.01_ethusdc,100k+,0xe0554a476a092703abdb3ef35c80e0d76d32939f,110,28934782.071940295,15188.335014106278,4345439.857142857,0.01%,1905.0660948067648
2026-08-03 00:00:00,uniswap_v3_0.01_ethusdc,10k-100k,0xe0554a476a092703abdb3ef35c80e0d76d32939f,1469,29316404.080258776,15489.229918926503,4345439.857142857,0.01%,1892.6960367756346
2026-08-03 00:00:00,uniswap_v3_0.01_ethusdc,1k-10k,0xe0554a476a092703abdb3ef35c80e0d76d32939f,30248,92192709.3154082,48772.80779526092,4345439.857142857,0.01%,1890.2481420060103
2026-08-03 00:00:00,uniswap_v3_0.01_ethusdt,0.5k-1k,0xc7bbec68d12a0d1830360f8ec58fa599ba1b0e9b,11746,8624418.55922999,4560.437504599208,3486307.714285714,0.01%,1891.138416112983
2026-08-03 00:00:00,uniswap_v3_0.01_ethusdt,100k+,0xc7bbec68d12a0d1830360f8ec58fa599ba1b0e9b,122,32168644.933287315,16887.639242102567,3486307.714285714,0.01%,1904.8633424787806
2026-08-03 00:00:00,uniswap_v3_0.01_ethusdt,10k-100k,0xc7bbec68d12a0d1830360f8ec58fa599ba1b0e9b,377,10942073.81138832,5780.479425019321,3486307.714285714,0.01%,1892.9353444332598
2026-08-03 00:00:00,uniswap_v3_0.01_ethusdt,1k-10k,0xc7bbec68d12a0d1830360f8ec58fa599ba1b0e9b,14198,29193788.315893188,15404.809429186766,3486307.714285714,0.01%,1895.108696416659
2026-08-03 00:00:00,uniswap_v3_0.05_ethusdc,0.5k-1k,0x88e6a0c2ddd26feeb64f039a2c41296fcb3f5640,1258,939664.2081639088,496.8785015735325,96417157.57142857,0.05%,1891.134764712393
2026-08-03 00:00:00,uniswap_v3_0.05_ethusdc,100k+,0x88e6a0c2ddd26feeb64f039a2c41296fcb3f5640,1018,189742342.00388777,99763.59891169726,96417157.57142857,0.05%,1901.9195786213816
2026-08-03 00:00:00,uniswap_v3_0.05_ethusdc,10k-100k,0x88e6a0c2ddd26feeb64f039a2c41296fcb3f5640,6368,228734293.84495753,121056.30663946338,96417157.57142857,0.05%,1889.4868032459203
2026-08-03 00:00:00,uniswap_v3_0.05_ethusdc,1k-10k,0x88e6a0c2ddd26feeb64f039a2c41296fcb3f5640,4320,18780820.10063615,9949.071763756372,96417157.57142857,0.05%,1887.69571137813
2026-08-03 00:00:00,uniswap_v3_0.05_ethusdt,0.5k-1k,0x11b815efb8f581194ae79006d24e0d814b7697f6,858,643978.2717113764,340.02835291929244,12533217.285714285,0.05%,1893.895806577718
2026-08-03 00:00:00,uniswap_v3_0.05_ethusdt,100k+,0x11b815efb8f581194ae79006d24e0d814b7697f6,20,2857983.5142718367,1520.0288374108873,12533217.285714285,0.05%,1880.216640586852
2026-08-03 00:00:00,uniswap_v3_0.05_ethusdt,10k-100k,0x11b815efb8f581194ae79006d24e0d814b7697f6,2422,53035801.9228273,28316.30552320378,12533217.285714285,0.05%,1872.977457435863
2026-08-03 00:00:00,uniswap_v3_0.05_ethusdt,1k-10k,0x11b815efb8f581194ae79006d24e0d814b7697f6,6155,26621205.568418447,14113.613015108363,12533217.285714285,0.05%,1886.2077017359718
2026-08-03 00:00:00,uniswap_v3_0.3_ethusdc,0.5k-1k,0x8ad599c3a0ff1de082011efddc58f1908eb6e6d8,93,75479.85427619918,40.05985935039219,17442856.42857143,0.3%,1884.1767170473163
2026-08-03 00:00:00,uniswap_v3_0.3_ethusdc,100k+,0x8ad599c3a0ff1de082011efddc58f1908eb6e6d8,1,112220.4353966746,59.33570671538566,17442856.42857143,0.3%,1891.28
2026-08-03 00:00:00,uniswap_v3_0.3_ethusdc,10k-100k,0x8ad599c3a0ff1de082011efddc58f1908eb6e6d8,191,4375530.453050955,2344.529352368664,17442856.42857143,0.3%,1866.2724135359545
2026-08-03 00:00:00,uniswap_v3_0.3_ethusdc,1k-10k,0x8ad599c3a0ff1de082011efddc58f1908eb6e6d8,537,2113106.1295521455,1123.019139704131,17442856.42857143,0.3%,1881.6296667115232
2026-08-03 00:00:00,uniswap_v3_0.3_ethusdt,0.5k-1k,0x4e68ccd3e89f51c3074ca5072bbac773960dfa36,157,117026.7814874217,62.12705414369873,78866695.71428572,0.3%,1883.6686062201004
2026-08-03 00:00:00,uniswap_v3_0.3_ethusdt,100k+,0x4e68ccd3e89f51c3074ca5072bbac773960dfa36,200,43579326.526139885,23196.612528621812,78866695.71428572,0.3%,1878.6935580515592
2026-08-03 00:00:00,uniswap_v3_0.3_ethusdt,10k-100k,0x4e68ccd3e89f51c3074ca5072bbac773960dfa36,625,24232309.284865174,12873.2183062817,78866695.71428572,0.3%,1882.3816009583725
2026-08-03 00:00:00,uniswap_v3_0.3_ethusdt,1k-10k,0x4e68ccd3e89f51c3074ca5072bbac773960dfa36,302,1338845.4899949995,712.3211089732897,78866695.71428572,0.3%,1879.5532985464324
2026-08-03 00:00:00,uniswap_v3_1.0_ethusdc,0.5k-1k,0x7bea39867e4169dbe237d55c8242a8f2fcdcc387,12,8413.7073237809,4.4536274582567845,704610.5714285715,1%,1889.1807639146696
2026-08-10 00:00:00,curve_usdcwbtcweth,0.5k-1k,0x7f86bf177dd4f3494b841a37e810a34dd56c829b,2406,1685732.4737521347,645.9298265821536,252061.7142857143,,2609.7764871332074
2026-08-10 00:00:00,curve_usdcwbtcweth,10k-100k,0x7f86bf177dd4f3494b841a37e810a34dd56c829b,19,248846.4891192813,120.13139006364786,252061.7142857143,,2071.452673505549
2026-08-10 00:00:00,curve_usdcwbtcweth,1k-10k,0x7f86bf177dd4f3494b841a37e810a34dd56c829b,2015,4180382.052374056,1485.1001465135914,252061.7142857143,,2814.8822570571324
2026-08-10 00:00:00,curve_usdt,0.5k-1k,0xf5f5b97624542d72a9e06f04804bf81baa15e2b4,118,82361.8305927518,33.356333289838986,11721949.42857143,,2469.1512066717737
2026-08-10 00:00:00,curve_usdt,10k-100k,0xf5f5b97624542d72a9e06f04804bf81baa15e2b4,3,37283.427037945075,19.83466643425639,11721949.42857143,,1879.7103123223178
2026-08-10 00:00:00,curve_usdt,1k-10k,0xf5f5b97624542d72a9e06f04804bf81baa15e2b4,87,195660.2754915613,82.63850745223988,11721949.42857143,,2367.664682286781
2026-08-10 00:00:00,curve_usdtwbtcweth,0.5k-1k,0xd51a44d3fae010294c616388b506acda1bfaae46,1549,1167646.0120265875,474.99571858106145,9781231.42857143,,2458.2242878202287
2026-08-10 00:00:00,curve_usdtwbtcweth,10k-100k,0xd51a44d3fae010294c616388b506acda1bfaae46,33,401975.7324611555,187.77165201200847,9781231.42857143,,2140.7690040211614
2026-08-10 00:00:00,curve_usdtwbtcweth,1k-10k,0xd51a44d3fae010294c616388b506acda1bfaae46,2132,4713339.830618285,1837.7263295811583,9781231.42857143,,2564.766992097521
2026-08-10 00:00:00,sushiv2_ethusdt,0.5k-1k,0x06da0fd433c1a5d7a4faa01111c044910a184553,3,1865.7250834096437,0.991934303641141,542189.8571428572,,1880.8958179599565
2026-08-10 00:00:00,uniswap_v3_0.01_ethusdc,0.5k-1k,0xe0554a476a092703abdb3ef35c80e0d76d32939f,11731,8713968.740445752,4625.536673083981,4931503.428571428,0.01%,1883.8827483851494
2026-08-10 00:00:00,uniswap_v3_0.01_ethusdc,100k+,0xe0554a476a092703abdb3ef35c80e0d76d32939f,139,62892528.68651456,33174.29539429975,4931503.428571428,0.01%,1895.821084939191
2026-08-10 00:00:00,uniswap_v3_0.01_ethusdc,10k-100k,0xe0554a476a092703abdb3ef35c80e0d76d32939f,1659,29607301.003486406,15718.459342688737,4931503.428571428,0.01%,1883.6006988978793
2026-08-10 00:00:00,uniswap_v3_0.01_ethusdc,1k-10k,0xe0554a476a092703abdb3ef35c80e0d76d32939f,31979,99314164.57856545,52708.0479873652,4931503.428571428,0.01%,1884.231504880855
2026-08-10 00:00:00,uniswap_v3_0.01_ethusdt,0.5k-1k,0xc7bbec68d12a0d1830360f8ec58fa599ba1b0e9b,13460,9813691.177368823,5208.536523241404,3495771.1428571427,0.01%,1884.155200520993
2026-08-10 00:00:00,uniswap_v3_0.01_ethusdt,100k+,0xc7bbec68d12a0d1830360f8ec58fa599ba1b0e9b,97,21166028.64103306,11393.007914187989,3495771.1428571427,0.01%,1857.8086489937828
2026-08-10 00:00:00,uniswap_v3_0.01_ethusdt,10k-100k,0xc7bbec68d12a0d1830360f8ec58fa599ba1b0e9b,304,10823931.705998398,5757.304250755316,3495771.1428571427,0.01%,1880.0346889046862
2026-08-10 00:00:00,uniswap_v3_0.01_ethusdt,1k-10k,0xc7bbec68d12a0d1830360f8ec58fa599ba1b0e9b,14668,29580836.934001263,15691.784584293033,3495771.1428571427,0.01%,1885.116174970355
2026-08-10 00:00:00,uniswap_v3_0.05_ethusdc,0.5k-1k,0x88e6a0c2ddd26feeb64f039a2c41296fcb3f5640,1118,842183.0508677356,447.39092382994806,97098856.0,0.05%,1882.4321326371987
2026-08-10 00:00:00,uniswap_v3_0.05_ethusdc,100k+,0x88e6a0c2ddd26feeb64f039a2c41296fcb3f5640,671,138103378.8702354,72939.65384793568,97098856.0,0.05%,1893.3922987645763
2026-08-10 00:00:00,uniswap_v3_0.05_ethusdc,10k-100k,0x88e6a0c2ddd26feeb64f039a2c41296fcb3f5640,5397,181642994.76036918,96318.948567069,97098856.0,0.05%,1885.84901997645
2026-08-10 00:00:00,uniswap_v3_0.05_ethusdc,1k-10k,0x88e6a0c2ddd26feeb64f039a2c41296fcb3f5640,4205,18584983.161423627,9869.244424126204,97098856.0,0.05%,1883.1211755168472
2026-08-10 00:00:00,uniswap_v3_0.05_ethusdt,0.5k-1k,0x11b815efb8f581194ae79006d24e0d814b7697f6,857,649594.3632138387,344.7774485550125,10881311.857142856,0.05%,1884.0975995858666
2026-08-10 00:00:00,uniswap_v3_0.05_ethusdt,100k+,0x11b815efb8f581194ae79006d24e0d814b7697f6,11,1826106.4007198177,971.3795094853773,10881311.857142856,0.05%,1879.9103572683578
2026-08-10 00:00:00,uniswap_v3_0.05_ethusdt,10k-100k,0x11b815efb8f581194ae79006d24e0d814b7697f6,1347,26488711.17654015,14078.933481503658,10881311.857142856,0.05%,1881.4430234605459
2026-08-10 00:00:00,uniswap_v3_0.05_ethusdt,1k-10k,0x11b815efb8f581194ae79006d24e0d814b7697f6,6481,25775340.31511168,13681.96191719453,10881311.857142856,0.05%,1883.8921253478304
2026-08-10 00:00:00,uniswap_v3_0.3_ethusdc,0.5k-1k,0x8ad599c3a0ff1de082011efddc58f1908eb6e6d8,68,53544.961682235975,28.429210616933982,16261030.57142857,0.3%,1883.4487669644154
2026-08-10 00:00:00,uniswap_v3_0.3_ethusdc,10k-100k,0x8ad599c3a0ff1de082011efddc58f1908eb6e6d8,60,1077342.4077250278,571.127638496395,16261030.57142857,0.3%,1886.3426230979505
2026-08-10 00:00:00,uniswap_v3_0.3_ethusdc,1k-10k,0x8ad599c3a0ff1de082011efddc58f1908eb6e6d8,465,1611679.020823374,854.3413285541089,16261030.57142857,0.3%,1886.457984598482
2026-08-10 00:00:00,uniswap_v3_0.3_ethusdt,0.5k-1k,0x4e68ccd3e89f51c3074ca5072bbac773960dfa36,85,61326.08030498501,32.530543153928015,79332966.57142857,0.3%,1885.1846406253433
2026-08-10 00:00:00,uniswap_v3_0.3_ethusdt,100k+,0x4e68ccd3e89f51c3074ca5072bbac773960dfa36,155,33611088.78132763,17814.669665957885,79332966.57142857,0.3%,1886.70850549394
2026-08-10 00:00:00,uniswap_v3_0.3_ethusdt,10k-100k,0x4e68ccd3e89f51c3074ca5072bbac773960dfa36,492,19535208.405851554,10364.110396173583,79332966.57142857,0.3%,1884.8900348518027
2026-08-10 00:00:00,uniswap_v3_0.3_ethusdt,1k-10k,0x4e68ccd3e89f51c3074ca5072bbac773960dfa36,256,1183640.4119168483,628.0169652230617,79332966.57142857,0.3%,1884.726810678495
2026-08-10 00:00:00,uniswap_v3_1.0_ethusdc,0.5k-1k,0x7bea39867e4169dbe237d55c8242a8f2fcdcc387,12,7790.63001252849,4.138419848062,556785.4444444445,1%,1882.513205173419
2026-08-10 00:00:00,uniswap_v3_1.0_ethusdc,1k-10k,0x7bea39867e4169dbe237d55c8242a8f2fcdcc387,1,1387.5449218124127,0.7325190563941762,556785.4444444445,1%,1894.21
2026-08-17 00:00:00,curve_usdcwbtcweth,0.5k-1k,0x7f86bf177dd4f3494b841a37e810a34dd56c829b,1973,1332695.6390497042,441.9583015880561,278884.14285714284,,3015.432981484967
2026-08-17 00:00:00,curve_usdcwbtcweth,10k-100k,0x7f86bf177dd4f3494b841a37e810a34dd56c829b,9,109585.09837810036,47.84062526685016,278884.14285714284,,2290.628472492694
2026-08-17 00:00:00,curve_usdcwbtcweth,1k-10k,0x7f86bf177dd4f3494b841a37e810a34dd56c829b,1289,2639374.0697676777,839.8248835939446,278884.14285714284,,3142.767166498743
2026-08-17 00:00:00,curve_usdt,0.5k-1k,0xf5f5b97624542d72a9e06f04804bf81baa15e2b4,141,100937.57306939377,28.186349105473347,12935334.42857143,,3581.0800714801785
2026-08-17 00:00:00,curve_usdt,10k-100k,0xf5f5b97624542d72a9e06f04804bf81baa15e2b4,28,512226.45038586936,207.9705065139591,12935334.42857143,,2462.976404548442
2026-08-17 00:00:00,curve_usdt,1k-10k,0xf5f5b97624542d72a9e06f04804bf81baa15e2b4,419,1239672.4214088062,378.3965687058251,12935334.42857143,,3276.1196161177627
2026-08-17 00:00:00,curve_usdtwbtcweth,0.5k-1k,0xd51a44d3fae010294c616388b506acda1bfaae46,1517,1132003.3050179721,426.77585143361085,10829486.142857144,,2652.4539783949476
2026-08-17 00:00:00,curve_usdtwbtcweth,10k-100k,0xd51a44d3fae010294c616388b506acda1bfaae46,149,2461328.0043557095,826.2377903375275,10829486.142857144,,2978.958398102596
2026-08-17 00:00:00,curve_usdtwbtcweth,1k-10k,0xd51a44d3fae010294c616388b506acda1bfaae46,4000,10443447.250605898,3401.188500231068,10829486.142857144,,3070.528801886869
2026-08-17 00:00:00,sushiv2_ethusdt,0.5k-1k,0x06da0fd433c1a5d7a4faa01111c044910a184553,68,44294.60675456241,19.27422263123621,590404.7142857143,,2298.126757277237
2026-08-17 00:00:00,sushiv2_ethusdt,1k-10k,0x06da0fd433c1a5d7a4faa01111c044910a184553,22,36682.62008996435,16.19983655708444,590404.7142857143,,2264.3821103196547
2026-08-17 00:00:00,sushiv2_usdceth,0.5k-1k,0x397ff1542f962076d0bfe58ea045ffa2d347aca0,27,18102.666289586567,7.883906995277883,262787.4285714286,,2296.1542164854654
2026-08-17 00:00:00,sushiv2_usdceth,1k-10k,0x397ff1542f962076d0bfe58ea045ffa2d347aca0,7,8001.314325932242,3.5401222898805407,262787.4285714286,,2260.1802058657813
2026-08-17 00:00:00,uniswap_v3_0.01_ethusdc,0.5k-1k,0xe0554a476a092703abdb3ef35c80e0d76d32939f,16765,12393397.172188552,5556.048869211148,4949914.0,0.01%,2230.613420423024
2026-08-17 00:00:00,uniswap_v3_0.01_ethusdc,100k+,0xe0554a476a092703abdb3ef35c80e0d76d32939f,391,117237557.71436699,52675.299658914766,4949914.0,0.01%,2225.6647512877644
2026-08-17 00:00:00,uniswap_v3_0.01_ethusdc,10k-100k,0xe0554a476a092703abdb3ef35c80e0d76d32939f,8124,154855319.08825734,68194.21125938582,4949914.0,0.01%,2270.79859460863
2026-08-17 00:00:00,uniswap_v3_0.01_ethusdc,1k-10k,0xe0554a476a092703abdb3ef35c80e0d76d32939f,57257,202714517.1440072,90287.92545860603,4949914.0,0.01%,2245.200741010989
2026-08-17 00:00:00,uniswap_v3_0.01_ethusdt,0.5k-1k,0xc7bbec68d12a0d1830360f8ec58fa599ba1b0e9b,16828,12444819.186535545,5655.50046758387,3915288.1428571427,0.01%,2200.4806219832553
2026-08-17 00:00:00,uniswap_v3_0.01_ethusdt,100k+,0xc7bbec68d12a0d1830360f8ec58fa599ba1b0e9b,202,53186080.22242057,26997.13517619192,3915288.1428571427,0.01%,1970.0638558614178
2026-08-17 00:00:00,uniswap_v3_0.01_ethusdt,10k-100k,0xc7bbec68d12a0d1830360f8ec58fa599ba1b0e9b,2035,41485598.81571938,18572.070822389054,3915288.1428571427,0.01%,2233.7626865878383
2026-08-17 00:00:00,uniswap_v3_0.01_ethusdt,1k-10k,0xc7bbec68d12a0d1830360f8ec58fa599ba1b0e9b,32348,83917187.10389411,37288.01981535362,3915288.1428571427,0.01%,2250.513369158332
2026-08-17 00:00:00,uniswap_v3_0.05_ethusdc,0.5k-1k,0x88e6a0c2ddd26feeb64f039a2c41296fcb3f5640,2375,1738376.5020019964,771.6079021647952,102487003.28571428,0.05%,2252.9272926377116
2026-08-17 00:00:00,uniswap_v3_0.05_ethusdc,100k+,0x88e6a0c2ddd26feeb64f039a2c41296fcb3f5640,2096,451343591.25437987,209577.45257683337,102487003.28571428,0.05%,2153.588497736475
2026-08-17 00:00:00,uniswap_v3_0.05_ethusdc,10k-100k,0x88e6a0c2ddd26feeb64f039a2c41296fcb3f5640,13484,473794110.445842,212204.53802859454,102487003.28571428,0.05%,2232.7237430803593
2026-08-17 00:00:00,uniswap_v3_0.05_ethusdc,1k-10k,0x88e6a0c2ddd26feeb64f039a2c41296fcb3f5640,10787,48079115.11528909,21146.136686302583,102487003.28571428,0.05%,2273.65952601793
2026-08-17 00:00:00,uniswap_v3_0.05_ethusdt,0.5k-1k,0x11b815efb8f581194ae79006d24e0d814b7697f6,2211,1676758.1163332206,738.160932860986,8949635.714285715,0.05%,2271.534622991211
2026-08-17 00:00:00,uniswap_v3_0.05_ethusdt,100k+,0x11b815efb8f581194ae79006d24e0d814b7697f6,32,6453006.778352095,2831.389860394959,8949635.714285715,0.05%,2279.0951075356134
2026-08-17 00:00:00,uniswap_v3_0.05_ethusdt,10k-100k,0x11b815efb8f581194ae79006d24e0d814b7697f6,2718,61128303.23338717,27182.272774078825,8949635.714285715,0.05%,2248.8297333135247
2026-08-17 00:00:00,uniswap_v3_0.05_ethusdt,1k-10k,0x11b815efb8f581194ae79006d24e0d814b7697f6,15268,58341322.07631484,25919.499952902093,8949635.714285715,0.05%,2250.866034542561
2026-08-17 00:00:00,uniswap_v3_0.3_ethusdc,0.5k-1k,0x8ad599c3a0ff1de082011efddc58f1908eb6e6d8,139,112166.89850694574,52.123138545934076,29087383.57142857,0.3%,2151.959794364598
2026-08-17 00:00:00,uniswap_v3_0.3_ethusdc,100k+,0x8ad599c3a0ff1de082011efddc58f1908eb6e6d8,113,23113002.13619772,9528.210335942445,29087383.57142857,0.3%,2425.7443235704545
2026-08-17 00:00:00,uniswap_v3_0.3_ethusdc,10k-100k,0x8ad599c3a0ff1de082011efddc58f1908eb6e6d8,1083,32340816.382078156,13656.551618915166,29087383.57142857,0.3%,2368.15392967022
2026-08-17 00:00:00,uniswap_v3_0.3_ethusdc,1k-10k,0x8ad599c3a0ff1de082011efddc58f1908eb6e6d8,1056,4876602.082936874,2151.5030662950903,29087383.57142857,0.3%,2266.6024321938016
2026-08-17 00:00:00,uniswap_v3_0.3_ethusdt,0.5k-1k,0x4e68ccd3e89f51c3074ca5072bbac773960dfa36,288,209313.95802811877,89.25316491832412,96772071.28571428,0.3%,2345.1712689366555
2026-08-17 00:00:00,uniswap_v3_0.3_ethusdt,100k+,0x4e68ccd3e89f51c3074ca5072bbac773960dfa36,1067,363315849.65187716,155743.06776409782,96772071.28571428,0.3%,2332.789862610048
2026-08-17 00:00:00,uniswap_v3_0.3_ethusdt,10k-100k,0x4e68ccd3e89f51c3074ca5072bbac773960dfa36,1728,74113726.49711859,32440.793952107073,96772071.28571428,0.3%,2284.5842369497495
2026-08-17 00:00:00,uniswap_v3_0.3_ethusdt,1k-10k,0x4e68ccd3e89f51c3074ca5072bbac773960dfa36,1064,4761785.901421295,2093.9776891482725,96772071.28571428,0.3%,2274.0385086711003
2026-08-17 00:00:00,uniswap_v3_1.0_ethusdc,0.5k-1k,0x7bea39867e4169dbe237d55c8242a8f2fcdcc387,70,49790.46039339446,21.59849993419556,776968.2857142857,1%,2305.2740025970197
2026-08-17 00:00:00,uniswap_v3_1.0_ethusdc,1k-10k,0x7bea39867e4169dbe237d55c8242a8f2fcdcc387,57,130495.41171686468,58.271407630256334,776968.2857142857,1%,2239.441555022731
2026-08-24 00:00:00,curve_usdcwbtcweth,0.5k-1k,0x7f86bf177dd4f3494b841a37e810a34dd56c829b,2700,1816853.9324269963,546.0305853555079,296434.0,,3327.384914242642
2026-08-24 00:00:00,curve_usdcwbtcweth,10k-100k,0x7f86bf177dd4f3494b841a37e810a34dd56c829b,5,62581.70936542165,25.210695311275924,296434.0,,2482.347614483718
2026-08-24 00:00:00,curve_usdcwbtcweth,1k-10k,0x7f86bf177dd4f3494b841a37e810a34dd56c829b,1787,3498081.6662067096,968.2960035349222,296434.0,,3612.616032118684
2026-08-24 00:00:00,curve_usdt,0.5k-1k,0xf5f5b97624542d72a9e06f04804bf81baa15e2b4,224,161408.43521850524,45.22258921574339,13733469.57142857,,3569.199331963813
2026-08-24 00:00:00,curve_usdt,10k-100k,0xf5f5b97624542d72a9e06f04804bf81baa15e2b4,38,832620.7668496033,220.09146414982206,13733469.57142857,,3783.067053808213
2026-08-24 00:00:00,curve_usdt,1k-10k,0xf5f5b97624542d72a9e06f04804bf81baa15e2b4,534,1566974.2557661843,465.0888075429899,13733469.57142857,,3369.1936472183174
2026-08-24 00:00:00,curve_usdtwbtcweth,0.5k-1k,0xd51a44d3fae010294c616388b506acda1bfaae46,1987,1516875.3960212588,446.56378015625677,11496135.57142857,,3396.772115039178
2026-08-24 00:00:00,curve_usdtwbtcweth,10k-100k,0xd51a44d3fae010294c616388b506acda1bfaae46,136,1910403.874242444,623.9999407957882,11496135.57142857,,3061.5449607352566
2026-08-24 00:00:00,curve_usdtwbtcweth,1k-10k,0xd51a44d3fae010294c616388b506acda1bfaae46,5209,12643434.665984973,3812.7357496370128,11496135.57142857,,3316.1056774492376
2026-08-24 00:00:00,sushiv2_ethusdt,0.5k-1k,0x06da0fd433c1a5d7a4faa01111c044910a184553,34,21725.256476635866,8.768798993674148,619300.8571428572,,2477.5635172283646
2026-08-24 00:00:00,sushiv2_ethusdt,1k-10k,0x06da0fd433c1a5d7a4faa01111c044910a184553,3,3727.2353429497657,1.5034206152266463,619300.8571428572,,2479.17003744682
2026-08-24 00:00:00,sushiv2_usdceth,0.5k-1k,0x397ff1542f962076d0bfe58ea045ffa2d347aca0,3,1892.961375915677,0.7654809340380881,275732.14285714284,,2472.9046691337826
2026-08-24 00:00:00,uniswap_v3_0.01_ethusdc,0.5k-1k,0xe0554a476a092703abdb3ef35c80e0d76d32939f,18719,13837056.870490858,5593.939670728121,3748265.5714285714,0.01%,2473.579924877844
2026-08-24 00:00:00,uniswap_v3_0.01_ethusdc,100k+,0xe0554a476a092703abdb3ef35c80e0d76d32939f,285,86588280.73108956,35167.64092180745,3748265.5714285714,0.01%,2462.1577808876054
2026-08-24 00:00:00,uniswap_v3_0.01_ethusdc,10k-100k,0xe0554a476a092703abdb3ef35c80e0d76d32939f,2880,53812230.9620933,21722.803385721636,3748265.5714285714,0.01%,2477.2231284597456
2026-08-24 00:00:00,uniswap_v3_0.01_ethusdc,1k-10k,0xe0554a476a092703abdb3ef35c80e0d76d32939f,51298,157735097.84779212,63694.28341758344,3748265.5714285714,0.01%,2476.4404179519784
2026-08-24 00:00:00,uniswap_v3_0.01_ethusdt,0.5k-1k,0xc7bbec68d12a0d1830360f8ec58fa599ba1b0e9b,17422,12692370.550262641,5132.7992296594275,4018080.4285714286,0.01%,2472.7970026415405
2026-08-24 00:00:00,uniswap_v3_0.01_ethusdt,100k+,0xc7bbec68d12a0d1830360f8ec58fa599ba1b0e9b,90,22684259.289508358,9416.96814226345,4018080.4285714286,0.01%,2408.870768894414
2026-08-24 00:00:00,uniswap_v3_0.01_ethusdt,10k-100k,0xc7bbec68d12a0d1830360f8ec58fa599ba1b0e9b,483,13718131.529523354,5529.293438182976,4018080.4285714286,0.01%,2480.991772798981
2026-08-24 00:00:00,uniswap_v3_0.01_ethusdt,1k-10k,0xc7bbec68d12a0d1830360f8ec58fa599ba1b0e9b,24226,51479650.640726924,20730.042546287546,4018080.4285714286,0.01%,2483.3355033294997
2026-08-24 00:00:00,uniswap_v3_0.05_ethusdc,0.5k-1k,0x88e6a0c2ddd26feeb64f039a2c41296fcb3f5640,1900,1415842.2491414933,571.6511287689366,106256325.42857143,0.05%,2476.7592993134485
2026-08-24 00:00:00,uniswap_v3_0.05_ethusdc,100k+,0x88e6a0c2ddd26feeb64f039a2c41296fcb3f5640,819,148683891.779728,60021.17949342648,106256325.42857143,0.05%,2477.1904356863206
2026-08-24 00:00:00,uniswap_v3_0.05_ethusdc,10k-100k,0x88e6a0c2ddd26feeb64f039a2c41296fcb3f5640,10571,332044196.5538132,134019.55265443405,106256325.42857143,0.05%,2477.5802483834623
2026-08-24 00:00:00,uniswap_v3_0.05_ethusdc,1k-10k,0x88e6a0c2ddd26feeb64f039a2c41296fcb3f5640,10092,45937833.03611483,18560.937743673294,106256325.42857143,0.05%,2474.973714718334
2026-08-24 00:00:00,uniswap_v3_0.05_ethusdt,0.5k-1k,0x11b815efb8f581194ae79006d24e0d814b7697f6,1903,1441657.0266343572,583.0676362236441,9027323.285714285,0.05%,2472.5382392539254
2026-08-24 00:00:00,uniswap_v3_0.05_ethusdt,100k+,0x11b815efb8f581194ae79006d24e0d814b7697f6,14,2041589.6409594486,822.5245655217321,9027323.285714285,0.05%,2482.101722596524
2026-08-24 00:00:00,uniswap_v3_0.05_ethusdt,10k-100k,0x11b815efb8f581194ae79006d24e0d814b7697f6,1861,35058277.32272436,14114.681826622284,9027323.285714285,0.05%,2483.8163377228593
2026-08-24 00:00:00,uniswap_v3_0.05_ethusdt,1k-10k,0x11b815efb8f581194ae79006d24e0d814b7697f6,12555,47062300.01179979,18991.054629419712,9027323.285714285,0.05%,2478.12988431374
2026-08-24 00:00:00,uniswap_v3_0.3_ethusdc,0.5k-1k,0x8ad599c3a0ff1de082011efddc58f1908eb6e6d8,60,45343.97954836785,18.338248246787806,35138150.14285714,0.3%,2472.6450933671085
2026-08-24 00:00:00,uniswap_v3_0.3_ethusdc,100k+,0x8ad599c3a0ff1de082011efddc58f1908eb6e6d8,90,15387753.91803968,6217.57441206982,35138150.14285714,0.3%,2474.880539936654
2026-08-24 00:00:00,uniswap_v3_0.3_ethusdc,10k-100k,0x8ad599c3a0ff1de082011efddc58f1908eb6e6d8,1133,34638079.387197666,13984.111197377068,35138150.14285714,0.3%,2476.959665030021
2026-08-24 00:00:00,uniswap_v3_0.3_ethusdc,1k-10k,0x8ad599c3a0ff1de082011efddc58f1908eb6e6d8,691,3555047.7188809244,1437.3460793977515,35138150.14285714,0.3%,2473.3415075445787
2026-08-24 00:00:00,uniswap_v3_0.3_ethusdt,0.5k-1k,0x4e68ccd3e89f51c3074ca5072bbac773960dfa36,140,101658.6720832502,41.07462958608798,117137285.42857143,0.3%,2474.974774153097
2026-08-24 00:00:00,uniswap_v3_0.3_ethusdt,100k+,0x4e68ccd3e89f51c3074ca5072bbac773960dfa36,905,300080104.1250761,121188.07180649247,117137285.42857143,0.3%,2476.1521464276634
2026-08-24 00:00:00,uniswap_v3_0.3_ethusdt,10k-100k,0x4e68ccd3e89f51c3074ca5072bbac773960dfa36,1338,58229505.72135982,23524.43709326196,117137285.42857143,0.3%,2475.277325043341
2026-08-24 00:00:00,uniswap_v3_0.3_ethusdt,1k-10k,0x4e68ccd3e89f51c3074ca5072bbac773960dfa36,622,2972677.510343338,1201.5170553613705,117137285.42857143,0.3%,2474.1034653472066
2026-08-24 00:00:00,uniswap_v3_1.0_ethusdc,0.5k-1k,0x7bea39867e4169dbe237d55c8242a8f2fcdcc387,48,32803.02909037244,13.268062960374499,821219.5714285715,1%,2472.3299239941616
2026-08-24 00:00:00,uniswap_v3_1.0_ethusdc,1k-10k,0x7bea39867e4169dbe237d55c8242a8f2fcdcc387,23,36416.7035652305,14.751091444761325,821219.5714285715,1%,2468.746377283388
2026-08-31 00:00:00,curve_usdcwbtcweth,0.5k-1k,0x7f86bf177dd4f3494b841a37e810a34dd56c829b,2410,1621228.6681832979,496.8035961147587,296494.5714285714,,3263.31910811854
2026-08-31 00:00:00,curve_usdcwbtcweth,10k-100k,0x7f86bf177dd4f3494b841a37e810a34dd56c829b,6,97131.3389139961,30.56999469255953,296494.5714285714,,3177.342354515914
2026-08-31 00:00:00,curve_usdcwbtcweth,1k-10k,0x7f86bf177dd4f3494b841a37e810a34dd56c829b,1446,2806016.3784097065,802.8365640874065,296494.5714285714,,3495.12778058301
2026-08-31 00:00:00,curve_usdt,0.5k-1k,0xf5f5b97624542d72a9e06f04804bf81baa15e2b4,167,122474.75839572714,36.19221771992414,13709855.0,,3384.0081131116676
2026-08-31 00:00:00,curve_usdt,10k-100k,0xf5f5b97624542d72a9e06f04804bf81baa15e2b4,41,827243.6026414465,270.8406336947945,13709855.0,,3054.3555867383348
2026-08-31 00:00:00,curve_usdt,1k-10k,0xf5f5b97624542d72a9e06f04804bf81baa15e2b4,398,1037561.1853504252,292.83303829074333,13709855.0,,3543.1834857386148
2026-08-31 00:00:00,curve_usdtwbtcweth,0.5k-1k,0xd51a44d3fae010294c616388b506acda1bfaae46,1716,1312966.9716161124,423.4470147055465,11493506.857142856,,3100.6641351081757
2026-08-31 00:00:00,curve_usdtwbtcweth,10k-100k,0xd51a44d3fae010294c616388b506acda1bfaae46,87,1295994.3762869653,383.8163719647723,11493506.857142856,,3376.6000383274823
2026-08-31 00:00:00,curve_usdtwbtcweth,1k-10k,0xd51a44d3fae010294c616388b506acda1bfaae46,4029,9395282.138795543,2795.307758300623,11493506.857142856,,3361.0904240852906
2026-08-31 00:00:00,sushiv2_ethusdt,0.5k-1k,0x06da0fd433c1a5d7a4faa01111c044910a184553,20,13563.53323836523,5.503525777368291,618230.4285714285,,2464.5170726993706
2026-08-31 00:00:00,sushiv2_ethusdt,1k-10k,0x06da0fd433c1a5d7a4faa01111c044910a184553,44,101864.47597054025,41.40960302574867,618230.4285714285,,2459.9239917175846
2026-08-31 00:00:00,sushiv2_usdceth,0.5k-1k,0x397ff1542f962076d0bfe58ea045ffa2d347aca0,1,583.28265817854,0.23273164711049352,275187.4285714286,,2506.245564023427
2026-08-31 00:00:00,sushiv2_usdceth,1k-10k,0x397ff1542f962076d0bfe58ea045ffa2d347aca0,1,1028.100987275175,0.4181455502848718,275187.4285714286,,2458.7155993284064
2026-08-31 00:00:00,uniswap_v3_0.01_ethusdc,0.5k-1k,0xe0554a476a092703abdb3ef35c80e0d76d32939f,16444,12049602.31657061,4907.6002022398625,3590774.1428571427,0.01%,2455.2942008338596
2026-08-31 00:00:00,uniswap_v3_0.01_ethusdc,100k+,0xe0554a476a092703abdb3ef35c80e0d76d32939f,194,54702585.17898409,22309.51723970886,3590774.1428571427,0.01%,2451.984262645477
2026-08-31 00:00:00,uniswap_v3_0.01_ethusdc,10k-100k,0xe0554a476a092703abdb3ef35c80e0d76d32939f,2415,48220787.21666465,19616.81537763668,3590774.1428571427,0.01%,2458.13534400883
2026-08-31 00:00:00,uniswap_v3_0.01_ethusdc,1k-10k,0xe0554a476a092703abdb3ef35c80e0d76d32939f,48057,148537842.2077965,60578.73113093946,3590774.1428571427,0.01%,2451.9800833519535
2026-08-31 00:00:00,uniswap_v3_0.01_ethusdt,0.5k-1k,0xc7bbec68d12a0d1830360f8ec58fa599ba1b0e9b,16375,11790831.822562544,4805.027350108906,3663831.0,0.01%,2453.8532173589615
2026-08-31 00:00:00,uniswap_v3_0.01_ethusdt,100k+,0xc7bbec68d12a0d1830360f8ec58fa599ba1b0e9b,107,24652532.76812858,10263.947048720467,3663831.0,0.01%,2401.856970920542
2026-08-31 00:00:00,uniswap_v3_0.01_ethusdt,10k-100k,0xc7bbec68d12a0d1830360f8ec58fa599ba1b0e9b,453,13727378.406578366,5600.253311939059,3663831.0,0.01%,2451.2066940460113
2026-08-31 00:00:00,uniswap_v3_0.01_ethusdt,1k-10k,0xc7bbec68d12a0d1830360f8ec58fa599ba1b0e9b,18952,38498047.279987335,15695.9253362614,3663831.0,0.01%,2452.741488967681
2026-08-31 00:00:00,uniswap_v3_0.05_ethusdc,0.5k-1k,0x88e6a0c2ddd26feeb64f039a2c41296fcb3f5640,2364,1755474.4774811172,712.6765945628699,105059050.14285715,0.05%,2463.213315652469
2026-08-31 00:00:00,uniswap_v3_0.05_ethusdc,100k+,0x88e6a0c2ddd26feeb64f039a2c41296fcb3f5640,656,116287030.97131754,47215.69536898777,105059050.14285715,0.05%,2462.8893011644013
2026-08-31 00:00:00,uniswap_v3_0.05_ethusdc,10k-100k,0x88e6a0c2ddd26feeb64f039a2c41296fcb3f5640,9859,302112500.79711306,123233.23018805495,105059050.14285715,0.05%,2451.5506112765756
2026-08-31 00:00:00,uniswap_v3_0.05_ethusdc,1k-10k,0x88e6a0c2ddd26feeb64f039a2c41296fcb3f5640,10679,47927330.99948984,19552.18662464767,105059050.14285715,0.05%,2451.2517151954858
2026-08-31 00:00:00,uniswap_v3_0.05_ethusdt,0.5k-1k,0x11b815efb8f581194ae79006d24e0d814b7697f6,1985,1494528.2222605036,624.1294394925187,8402715.42857143,0.05%,2394.580559243782
2026-08-31 00:00:00,uniswap_v3_0.05_ethusdt,100k+,0x11b815efb8f581194ae79006d24e0d814b7697f6,31,23761551.51491357,9569.203504019377,8402715.42857143,0.05%,2483.127410231473
2026-08-31 00:00:00,uniswap_v3_0.05_ethusdt,10k-100k,0x11b815efb8f581194ae79006d24e0d814b7697f6,1052,20863910.747164182,8475.025623043124,8402715.42857143,0.05%,2461.8109342863067
2026-08-31 00:00:00,uniswap_v3_0.05_ethusdt,1k-10k,0x11b815efb8f581194ae79006d24e0d814b7697f6,11123,37708892.902866356,15369.12072558845,8402715.42857143,0.05%,2453.5491376604155
2026-08-31 00:00:00,uniswap_v3_0.3_ethusdc,0.5k-1k,0x8ad599c3a0ff1de082011efddc58f1908eb6e6d8,70,50514.82481921818,20.623065083944955,30283485.285714287,0.3%,2449.433419018977
2026-08-31 00:00:00,uniswap_v3_0.3_ethusdc,100k+,0x8ad599c3a0ff1de082011efddc58f1908eb6e6d8,46,8150856.784984702,3301.259120772704,30283485.285714287,0.3%,2469.014544691931
2026-08-31 00:00:00,uniswap_v3_0.3_ethusdc,10k-100k,0x8ad599c3a0ff1de082011efddc58f1908eb6e6d8,835,22439606.01528368,9148.627508475616,30283485.285714287,0.3%,2452.783873263484
2026-08-31 00:00:00,uniswap_v3_0.3_ethusdc,1k-10k,0x8ad599c3a0ff1de082011efddc58f1908eb6e6d8,853,4115953.5293140137,1683.7969360036268,30283485.285714287,0.3%,2444.4476892106354
2026-08-31 00:00:00,uniswap_v3_0.3_ethusdt,0.5k-1k,0x4e68ccd3e89f51c3074ca5072bbac773960dfa36,158,118513.3757878698,48.27957828397092,109644766.42857143,0.3%,2454.7309649392046
2026-08-31 00:00:00,uniswap_v3_0.3_ethusdt,100k+,0x4e68ccd3e89f51c3074ca5072bbac773960dfa36,705,193526050.36177272,79074.41856190303,109644766.42857143,0.3%,2447.3913799349884
2026-08-31 00:00:00,uniswap_v3_0.3_ethusdt,10k-100k,0x4e68ccd3e89f51c3074ca5072bbac773960dfa36,1206,52277188.9557385,21383.06939985462,109644766.42857143,0.3%,2444.7934942442794
2026-08-31 00:00:00,uniswap_v3_0.3_ethusdt,1k-10k,0x4e68ccd3e89f51c3074ca5072bbac773960dfa36,699,3285911.716071257,1345.5852758086917,109644766.42857143,0.3%,2441.9944058145525
2026-08-31 00:00:00,uniswap_v3_1.0_ethusdc,0.5k-1k,0x7bea39867e4169dbe237d55c8242a8f2fcdcc387,36,24839.99749911306,10.16592935346545,652860.3333333334,1%,2443.455648316638
2026-08-31 00:00:00,uniswap_v3_1.0_ethusdc,1k-10k,0x7bea39867e4169dbe237d55c8242a8f2fcdcc387,7,11353.532853491932,4.592289148618509,652860.3333333334,1%,2472.3035693228067
2026-09-07 00:00:00,curve_usdcwbtcweth,0.5k-1k,0x7f86bf177dd4f3494b841a37e810a34dd56c829b,2412,1616127.7908654977,499.14162677563627,296146.71428571426,,3237.8140875674667
2026-09-07 00:00:00,curve_usdcwbtcweth,10k-100k,0x7f86bf177dd4f3494b841a37e810a34dd56c829b,6,94532.14220665679,27.202457376053992,296146.71428571426,,3475.132444830971
2026-09-07 00:00:00,curve_usdcwbtcweth,1k-10k,0x7f86bf177dd4f3494b841a37e810a34dd56c829b,1486,2940896.6261450546,906.4132651651723,296146.71428571426,,3244.5427920884918
2026-09-07 00:00:00,curve_usdt,0.5k-1k,0xf5f5b97624542d72a9e06f04804bf81baa15e2b4,224,159370.40333627397,51.36927567102091,13677370.714285715,,3102.4459904187443
2026-09-07 00:00:00,curve_usdt,10k-100k,0xf5f5b97624542d72a9e06f04804bf81baa15e2b4,35,831908.2783029302,303.6867214452404,13677370.714285715,,2739.3633621644426
2026-09-07 00:00:00,curve_usdt,1k-10k,0xf5f5b97624542d72a9e06f04804bf81baa15e2b4,405,1148645.7378457708,363.7096170622102,13677370.714285715,,3158.1395815808255
2026-09-07 00:00:00,curve_usdtwbtcweth,0.5k-1k,0xd51a44d3fae010294c616388b506acda1bfaae46,1760,1338279.296117571,432.52826758903905,11478994.0,,3094.0851648316293
2026-09-07 00:00:00,curve_usdtwbtcweth,10k-100k,0xd51a44d3fae010294c616388b506acda1bfaae46,116,1986165.6708736385,686.1275576114109,11478994.0,,2894.746973562758
2026-09-07 00:00:00,curve_usdtwbtcweth,1k-10k,0xd51a44d3fae010294c616388b506acda1bfaae46,4084,9840866.160079403,3090.5593616970214,11478994.0,,3184.169921484957
2026-09-07 00:00:00,sushiv2_ethusdt,0.5k-1k,0x06da0fd433c1a5d7a4faa01111c044910a184553,25,16339.765528170628,6.398385932593569,622334.8571428572,,2553.7324100653846
2026-09-07 00:00:00,sushiv2_ethusdt,1k-10k,0x06da0fd433c1a5d7a4faa01111c044910a184553,6,14501.296584536653,5.78632072325903,622334.8571428572,,2506.1342566523144
2026-09-07 00:00:00,sushiv2_usdceth,0.5k-1k,0x397ff1542f962076d0bfe58ea045ffa2d347aca0,10,7943.998912225502,3.1957882512375573,276884.5714285714,,2485.7713614627683
2026-09-07 00:00:00,sushiv2_usdceth,1k-10k,0x397ff1542f962076d0bfe58ea045ffa2d347aca0,2,5709.054285052737,2.3449601083860583,276884.5714285714,,2434.6061430367145
2026-09-07 00:00:00,uniswap_v3_0.01_ethusdc,0.5k-1k,0xe0554a476a092703abdb3ef35c80e0d76d32939f,15850,11629649.49122681,4660.354100772871,3515752.714285714,0.01%,2495.4433160557805
2026-09-07 00:00:00,uniswap_v3_0.01_ethusdc,100k+,0xe0554a476a092703abdb3ef35c80e0d76d32939f,175,51969995.51259945,20813.43811421639,3515752.714285714,0.01%,2496.9442927885093
2026-09-07 00:00:00,uniswap_v3_0.01_ethusdc,10k-100k,0xe0554a476a092703abdb3ef35c80e0d76d32939f,2381,44269317.98050779,17692.479438349474,3515752.714285714,0.01%,2502.1545529990262
2026-09-07 00:00:00,uniswap_v3_0.01_ethusdc,1k-10k,0xe0554a476a092703abdb3ef35c80e0d76d32939f,40897,124716593.08941945,50028.94663602035,3515752.714285714,0.01%,2492.8886469823196
2026-09-07 00:00:00,uniswap_v3_0.01_ethusdt,0.5k-1k,0xc7bbec68d12a0d1830360f8ec58fa599ba1b0e9b,15282,11072576.468516191,4443.16969168541,3622222.0,0.01%,2492.0444720435776
2026-09-07 00:00:00,uniswap_v3_0.01_ethusdt,100k+,0xc7bbec68d12a0d1830360f8ec58fa599ba1b0e9b,137,30582375.085515246,12371.716918646358,3622222.0,0.01%,2471.958846667613
2026-09-07 00:00:00,uniswap_v3_0.01_ethusdt,10k-100k,0xc7bbec68d12a0d1830360f8ec58fa599ba1b0e9b,427,12749124.772513535,5108.215168738367,3622222.0,0.01%,2495.808095660608
2026-09-07 00:00:00,uniswap_v3_0.01_ethusdt,1k-10k,0xc7bbec68d12a0d1830360f8ec58fa599ba1b0e9b,16972,34532996.699311085,13826.656763536843,3622222.0,0.01%,2497.566641733687
2026-09-07 00:00:00,uniswap_v3_0.05_ethusdc,0.5k-1k,0x88e6a0c2ddd26feeb64f039a2c41296fcb3f5640,2844,2067364.9698549923,827.3417127826667,105791456.57142857,0.05%,2498.8042279430742
2026-09-07 00:00:00,uniswap_v3_0.05_ethusdc,100k+,0x88e6a0c2ddd26feeb64f039a2c41296fcb3f5640,807,160074313.96425802,63743.23175779715,105791456.57142857,0.05%,2511.2362450100836
2026-09-07 00:00:00,uniswap_v3_0.05_ethusdc,10k-100k,0x88e6a0c2ddd26feeb64f039a2c41296fcb3f5640,8716,277279151.7603756,111095.01543158256,105791456.57142857,0.05%,2495.8739209243545
2026-09-07 00:00:00,uniswap_v3_0.05_ethusdc,1k-10k,0x88e6a0c2ddd26feeb64f039a2c41296fcb3f5640,9503,40294884.711002186,16157.885483307922,105791456.57142857,0.05%,2493.821654611258
2026-09-07 00:00:00,uniswap_v3_0.05_ethusdt,0.5k-1k,0x11b815efb8f581194ae79006d24e0d814b7697f6,1873,1413846.231243332,567.3606398053262,8329397.285714285,0.05%,2491.970947664705
2026-09-07 00:00:00,uniswap_v3_0.05_ethusdt,100k+,0x11b815efb8f581194ae79006d24e0d814b7697f6,7,802575.1685805671,321.39774798280973,8329397.285714285,0.05%,2497.1399881230454
2026-09-07 00:00:00,uniswap_v3_0.05_ethusdt,10k-100k,0x11b815efb8f581194ae79006d24e0d814b7697f6,1206,23849015.9913581,9504.705818795064,8329397.285714285,0.05%,2509.179815349772
2026-09-07 00:00:00,uniswap_v3_0.05_ethusdt,1k-10k,0x11b815efb8f581194ae79006d24e0d814b7697f6,9991,34590046.3170854,13865.720936209525,8329397.285714285,0.05%,2494.6446330645167
2026-09-07 00:00:00,uniswap_v3_0.3_ethusdc,0.5k-1k,0x8ad599c3a0ff1de082011efddc58f1908eb6e6d8,94,67706.14722668931,27.16450488688029,31603005.57142857,0.3%,2492.449154094081
2026-09-07 00:00:00,uniswap_v3_0.3_ethusdc,100k+,0x8ad599c3a0ff1de082011efddc58f1908eb6e6d8,54,10791754.195966594,4308.4053208234,31603005.57142857,0.3%,2504.81405354502
2026-09-07 00:00:00,uniswap_v3_0.3_ethusdc,10k-100k,0x8ad599c3a0ff1de082011efddc58f1908eb6e6d8,941,28196542.771636125,11300.081889725101,31603005.57142857,0.3%,2495.251189044442
2026-09-07 00:00:00,uniswap_v3_0.3_ethusdc,1k-10k,0x8ad599c3a0ff1de082011efddc58f1908eb6e6d8,733,3808840.1091147605,1530.6755338383591,31603005.57142857,0.3%,2488.3393148406967
2026-09-07 00:00:00,uniswap_v3_0.3_ethusdt,0.5k-1k,0x4e68ccd3e89f51c3074ca5072bbac773960dfa36,198,147539.70109827016,59.56332318551114,110416582.0,0.3%,2477.022657697504
2026-09-07 00:00:00,uniswap_v3_0.3_ethusdt,100k+,0x4e68ccd3e89f51c3074ca5072bbac773960dfa36,700,207540873.8356514,83109.53770659487,110416582.0,0.3%,2497.196826775066
2026-09-07 00:00:00,uniswap_v3_0.3_ethusdt,10k-100k,0x4e68ccd3e89f51c3074ca5072bbac773960dfa36,1235,51896532.56592516,20850.881354145127,110416582.0,0.3%,2488.9371189869726
2026-09-07 00:00:00,uniswap_v3_0.3_ethusdt,1k-10k,0x4e68ccd3e89f51c3074ca5072bbac773960dfa36,906,4461198.254645211,1787.813112664155,110416582.0,0.3%,2495.338144151568
2026-09-07 00:00:00,uniswap_v3_1.0_ethusdc,0.5k-1k,0x7bea39867e4169dbe237d55c8242a8f2fcdcc387,40,26633.703812123786,10.667051300077873,656984.5555555555,1%,2496.819698610557
2026-09-07 00:00:00,uniswap_v3_1.0_ethusdc,1k-10k,0x7bea39867e4169dbe237d55c8242a8f2fcdcc387,17,24523.252388329107,9.650004880943442,656984.5555555555,1%,2541.2683921804987
2026-09-14 00:00:00,curve_usdcwbtcweth,0.5k-1k,0x7f86bf177dd4f3494b841a37e810a34dd56c829b,1579,1085604.3521534535,348.1290951801639,292929.0,,3118.395926061943
2026-09-14 00:00:00,curve_usdcwbtcweth,10k-100k,0x7f86bf177dd4f3494b841a37e810a34dd56c829b,13,175215.57579583087,9.63747964103802,292929.0,,18180.64289855755
2026-09-14 00:00:00,curve_usdcwbtcweth,1k-10k,0x7f86bf177dd4f3494b841a37e810a34dd56c829b,1516,3519610.192134281,1049.7919874489453,292929.0,,3352.673895603962
2026-09-14 00:00:00,curve_usdt,0.5k-1k,0xf5f5b97624542d72a9e06f04804bf81baa15e2b4,106,80730.81240545161,23.95193025894517,13521175.5,,3370.534714015444
2026-09-14 00:00:00,curve_usdt,10k-100k,0xf5f5b97624542d72a9e06f04804bf81baa15e2b4,8,177283.03400402627,71.82212637975293,13521175.5,,2468.3623688145685
2026-09-14 00:00:00,curve_usdt,1k-10k,0xf5f5b97624542d72a9e06f04804bf81baa15e2b4,269,677237.6229338812,212.92927645276194,13521175.5,,3180.575420234077
2026-09-14 00:00:00,curve_usdtwbtcweth,0.5k-1k,0xd51a44d3fae010294c616388b506acda1bfaae46,1090,797895.6421828016,263.1948380716381,11350216.75,,3031.577853231396
2026-09-14 00:00:00,curve_usdtwbtcweth,10k-100k,0xd51a44d3fae010294c616388b506acda1bfaae46,28,395681.56076808966,125.12249176010906,11350216.75,,3162.353588087981
2026-09-14 00:00:00,curve_usdtwbtcweth,1k-10k,0xd51a44d3fae010294c616388b506acda1bfaae46,1508,3302882.7429713183,1086.6918020125559,11350216.75,,3039.3923436749697
2026-09-14 00:00:00,sushiv2_ethusdt,0.5k-1k,0x06da0fd433c1a5d7a4faa01111c044910a184553,23,13725.033450262426,5.624112811008069,616078.75,,2440.390851228737
2026-09-14 00:00:00,sushiv2_ethusdt,1k-10k,0x06da0fd433c1a5d7a4faa01111c044910a184553,1,2652.961992340528,1.1044459933154511,616078.75,,2402.074894016833
2026-09-14 00:00:00,sushiv2_usdceth,0.5k-1k,0x397ff1542f962076d0bfe58ea045ffa2d347aca0,2,1128.8825405734337,0.4710929233423146,274112.75,,2396.305451935527
2026-09-14 00:00:00,sushiv2_usdceth,1k-10k,0x397ff1542f962076d0bfe58ea045ffa2d347aca0,1,1240.1330843865271,0.5161227488009094,274112.75,,2402.787103005412
2026-09-14 00:00:00,uniswap_v3_0.01_ethusdc,0.5k-1k,0xe0554a476a092703abdb3ef35c80e0d76d32939f,8524,6223779.449916491,2539.501021975775,3333359.5,0.01%,2450.7883226108274
2026-09-14 00:00:00,uniswap_v3_0.01_ethusdc,100k+,0xe0554a476a092703abdb3ef35c80e0d76d32939f,97,29603379.96624481,12215.16408438809,3333359.5,0.01%,2423.494253677704
2026-09-14 00:00:00,uniswap_v3_0.01_ethusdc,10k-100k,0xe0554a476a092703abdb3ef35c80e0d76d32939f,1662,31284036.282730356,12812.411933268315,3333359.5,0.01%,2441.6976636147006
2026-09-14 00:00:00,uniswap_v3_0.01_ethusdc,1k-10k,0xe0554a476a092703abdb3ef35c80e0d76d32939f,24596,80129518.87314977,32704.768037400572,3333359.5,0.01%,2450.086751311464
2026-09-14 00:00:00,uniswap_v3_0.01_ethusdt,0.5k-1k,0xc7bbec68d12a0d1830360f8ec58fa599ba1b0e9b,8274,6084640.446205346,2483.1571451578966,3650747.75,0.01%,2450.3646328103982
2026-09-14 00:00:00,uniswap_v3_0.01_ethusdt,100k+,0xc7bbec68d12a0d1830360f8ec58fa599ba1b0e9b,78,21867933.052517988,9121.68036160977,3650747.75,0.01%,2397.357963183309
2026-09-14 00:00:00,uniswap_v3_0.01_ethusdt,10k-100k,0xc7bbec68d12a0d1830360f8ec58fa599ba1b0e9b,274,7596117.558255373,3104.106621858911,3650747.75,0.01%,2447.118763499946
2026-09-14 00:00:00,uniswap_v3_0.01_ethusdt,1k-10k,0xc7bbec68d12a0d1830360f8ec58fa599ba1b0e9b,12211,26681954.93555799,10890.72007920676,3650747.75,0.01%,2449.9716034847725
2026-09-14 00:00:00,uniswap_v3_0.05_ethusdc,0.5k-1k,0x88e6a0c2ddd26feeb64f039a2c41296fcb3f5640,977,711885.9672096211,289.87004441730585,104966857.25,0.05%,2455.879732728671
2026-09-14 00:00:00,uniswap_v3_0.05_ethusdc,100k+,0x88e6a0c2ddd26feeb64f039a2c41296fcb3f5640,671,118714775.70275062,48678.44820894266,104966857.25,0.05%,2438.75431676028
2026-09-14 00:00:00,uniswap_v3_0.05_ethusdc,10k-100k,0x88e6a0c2ddd26feeb64f039a2c41296fcb3f5640,6227,210746984.77430376,86019.67409580109,104966857.25,0.05%,2449.9858548591155
2026-09-14 00:00:00,uniswap_v3_0.05_ethusdc,1k-10k,0x88e6a0c2ddd26feeb64f039a2c41296fcb3f5640,5054,23043647.801617753,9413.589162858336,104966857.25,0.05%,2447.913054516689
2026-09-14 00:00:00,uniswap_v3_0.05_ethusdt,0.5k-1k,0x11b815efb8f581194ae79006d24e0d814b7697f6,958,730027.6007852938,298.2550947109836,8125146.0,0.05%,2447.66179599617
2026-09-14 00:00:00,uniswap_v3_0.05_ethusdt,100k+,0x11b815efb8f581194ae79006d24e0d814b7697f6,20,2363906.55806607,977.2118852238659,8125146.0,0.05%,2419.031730794526
2026-09-14 00:00:00,uniswap_v3_0.05_ethusdt,10k-100k,0x11b815efb8f581194ae79006d24e0d814b7697f6,770,14546714.420771915,5937.478850891816,8125146.0,0.05%,2449.98168180203
2026-09-14 00:00:00,uniswap_v3_0.05_ethusdt,1k-10k,0x11b815efb8f581194ae79006d24e0d814b7697f6,6455,23067447.776649244,9407.466256228257,8125146.0,0.05%,2452.0361963963815
2026-09-14 00:00:00,uniswap_v3_0.3_ethusdc,0.5k-1k,0x8ad599c3a0ff1de082011efddc58f1908eb6e6d8,28,19356.59035849999,7.925488681443493,31727380.25,0.3%,2442.321367996013
2026-09-14 00:00:00,uniswap_v3_0.3_ethusdc,100k+,0x8ad599c3a0ff1de082011efddc58f1908eb6e6d8,36,6431507.741643888,2616.5790133128507,31727380.25,0.3%,2457.9833855278675
2026-09-14 00:00:00,uniswap_v3_0.3_ethusdc,10k-100k,0x8ad599c3a0ff1de082011efddc58f1908eb6e6d8,715,21739503.707412623,8852.775182013276,31727380.25,0.3%,2455.671047829397
2026-09-14 00:00:00,uniswap_v3_0.3_ethusdc,1k-10k,0x8ad599c3a0ff1de082011efddc58f1908eb6e6d8,568,3074023.970680814,1255.3900734244025,31727380.25,0.3%,2448.660409027781
2026-09-14 00:00:00,uniswap_v3_0.3_ethusdt,0.5k-1k,0x4e68ccd3e89f51c3074ca5072bbac773960dfa36,85,65282.841537302535,26.403647977289594,111072677.5,0.3%,2472.4932552294995
2026-09-14 00:00:00,uniswap_v3_0.3_ethusdt,100k+,0x4e68ccd3e89f51c3074ca5072bbac773960dfa36,609,177743647.63248733,72851.05709156313,111072677.5,0.3%,2439.8224916501836
2026-09-14 00:00:00,uniswap_v3_0.3_ethusdt,10k-100k,0x4e68ccd3e89f51c3074ca5072bbac773960dfa36,840,38219619.33736685,15567.632820221239,111072677.5,0.3%,2455.0694237676457
2026-09-14 00:00:00,uniswap_v3_0.3_ethusdt,1k-10k,0x4e68ccd3e89f51c3074ca5072bbac773960dfa36,376,1794142.0811832706,730.4947704775175,111072677.5,0.3%,2456.0642371340414
2026-09-14 00:00:00,uniswap_v3_1.0_ethusdc,0.5k-1k,0x7bea39867e4169dbe237d55c8242a8f2fcdcc387,40,25654.031040446924,10.394939857351794,816734.5,1%,2467.9345328105173
2026-09-14 00:00:00,uniswap_v3_1.0_ethusdc,1k-10k,0x7bea39867e4169dbe237d55c8242a8f2fcdcc387,9,13597.802029728382,5.569538378280091,816734.5,1%,2441.4594363433525
